ISO-10303-21;
HEADER;
FILE_DESCRIPTION(('Open CASCADE Model'),'2;1');
FILE_NAME('Open CASCADE Shape Model','2026-09-23T15:25:42',('Author'),(
    'Open CASCADE'),'Open CASCADE STEP processor 7.9','Open CASCADE 7.9'
  ,'Unknown');
FILE_SCHEMA(('AUTOMOTIVE_DESIGN { 1 0 10303 214 1 1 1 1 }'));
ENDSEC;
DATA;
#1 = APPLICATION_PROTOCOL_DEFINITION('international standard',
  'automotive_design',2000,#2);
#2 = APPLICATION_CONTEXT(
  'core data for automotive mechanical design processes');
#3 = SHAPE_DEFINITION_REPRESENTATION(#4,#10);
#4 = PRODUCT_DEFINITION_SHAPE('','',#5);
#5 = PRODUCT_DEFINITION('design','',#6,#9);
#6 = PRODUCT_DEFINITION_FORMATION('','',#7);
#7 = PRODUCT('Open CASCADE STEP translator 7.9 3',
  'Open CASCADE STEP translator 7.9 3','',(#8));
#8 = PRODUCT_CONTEXT('',#2,'mechanical');
#9 = PRODUCT_DEFINITION_CONTEXT('part definition',#2,'design');
#10 = ADVANCED_BREP_SHAPE_REPRESENTATION('',(#11,#15),#5117);
#11 = AXIS2_PLACEMENT_3D('',#12,#13,#14);
#12 = CARTESIAN_POINT('',(0.,0.,0.));
#13 = DIRECTION('',(0.,0.,1.));
#14 = DIRECTION('',(1.,0.,-0.));
#15 = MANIFOLD_SOLID_BREP('',#16);
#16 = CLOSED_SHELL('',(#17,#134,#1372,#1419,#1565,#1694,#1741,#1767,
    #1814,#1840,#1887,#1913,#1960,#2063,#2110,#2157,#2281,#2328,#2375,
    #2422,#2469,#2516,#2563,#2610,#2657,#2782,#2808,#2881,#2928,#2975,
    #3022,#3069,#3116,#3163,#3210,#3257,#3304,#3351,#3398,#3445,#3492,
    #3539,#3586,#3633,#3680,#3727,#3774,#3821,#3868,#3915,#3941,#4053,
    #4064,#4075,#4086,#4144,#4199,#4517,#4591,#4640,#4689,#4736,#4785,
    #4834,#4881,#4930,#4979,#5026,#5075,#5102));
#17 = ADVANCED_FACE('',(#18),#32,.T.);
#18 = FACE_BOUND('',#19,.T.);
#19 = EDGE_LOOP('',(#20,#55,#82,#109));
#20 = ORIENTED_EDGE('',*,*,#21,.T.);
#21 = EDGE_CURVE('',#22,#24,#26,.T.);
#22 = VERTEX_POINT('',#23);
#23 = CARTESIAN_POINT('',(9.1,11.6,15.));
#24 = VERTEX_POINT('',#25);
#25 = CARTESIAN_POINT('',(9.00211303259,12.21803398875,15.));
#26 = SURFACE_CURVE('',#27,(#31,#43),.PCURVE_S1.);
#27 = LINE('',#28,#29);
#28 = CARTESIAN_POINT('',(9.1,11.6,15.));
#29 = VECTOR('',#30,1.);
#30 = DIRECTION('',(-0.15643446504,0.987688340595,0.));
#31 = PCURVE('',#32,#37);
#32 = B_SPLINE_SURFACE_WITH_KNOTS('',1,1,(
    (#33,#34)
    ,(#35,#36
    )),.UNSPECIFIED.,.F.,.F.,.F.,(2,2),(2,2),(0.,0.625737860161),(0.,1.)
  ,.PIECEWISE_BEZIER_KNOTS.);
#33 = CARTESIAN_POINT('',(9.1,11.6,15.));
#34 = CARTESIAN_POINT('',(6.6,10.4,23.8));
#35 = CARTESIAN_POINT('',(9.00211303259,12.21803398875,15.));
#36 = CARTESIAN_POINT('',(6.541267819554,10.77082039325,23.8));
#37 = DEFINITIONAL_REPRESENTATION('',(#38),#42);
#38 = LINE('',#39,#40);
#39 = CARTESIAN_POINT('',(0.,0.));
#40 = VECTOR('',#41,1.);
#41 = DIRECTION('',(1.,0.));
#42 = ( GEOMETRIC_REPRESENTATION_CONTEXT(2) 
PARAMETRIC_REPRESENTATION_CONTEXT() REPRESENTATION_CONTEXT('2D SPACE',''
  ) );
#43 = PCURVE('',#44,#49);
#44 = PLANE('',#45);
#45 = AXIS2_PLACEMENT_3D('',#46,#47,#48);
#46 = CARTESIAN_POINT('',(9.1,11.6,15.));
#47 = DIRECTION('',(-0.,0.,-1.));
#48 = DIRECTION('',(-0.757090546614,-0.6533099603,0.));
#49 = DEFINITIONAL_REPRESENTATION('',(#50),#54);
#50 = LINE('',#51,#52);
#51 = CARTESIAN_POINT('',(0.,0.));
#52 = VECTOR('',#53,1.);
#53 = DIRECTION('',(-0.526831575937,0.849969699811));
#54 = ( GEOMETRIC_REPRESENTATION_CONTEXT(2) 
PARAMETRIC_REPRESENTATION_CONTEXT() REPRESENTATION_CONTEXT('2D SPACE',''
  ) );
#55 = ORIENTED_EDGE('',*,*,#56,.T.);
#56 = EDGE_CURVE('',#24,#57,#59,.T.);
#57 = VERTEX_POINT('',#58);
#58 = CARTESIAN_POINT('',(6.541267819554,10.77082039325,23.8));
#59 = SURFACE_CURVE('',#60,(#63,#70),.PCURVE_S1.);
#60 = B_SPLINE_CURVE_WITH_KNOTS('',1,(#61,#62),.UNSPECIFIED.,.F.,.F.,(2,
    2),(0.,1.),.PIECEWISE_BEZIER_KNOTS.);
#61 = CARTESIAN_POINT('',(9.00211303259,12.21803398875,15.));
#62 = CARTESIAN_POINT('',(6.541267819554,10.77082039325,23.8));
#63 = PCURVE('',#32,#64);
#64 = DEFINITIONAL_REPRESENTATION('',(#65),#69);
#65 = LINE('',#66,#67);
#66 = CARTESIAN_POINT('',(0.625737860161,0.));
#67 = VECTOR('',#68,1.);
#68 = DIRECTION('',(0.,1.));
#69 = ( GEOMETRIC_REPRESENTATION_CONTEXT(2) 
PARAMETRIC_REPRESENTATION_CONTEXT() REPRESENTATION_CONTEXT('2D SPACE',''
  ) );
#70 = PCURVE('',#71,#76);
#71 = B_SPLINE_SURFACE_WITH_KNOTS('',1,1,(
    (#72,#73)
    ,(#74,#75
    )),.UNSPECIFIED.,.F.,.F.,.F.,(2,2),(2,2),(0.,0.625737860161),(0.,1.)
  ,.PIECEWISE_BEZIER_KNOTS.);
#72 = CARTESIAN_POINT('',(9.00211303259,12.21803398875,15.));
#73 = CARTESIAN_POINT('',(6.541267819554,10.77082039325,23.8));
#74 = CARTESIAN_POINT('',(8.71803398875,12.775570504585,15.));
#75 = CARTESIAN_POINT('',(6.37082039325,11.105342302751,23.8));
#76 = DEFINITIONAL_REPRESENTATION('',(#77),#81);
#77 = LINE('',#78,#79);
#78 = CARTESIAN_POINT('',(0.,0.));
#79 = VECTOR('',#80,1.);
#80 = DIRECTION('',(0.,1.));
#81 = ( GEOMETRIC_REPRESENTATION_CONTEXT(2) 
PARAMETRIC_REPRESENTATION_CONTEXT() REPRESENTATION_CONTEXT('2D SPACE',''
  ) );
#82 = ORIENTED_EDGE('',*,*,#83,.F.);
#83 = EDGE_CURVE('',#84,#57,#86,.T.);
#84 = VERTEX_POINT('',#85);
#85 = CARTESIAN_POINT('',(6.6,10.4,23.8));
#86 = SURFACE_CURVE('',#87,(#91,#97),.PCURVE_S1.);
#87 = LINE('',#88,#89);
#88 = CARTESIAN_POINT('',(6.6,10.4,23.8));
#89 = VECTOR('',#90,1.);
#90 = DIRECTION('',(-0.15643446504,0.987688340595,0.));
#91 = PCURVE('',#32,#92);
#92 = DEFINITIONAL_REPRESENTATION('',(#93),#96);
#93 = B_SPLINE_CURVE_WITH_KNOTS('',1,(#94,#95),.UNSPECIFIED.,.F.,.F.,(2,
    2),(0.,0.375442716097),.PIECEWISE_BEZIER_KNOTS.);
#94 = CARTESIAN_POINT('',(0.,1.));
#95 = CARTESIAN_POINT('',(0.625737860161,1.));
#96 = ( GEOMETRIC_REPRESENTATION_CONTEXT(2) 
PARAMETRIC_REPRESENTATION_CONTEXT() REPRESENTATION_CONTEXT('2D SPACE',''
  ) );
#97 = PCURVE('',#98,#103);
#98 = PLANE('',#99);
#99 = AXIS2_PLACEMENT_3D('',#100,#101,#102);
#100 = CARTESIAN_POINT('',(6.6,10.4,23.8));
#101 = DIRECTION('',(-0.,0.,-1.));
#102 = DIRECTION('',(-0.719906261298,-0.694071303933,0.));
#103 = DEFINITIONAL_REPRESENTATION('',(#104),#108);
#104 = LINE('',#105,#106);
#105 = CARTESIAN_POINT('',(0.,0.));
#106 = VECTOR('',#107,1.);
#107 = DIRECTION('',(-0.572907983571,0.819619693736));
#108 = ( GEOMETRIC_REPRESENTATION_CONTEXT(2) 
PARAMETRIC_REPRESENTATION_CONTEXT() REPRESENTATION_CONTEXT('2D SPACE',''
  ) );
#109 = ORIENTED_EDGE('',*,*,#110,.F.);
#110 = EDGE_CURVE('',#22,#84,#111,.T.);
#111 = SURFACE_CURVE('',#112,(#115,#122),.PCURVE_S1.);
#112 = B_SPLINE_CURVE_WITH_KNOTS('',1,(#113,#114),.UNSPECIFIED.,.F.,.F.,
  (2,2),(0.,1.),.PIECEWISE_BEZIER_KNOTS.);
#113 = CARTESIAN_POINT('',(9.1,11.6,15.));
#114 = CARTESIAN_POINT('',(6.6,10.4,23.8));
#115 = PCURVE('',#32,#116);
#116 = DEFINITIONAL_REPRESENTATION('',(#117),#121);
#117 = LINE('',#118,#119);
#118 = CARTESIAN_POINT('',(0.,0.));
#119 = VECTOR('',#120,1.);
#120 = DIRECTION('',(0.,1.));
#121 = ( GEOMETRIC_REPRESENTATION_CONTEXT(2) 
PARAMETRIC_REPRESENTATION_CONTEXT() REPRESENTATION_CONTEXT('2D SPACE',''
  ) );
#122 = PCURVE('',#123,#128);
#123 = B_SPLINE_SURFACE_WITH_KNOTS('',1,1,(
    (#124,#125)
    ,(#126,#127
    )),.UNSPECIFIED.,.F.,.F.,.F.,(2,2),(2,2),(0.,14.2),(0.,1.),
  .PIECEWISE_BEZIER_KNOTS.);
#124 = CARTESIAN_POINT('',(9.1,-2.6,15.));
#125 = CARTESIAN_POINT('',(6.6,-1.4,23.8));
#126 = CARTESIAN_POINT('',(9.1,11.6,15.));
#127 = CARTESIAN_POINT('',(6.6,10.4,23.8));
#128 = DEFINITIONAL_REPRESENTATION('',(#129),#133);
#129 = LINE('',#130,#131);
#130 = CARTESIAN_POINT('',(14.2,0.));
#131 = VECTOR('',#132,1.);
#132 = DIRECTION('',(0.,1.));
#133 = ( GEOMETRIC_REPRESENTATION_CONTEXT(2) 
PARAMETRIC_REPRESENTATION_CONTEXT() REPRESENTATION_CONTEXT('2D SPACE',''
  ) );
#134 = ADVANCED_FACE('',(#135,#770),#44,.T.);
#135 = FACE_BOUND('',#136,.T.);
#136 = EDGE_LOOP('',(#137,#138,#161,#189,#217,#245,#273,#301,#329,#357,
    #385,#413,#441,#469,#497,#525,#553,#581,#609,#637,#665,#693,#721,
    #749));
#137 = ORIENTED_EDGE('',*,*,#21,.F.);
#138 = ORIENTED_EDGE('',*,*,#139,.F.);
#139 = EDGE_CURVE('',#140,#22,#142,.T.);
#140 = VERTEX_POINT('',#141);
#141 = CARTESIAN_POINT('',(9.1,-2.6,15.));
#142 = SURFACE_CURVE('',#143,(#147,#154),.PCURVE_S1.);
#143 = LINE('',#144,#145);
#144 = CARTESIAN_POINT('',(9.1,-2.6,15.));
#145 = VECTOR('',#146,1.);
#146 = DIRECTION('',(0.,1.,0.));
#147 = PCURVE('',#44,#148);
#148 = DEFINITIONAL_REPRESENTATION('',(#149),#153);
#149 = LINE('',#150,#151);
#150 = CARTESIAN_POINT('',(9.277001436264,-10.75068576192));
#151 = VECTOR('',#152,1.);
#152 = DIRECTION('',(-0.6533099603,0.757090546614));
#153 = ( GEOMETRIC_REPRESENTATION_CONTEXT(2) 
PARAMETRIC_REPRESENTATION_CONTEXT() REPRESENTATION_CONTEXT('2D SPACE',''
  ) );
#154 = PCURVE('',#123,#155);
#155 = DEFINITIONAL_REPRESENTATION('',(#156),#160);
#156 = LINE('',#157,#158);
#157 = CARTESIAN_POINT('',(0.,0.));
#158 = VECTOR('',#159,1.);
#159 = DIRECTION('',(1.,0.));
#160 = ( GEOMETRIC_REPRESENTATION_CONTEXT(2) 
PARAMETRIC_REPRESENTATION_CONTEXT() REPRESENTATION_CONTEXT('2D SPACE',''
  ) );
#161 = ORIENTED_EDGE('',*,*,#162,.F.);
#162 = EDGE_CURVE('',#163,#140,#165,.T.);
#163 = VERTEX_POINT('',#164);
#164 = CARTESIAN_POINT('',(9.00211303259,-3.21803398875,15.));
#165 = SURFACE_CURVE('',#166,(#170,#177),.PCURVE_S1.);
#166 = LINE('',#167,#168);
#167 = CARTESIAN_POINT('',(9.00211303259,-3.21803398875,15.));
#168 = VECTOR('',#169,1.);
#169 = DIRECTION('',(0.15643446504,0.987688340595,0.));
#170 = PCURVE('',#44,#171);
#171 = DEFINITIONAL_REPRESENTATION('',(#172),#176);
#172 = LINE('',#173,#174);
#173 = CARTESIAN_POINT('',(9.754878494581,-11.15464292149));
#174 = VECTOR('',#175,1.);
#175 = DIRECTION('',(-0.76370168523,0.645569311521));
#176 = ( GEOMETRIC_REPRESENTATION_CONTEXT(2) 
PARAMETRIC_REPRESENTATION_CONTEXT() REPRESENTATION_CONTEXT('2D SPACE',''
  ) );
#177 = PCURVE('',#178,#183);
#178 = B_SPLINE_SURFACE_WITH_KNOTS('',1,1,(
    (#179,#180)
    ,(#181,#182
    )),.UNSPECIFIED.,.F.,.F.,.F.,(2,2),(2,2),(0.,0.625737860161),(0.,1.)
  ,.PIECEWISE_BEZIER_KNOTS.);
#179 = CARTESIAN_POINT('',(9.00211303259,-3.21803398875,15.));
#180 = CARTESIAN_POINT('',(6.541267819554,-1.77082039325,23.8));
#181 = CARTESIAN_POINT('',(9.1,-2.6,15.));
#182 = CARTESIAN_POINT('',(6.6,-1.4,23.8));
#183 = DEFINITIONAL_REPRESENTATION('',(#184),#188);
#184 = LINE('',#185,#186);
#185 = CARTESIAN_POINT('',(0.,0.));
#186 = VECTOR('',#187,1.);
#187 = DIRECTION('',(1.,0.));
#188 = ( GEOMETRIC_REPRESENTATION_CONTEXT(2) 
PARAMETRIC_REPRESENTATION_CONTEXT() REPRESENTATION_CONTEXT('2D SPACE',''
  ) );
#189 = ORIENTED_EDGE('',*,*,#190,.F.);
#190 = EDGE_CURVE('',#191,#163,#193,.T.);
#191 = VERTEX_POINT('',#192);
#192 = CARTESIAN_POINT('',(8.71803398875,-3.775570504585,15.));
#193 = SURFACE_CURVE('',#194,(#198,#205),.PCURVE_S1.);
#194 = LINE('',#195,#196);
#195 = CARTESIAN_POINT('',(8.71803398875,-3.775570504585,15.));
#196 = VECTOR('',#197,1.);
#197 = DIRECTION('',(0.45399049974,0.891006524188,0.));
#198 = PCURVE('',#44,#199);
#199 = DEFINITIONAL_REPRESENTATION('',(#200),#204);
#200 = LINE('',#201,#202);
#201 = CARTESIAN_POINT('',(10.33419621219,-11.39115687817));
#202 = VECTOR('',#203,1.);
#203 = DIRECTION('',(-0.92581535255,0.377976101073));
#204 = ( GEOMETRIC_REPRESENTATION_CONTEXT(2) 
PARAMETRIC_REPRESENTATION_CONTEXT() REPRESENTATION_CONTEXT('2D SPACE',''
  ) );
#205 = PCURVE('',#206,#211);
#206 = B_SPLINE_SURFACE_WITH_KNOTS('',1,1,(
    (#207,#208)
    ,(#209,#210
    )),.UNSPECIFIED.,.F.,.F.,.F.,(2,2),(2,2),(0.,0.625737860161),(0.,1.)
  ,.PIECEWISE_BEZIER_KNOTS.);
#207 = CARTESIAN_POINT('',(8.71803398875,-3.775570504585,15.));
#208 = CARTESIAN_POINT('',(6.37082039325,-2.105342302751,23.8));
#209 = CARTESIAN_POINT('',(9.00211303259,-3.21803398875,15.));
#210 = CARTESIAN_POINT('',(6.541267819554,-1.77082039325,23.8));
#211 = DEFINITIONAL_REPRESENTATION('',(#212),#216);
#212 = LINE('',#213,#214);
#213 = CARTESIAN_POINT('',(0.,0.));
#214 = VECTOR('',#215,1.);
#215 = DIRECTION('',(1.,0.));
#216 = ( GEOMETRIC_REPRESENTATION_CONTEXT(2) 
PARAMETRIC_REPRESENTATION_CONTEXT() REPRESENTATION_CONTEXT('2D SPACE',''
  ) );
#217 = ORIENTED_EDGE('',*,*,#218,.F.);
#218 = EDGE_CURVE('',#219,#191,#221,.T.);
#219 = VERTEX_POINT('',#220);
#220 = CARTESIAN_POINT('',(8.275570504585,-4.21803398875,15.));
#221 = SURFACE_CURVE('',#222,(#226,#233),.PCURVE_S1.);
#222 = LINE('',#223,#224);
#223 = CARTESIAN_POINT('',(8.275570504585,-4.21803398875,15.));
#224 = VECTOR('',#225,1.);
#225 = DIRECTION('',(0.707106781187,0.707106781187,0.));
#226 = PCURVE('',#44,#227);
#227 = DEFINITIONAL_REPRESENTATION('',(#228),#232);
#228 = LINE('',#229,#230);
#229 = CARTESIAN_POINT('',(10.958246934548,-11.43707599798));
#230 = VECTOR('',#231,1.);
#231 = DIRECTION('',(-0.997303762628,7.338395633799E-02));
#232 = ( GEOMETRIC_REPRESENTATION_CONTEXT(2) 
PARAMETRIC_REPRESENTATION_CONTEXT() REPRESENTATION_CONTEXT('2D SPACE',''
  ) );
#233 = PCURVE('',#234,#239);
#234 = B_SPLINE_SURFACE_WITH_KNOTS('',1,1,(
    (#235,#236)
    ,(#237,#238
    )),.UNSPECIFIED.,.F.,.F.,.F.,(2,2),(2,2),(0.,0.625737860161),(0.,1.)
  ,.PIECEWISE_BEZIER_KNOTS.);
#235 = CARTESIAN_POINT('',(8.275570504585,-4.21803398875,15.));
#236 = CARTESIAN_POINT('',(6.105342302751,-2.37082039325,23.8));
#237 = CARTESIAN_POINT('',(8.71803398875,-3.775570504585,15.));
#238 = CARTESIAN_POINT('',(6.37082039325,-2.105342302751,23.8));
#239 = DEFINITIONAL_REPRESENTATION('',(#240),#244);
#240 = LINE('',#241,#242);
#241 = CARTESIAN_POINT('',(0.,0.));
#242 = VECTOR('',#243,1.);
#243 = DIRECTION('',(1.,0.));
#244 = ( GEOMETRIC_REPRESENTATION_CONTEXT(2) 
PARAMETRIC_REPRESENTATION_CONTEXT() REPRESENTATION_CONTEXT('2D SPACE',''
  ) );
#245 = ORIENTED_EDGE('',*,*,#246,.F.);
#246 = EDGE_CURVE('',#247,#219,#249,.T.);
#247 = VERTEX_POINT('',#248);
#248 = CARTESIAN_POINT('',(7.71803398875,-4.50211303259,15.));
#249 = SURFACE_CURVE('',#250,(#254,#261),.PCURVE_S1.);
#250 = LINE('',#251,#252);
#251 = CARTESIAN_POINT('',(7.71803398875,-4.50211303259,15.));
#252 = VECTOR('',#253,1.);
#253 = DIRECTION('',(0.891006524188,0.45399049974,0.));
#254 = PCURVE('',#44,#255);
#255 = DEFINITIONAL_REPRESENTATION('',(#256),#260);
#256 = LINE('',#257,#258);
#257 = CARTESIAN_POINT('',(11.565944228932,-11.28790539753));
#258 = VECTOR('',#259,1.);
#259 = DIRECTION('',(-0.971169131796,-0.238391521339));
#260 = ( GEOMETRIC_REPRESENTATION_CONTEXT(2) 
PARAMETRIC_REPRESENTATION_CONTEXT() REPRESENTATION_CONTEXT('2D SPACE',''
  ) );
#261 = PCURVE('',#262,#267);
#262 = B_SPLINE_SURFACE_WITH_KNOTS('',1,1,(
    (#263,#264)
    ,(#265,#266
    )),.UNSPECIFIED.,.F.,.F.,.F.,(2,2),(2,2),(0.,0.625737860161),(0.,1.)
  ,.PIECEWISE_BEZIER_KNOTS.);
#263 = CARTESIAN_POINT('',(7.71803398875,-4.50211303259,15.));
#264 = CARTESIAN_POINT('',(5.77082039325,-2.541267819554,23.8));
#265 = CARTESIAN_POINT('',(8.275570504585,-4.21803398875,15.));
#266 = CARTESIAN_POINT('',(6.105342302751,-2.37082039325,23.8));
#267 = DEFINITIONAL_REPRESENTATION('',(#268),#272);
#268 = LINE('',#269,#270);
#269 = CARTESIAN_POINT('',(0.,0.));
#270 = VECTOR('',#271,1.);
#271 = DIRECTION('',(1.,0.));
#272 = ( GEOMETRIC_REPRESENTATION_CONTEXT(2) 
PARAMETRIC_REPRESENTATION_CONTEXT() REPRESENTATION_CONTEXT('2D SPACE',''
  ) );
#273 = ORIENTED_EDGE('',*,*,#274,.F.);
#274 = EDGE_CURVE('',#275,#247,#277,.T.);
#275 = VERTEX_POINT('',#276);
#276 = CARTESIAN_POINT('',(7.1,-4.6,15.));
#277 = SURFACE_CURVE('',#278,(#282,#289),.PCURVE_S1.);
#278 = LINE('',#279,#280);
#279 = CARTESIAN_POINT('',(7.1,-4.6,15.));
#280 = VECTOR('',#281,1.);
#281 = DIRECTION('',(0.987688340595,0.15643446504,0.));
#282 = PCURVE('',#44,#283);
#283 = DEFINITIONAL_REPRESENTATION('',(#284),#288);
#284 = LINE('',#285,#286);
#285 = CARTESIAN_POINT('',(12.097802450093,-10.95824693454));
#286 = VECTOR('',#287,1.);
#287 = DIRECTION('',(-0.849969699811,-0.526831575937));
#288 = ( GEOMETRIC_REPRESENTATION_CONTEXT(2) 
PARAMETRIC_REPRESENTATION_CONTEXT() REPRESENTATION_CONTEXT('2D SPACE',''
  ) );
#289 = PCURVE('',#290,#295);
#290 = B_SPLINE_SURFACE_WITH_KNOTS('',1,1,(
    (#291,#292)
    ,(#293,#294
    )),.UNSPECIFIED.,.F.,.F.,.F.,(2,2),(2,2),(0.,0.625737860161),(0.,1.)
  ,.PIECEWISE_BEZIER_KNOTS.);
#291 = CARTESIAN_POINT('',(7.1,-4.6,15.));
#292 = CARTESIAN_POINT('',(5.4,-2.6,23.8));
#293 = CARTESIAN_POINT('',(7.71803398875,-4.50211303259,15.));
#294 = CARTESIAN_POINT('',(5.77082039325,-2.541267819554,23.8));
#295 = DEFINITIONAL_REPRESENTATION('',(#296),#300);
#296 = LINE('',#297,#298);
#297 = CARTESIAN_POINT('',(0.,0.));
#298 = VECTOR('',#299,1.);
#299 = DIRECTION('',(1.,0.));
#300 = ( GEOMETRIC_REPRESENTATION_CONTEXT(2) 
PARAMETRIC_REPRESENTATION_CONTEXT() REPRESENTATION_CONTEXT('2D SPACE',''
  ) );
#301 = ORIENTED_EDGE('',*,*,#302,.F.);
#302 = EDGE_CURVE('',#303,#275,#305,.T.);
#303 = VERTEX_POINT('',#304);
#304 = CARTESIAN_POINT('',(-7.1,-4.6,15.));
#305 = SURFACE_CURVE('',#306,(#310,#317),.PCURVE_S1.);
#306 = LINE('',#307,#308);
#307 = CARTESIAN_POINT('',(-7.1,-4.6,15.));
#308 = VECTOR('',#309,1.);
#309 = DIRECTION('',(1.,0.,0.));
#310 = PCURVE('',#44,#311);
#311 = DEFINITIONAL_REPRESENTATION('',(#312),#316);
#312 = LINE('',#313,#314);
#313 = CARTESIAN_POINT('',(22.848488212013,-1.681245498283));
#314 = VECTOR('',#315,1.);
#315 = DIRECTION('',(-0.757090546614,-0.6533099603));
#316 = ( GEOMETRIC_REPRESENTATION_CONTEXT(2) 
PARAMETRIC_REPRESENTATION_CONTEXT() REPRESENTATION_CONTEXT('2D SPACE',''
  ) );
#317 = PCURVE('',#318,#323);
#318 = B_SPLINE_SURFACE_WITH_KNOTS('',1,1,(
    (#319,#320)
    ,(#321,#322
    )),.UNSPECIFIED.,.F.,.F.,.F.,(2,2),(2,2),(0.,14.2),(0.,1.),
  .PIECEWISE_BEZIER_KNOTS.);
#319 = CARTESIAN_POINT('',(-7.1,-4.6,15.));
#320 = CARTESIAN_POINT('',(-5.4,-2.6,23.8));
#321 = CARTESIAN_POINT('',(7.1,-4.6,15.));
#322 = CARTESIAN_POINT('',(5.4,-2.6,23.8));
#323 = DEFINITIONAL_REPRESENTATION('',(#324),#328);
#324 = LINE('',#325,#326);
#325 = CARTESIAN_POINT('',(0.,0.));
#326 = VECTOR('',#327,1.);
#327 = DIRECTION('',(1.,0.));
#328 = ( GEOMETRIC_REPRESENTATION_CONTEXT(2) 
PARAMETRIC_REPRESENTATION_CONTEXT() REPRESENTATION_CONTEXT('2D SPACE',''
  ) );
#329 = ORIENTED_EDGE('',*,*,#330,.F.);
#330 = EDGE_CURVE('',#331,#303,#333,.T.);
#331 = VERTEX_POINT('',#332);
#332 = CARTESIAN_POINT('',(-7.71803398875,-4.50211303259,15.));
#333 = SURFACE_CURVE('',#334,(#338,#345),.PCURVE_S1.);
#334 = LINE('',#335,#336);
#335 = CARTESIAN_POINT('',(-7.71803398875,-4.50211303259,15.));
#336 = VECTOR('',#337,1.);
#337 = DIRECTION('',(0.987688340595,-0.15643446504,0.));
#338 = PCURVE('',#44,#339);
#339 = DEFINITIONAL_REPRESENTATION('',(#340),#344);
#340 = LINE('',#341,#342);
#341 = CARTESIAN_POINT('',(23.25244537159,-1.203368439966));
#342 = VECTOR('',#343,1.);
#343 = DIRECTION('',(-0.645569311521,-0.76370168523));
#344 = ( GEOMETRIC_REPRESENTATION_CONTEXT(2) 
PARAMETRIC_REPRESENTATION_CONTEXT() REPRESENTATION_CONTEXT('2D SPACE',''
  ) );
#345 = PCURVE('',#346,#351);
#346 = B_SPLINE_SURFACE_WITH_KNOTS('',1,1,(
    (#347,#348)
    ,(#349,#350
    )),.UNSPECIFIED.,.F.,.F.,.F.,(2,2),(2,2),(0.,0.625737860161),(0.,1.)
  ,.PIECEWISE_BEZIER_KNOTS.);
#347 = CARTESIAN_POINT('',(-7.71803398875,-4.50211303259,15.));
#348 = CARTESIAN_POINT('',(-5.77082039325,-2.541267819554,23.8));
#349 = CARTESIAN_POINT('',(-7.1,-4.6,15.));
#350 = CARTESIAN_POINT('',(-5.4,-2.6,23.8));
#351 = DEFINITIONAL_REPRESENTATION('',(#352),#356);
#352 = LINE('',#353,#354);
#353 = CARTESIAN_POINT('',(0.,0.));
#354 = VECTOR('',#355,1.);
#355 = DIRECTION('',(1.,0.));
#356 = ( GEOMETRIC_REPRESENTATION_CONTEXT(2) 
PARAMETRIC_REPRESENTATION_CONTEXT() REPRESENTATION_CONTEXT('2D SPACE',''
  ) );
#357 = ORIENTED_EDGE('',*,*,#358,.F.);
#358 = EDGE_CURVE('',#359,#331,#361,.T.);
#359 = VERTEX_POINT('',#360);
#360 = CARTESIAN_POINT('',(-8.275570504585,-4.21803398875,15.));
#361 = SURFACE_CURVE('',#362,(#366,#373),.PCURVE_S1.);
#362 = LINE('',#363,#364);
#363 = CARTESIAN_POINT('',(-8.275570504585,-4.21803398875,15.));
#364 = VECTOR('',#365,1.);
#365 = DIRECTION('',(0.891006524188,-0.45399049974,0.));
#366 = PCURVE('',#44,#367);
#367 = DEFINITIONAL_REPRESENTATION('',(#368),#372);
#368 = LINE('',#369,#370);
#369 = CARTESIAN_POINT('',(23.488959328267,-0.624050722357));
#370 = VECTOR('',#371,1.);
#371 = DIRECTION('',(-0.377976101073,-0.92581535255));
#372 = ( GEOMETRIC_REPRESENTATION_CONTEXT(2) 
PARAMETRIC_REPRESENTATION_CONTEXT() REPRESENTATION_CONTEXT('2D SPACE',''
  ) );
#373 = PCURVE('',#374,#379);
#374 = B_SPLINE_SURFACE_WITH_KNOTS('',1,1,(
    (#375,#376)
    ,(#377,#378
    )),.UNSPECIFIED.,.F.,.F.,.F.,(2,2),(2,2),(0.,0.625737860161),(0.,1.)
  ,.PIECEWISE_BEZIER_KNOTS.);
#375 = CARTESIAN_POINT('',(-8.275570504585,-4.21803398875,15.));
#376 = CARTESIAN_POINT('',(-6.105342302751,-2.37082039325,23.8));
#377 = CARTESIAN_POINT('',(-7.71803398875,-4.50211303259,15.));
#378 = CARTESIAN_POINT('',(-5.77082039325,-2.541267819554,23.8));
#379 = DEFINITIONAL_REPRESENTATION('',(#380),#384);
#380 = LINE('',#381,#382);
#381 = CARTESIAN_POINT('',(0.,0.));
#382 = VECTOR('',#383,1.);
#383 = DIRECTION('',(1.,0.));
#384 = ( GEOMETRIC_REPRESENTATION_CONTEXT(2) 
PARAMETRIC_REPRESENTATION_CONTEXT() REPRESENTATION_CONTEXT('2D SPACE',''
  ) );
#385 = ORIENTED_EDGE('',*,*,#386,.F.);
#386 = EDGE_CURVE('',#387,#359,#389,.T.);
#387 = VERTEX_POINT('',#388);
#388 = CARTESIAN_POINT('',(-8.71803398875,-3.775570504585,15.));
#389 = SURFACE_CURVE('',#390,(#394,#401),.PCURVE_S1.);
#390 = LINE('',#391,#392);
#391 = CARTESIAN_POINT('',(-8.71803398875,-3.775570504585,15.));
#392 = VECTOR('',#393,1.);
#393 = DIRECTION('',(0.707106781187,-0.707106781187,0.));
#394 = PCURVE('',#44,#395);
#395 = DEFINITIONAL_REPRESENTATION('',(#396),#400);
#396 = LINE('',#397,#398);
#397 = CARTESIAN_POINT('',(23.534878448076,2.490347452822E-18));
#398 = VECTOR('',#399,1.);
#399 = DIRECTION('',(-7.338395633799E-02,-0.997303762628));
#400 = ( GEOMETRIC_REPRESENTATION_CONTEXT(2) 
PARAMETRIC_REPRESENTATION_CONTEXT() REPRESENTATION_CONTEXT('2D SPACE',''
  ) );
#401 = PCURVE('',#402,#407);
#402 = B_SPLINE_SURFACE_WITH_KNOTS('',1,1,(
    (#403,#404)
    ,(#405,#406
    )),.UNSPECIFIED.,.F.,.F.,.F.,(2,2),(2,2),(0.,0.625737860161),(0.,1.)
  ,.PIECEWISE_BEZIER_KNOTS.);
#403 = CARTESIAN_POINT('',(-8.71803398875,-3.775570504585,15.));
#404 = CARTESIAN_POINT('',(-6.37082039325,-2.105342302751,23.8));
#405 = CARTESIAN_POINT('',(-8.275570504585,-4.21803398875,15.));
#406 = CARTESIAN_POINT('',(-6.105342302751,-2.37082039325,23.8));
#407 = DEFINITIONAL_REPRESENTATION('',(#408),#412);
#408 = LINE('',#409,#410);
#409 = CARTESIAN_POINT('',(0.,0.));
#410 = VECTOR('',#411,1.);
#411 = DIRECTION('',(1.,0.));
#412 = ( GEOMETRIC_REPRESENTATION_CONTEXT(2) 
PARAMETRIC_REPRESENTATION_CONTEXT() REPRESENTATION_CONTEXT('2D SPACE',''
  ) );
#413 = ORIENTED_EDGE('',*,*,#414,.F.);
#414 = EDGE_CURVE('',#415,#387,#417,.T.);
#415 = VERTEX_POINT('',#416);
#416 = CARTESIAN_POINT('',(-9.00211303259,-3.21803398875,15.));
#417 = SURFACE_CURVE('',#418,(#422,#429),.PCURVE_S1.);
#418 = LINE('',#419,#420);
#419 = CARTESIAN_POINT('',(-9.00211303259,-3.21803398875,15.));
#420 = VECTOR('',#421,1.);
#421 = DIRECTION('',(0.45399049974,-0.891006524188,0.));
#422 = PCURVE('',#44,#423);
#423 = DEFINITIONAL_REPRESENTATION('',(#424),#428);
#424 = LINE('',#425,#426);
#425 = CARTESIAN_POINT('',(23.385707847633,0.607697294384));
#426 = VECTOR('',#427,1.);
#427 = DIRECTION('',(0.238391521339,-0.971169131796));
#428 = ( GEOMETRIC_REPRESENTATION_CONTEXT(2) 
PARAMETRIC_REPRESENTATION_CONTEXT() REPRESENTATION_CONTEXT('2D SPACE',''
  ) );
#429 = PCURVE('',#430,#435);
#430 = B_SPLINE_SURFACE_WITH_KNOTS('',1,1,(
    (#431,#432)
    ,(#433,#434
    )),.UNSPECIFIED.,.F.,.F.,.F.,(2,2),(2,2),(0.,0.625737860161),(0.,1.)
  ,.PIECEWISE_BEZIER_KNOTS.);
#431 = CARTESIAN_POINT('',(-9.00211303259,-3.21803398875,15.));
#432 = CARTESIAN_POINT('',(-6.541267819554,-1.77082039325,23.8));
#433 = CARTESIAN_POINT('',(-8.71803398875,-3.775570504585,15.));
#434 = CARTESIAN_POINT('',(-6.37082039325,-2.105342302751,23.8));
#435 = DEFINITIONAL_REPRESENTATION('',(#436),#440);
#436 = LINE('',#437,#438);
#437 = CARTESIAN_POINT('',(0.,0.));
#438 = VECTOR('',#439,1.);
#439 = DIRECTION('',(1.,0.));
#440 = ( GEOMETRIC_REPRESENTATION_CONTEXT(2) 
PARAMETRIC_REPRESENTATION_CONTEXT() REPRESENTATION_CONTEXT('2D SPACE',''
  ) );
#441 = ORIENTED_EDGE('',*,*,#442,.F.);
#442 = EDGE_CURVE('',#443,#415,#445,.T.);
#443 = VERTEX_POINT('',#444);
#444 = CARTESIAN_POINT('',(-9.1,-2.6,15.));
#445 = SURFACE_CURVE('',#446,(#450,#457),.PCURVE_S1.);
#446 = LINE('',#447,#448);
#447 = CARTESIAN_POINT('',(-9.1,-2.6,15.));
#448 = VECTOR('',#449,1.);
#449 = DIRECTION('',(0.15643446504,-0.987688340595,0.));
#450 = PCURVE('',#44,#451);
#451 = DEFINITIONAL_REPRESENTATION('',(#452),#456);
#452 = LINE('',#453,#454);
#453 = CARTESIAN_POINT('',(23.056049384641,1.139555515545));
#454 = VECTOR('',#455,1.);
#455 = DIRECTION('',(0.526831575937,-0.849969699811));
#456 = ( GEOMETRIC_REPRESENTATION_CONTEXT(2) 
PARAMETRIC_REPRESENTATION_CONTEXT() REPRESENTATION_CONTEXT('2D SPACE',''
  ) );
#457 = PCURVE('',#458,#463);
#458 = B_SPLINE_SURFACE_WITH_KNOTS('',1,1,(
    (#459,#460)
    ,(#461,#462
    )),.UNSPECIFIED.,.F.,.F.,.F.,(2,2),(2,2),(0.,0.625737860161),(0.,1.)
  ,.PIECEWISE_BEZIER_KNOTS.);
#459 = CARTESIAN_POINT('',(-9.1,-2.6,15.));
#460 = CARTESIAN_POINT('',(-6.6,-1.4,23.8));
#461 = CARTESIAN_POINT('',(-9.00211303259,-3.21803398875,15.));
#462 = CARTESIAN_POINT('',(-6.541267819554,-1.77082039325,23.8));
#463 = DEFINITIONAL_REPRESENTATION('',(#464),#468);
#464 = LINE('',#465,#466);
#465 = CARTESIAN_POINT('',(0.,0.));
#466 = VECTOR('',#467,1.);
#467 = DIRECTION('',(1.,0.));
#468 = ( GEOMETRIC_REPRESENTATION_CONTEXT(2) 
PARAMETRIC_REPRESENTATION_CONTEXT() REPRESENTATION_CONTEXT('2D SPACE',''
  ) );
#469 = ORIENTED_EDGE('',*,*,#470,.F.);
#470 = EDGE_CURVE('',#471,#443,#473,.T.);
#471 = VERTEX_POINT('',#472);
#472 = CARTESIAN_POINT('',(-9.1,11.6,15.));
#473 = SURFACE_CURVE('',#474,(#478,#485),.PCURVE_S1.);
#474 = LINE('',#475,#476);
#475 = CARTESIAN_POINT('',(-9.1,11.6,15.));
#476 = VECTOR('',#477,1.);
#477 = DIRECTION('',(0.,-1.,0.));
#478 = PCURVE('',#44,#479);
#479 = DEFINITIONAL_REPRESENTATION('',(#480),#484);
#480 = LINE('',#481,#482);
#481 = CARTESIAN_POINT('',(13.779047948376,11.890241277466));
#482 = VECTOR('',#483,1.);
#483 = DIRECTION('',(0.6533099603,-0.757090546614));
#484 = ( GEOMETRIC_REPRESENTATION_CONTEXT(2) 
PARAMETRIC_REPRESENTATION_CONTEXT() REPRESENTATION_CONTEXT('2D SPACE',''
  ) );
#485 = PCURVE('',#486,#491);
#486 = B_SPLINE_SURFACE_WITH_KNOTS('',1,1,(
    (#487,#488)
    ,(#489,#490
    )),.UNSPECIFIED.,.F.,.F.,.F.,(2,2),(2,2),(0.,14.2),(0.,1.),
  .PIECEWISE_BEZIER_KNOTS.);
#487 = CARTESIAN_POINT('',(-9.1,11.6,15.));
#488 = CARTESIAN_POINT('',(-6.6,10.4,23.8));
#489 = CARTESIAN_POINT('',(-9.1,-2.6,15.));
#490 = CARTESIAN_POINT('',(-6.6,-1.4,23.8));
#491 = DEFINITIONAL_REPRESENTATION('',(#492),#496);
#492 = LINE('',#493,#494);
#493 = CARTESIAN_POINT('',(0.,0.));
#494 = VECTOR('',#495,1.);
#495 = DIRECTION('',(1.,0.));
#496 = ( GEOMETRIC_REPRESENTATION_CONTEXT(2) 
PARAMETRIC_REPRESENTATION_CONTEXT() REPRESENTATION_CONTEXT('2D SPACE',''
  ) );
#497 = ORIENTED_EDGE('',*,*,#498,.F.);
#498 = EDGE_CURVE('',#499,#471,#501,.T.);
#499 = VERTEX_POINT('',#500);
#500 = CARTESIAN_POINT('',(-9.00211303259,12.21803398875,15.));
#501 = SURFACE_CURVE('',#502,(#506,#513),.PCURVE_S1.);
#502 = LINE('',#503,#504);
#503 = CARTESIAN_POINT('',(-9.00211303259,12.21803398875,15.));
#504 = VECTOR('',#505,1.);
#505 = DIRECTION('',(-0.15643446504,-0.987688340595,0.));
#506 = PCURVE('',#44,#507);
#507 = DEFINITIONAL_REPRESENTATION('',(#508),#512);
#508 = LINE('',#509,#510);
#509 = CARTESIAN_POINT('',(13.301170890059,12.294198437042));
#510 = VECTOR('',#511,1.);
#511 = DIRECTION('',(0.76370168523,-0.645569311521));
#512 = ( GEOMETRIC_REPRESENTATION_CONTEXT(2) 
PARAMETRIC_REPRESENTATION_CONTEXT() REPRESENTATION_CONTEXT('2D SPACE',''
  ) );
#513 = PCURVE('',#514,#519);
#514 = B_SPLINE_SURFACE_WITH_KNOTS('',1,1,(
    (#515,#516)
    ,(#517,#518
    )),.UNSPECIFIED.,.F.,.F.,.F.,(2,2),(2,2),(0.,0.625737860161),(0.,1.)
  ,.PIECEWISE_BEZIER_KNOTS.);
#515 = CARTESIAN_POINT('',(-9.00211303259,12.21803398875,15.));
#516 = CARTESIAN_POINT('',(-6.541267819554,10.77082039325,23.8));
#517 = CARTESIAN_POINT('',(-9.1,11.6,15.));
#518 = CARTESIAN_POINT('',(-6.6,10.4,23.8));
#519 = DEFINITIONAL_REPRESENTATION('',(#520),#524);
#520 = LINE('',#521,#522);
#521 = CARTESIAN_POINT('',(0.,0.));
#522 = VECTOR('',#523,1.);
#523 = DIRECTION('',(1.,0.));
#524 = ( GEOMETRIC_REPRESENTATION_CONTEXT(2) 
PARAMETRIC_REPRESENTATION_CONTEXT() REPRESENTATION_CONTEXT('2D SPACE',''
  ) );
#525 = ORIENTED_EDGE('',*,*,#526,.F.);
#526 = EDGE_CURVE('',#527,#499,#529,.T.);
#527 = VERTEX_POINT('',#528);
#528 = CARTESIAN_POINT('',(-8.71803398875,12.775570504585,15.));
#529 = SURFACE_CURVE('',#530,(#534,#541),.PCURVE_S1.);
#530 = LINE('',#531,#532);
#531 = CARTESIAN_POINT('',(-8.71803398875,12.775570504585,15.));
#532 = VECTOR('',#533,1.);
#533 = DIRECTION('',(-0.45399049974,-0.891006524188,0.));
#534 = PCURVE('',#44,#535);
#535 = DEFINITIONAL_REPRESENTATION('',(#536),#540);
#536 = LINE('',#537,#538);
#537 = CARTESIAN_POINT('',(12.72185317245,12.530712393719));
#538 = VECTOR('',#539,1.);
#539 = DIRECTION('',(0.92581535255,-0.377976101073));
#540 = ( GEOMETRIC_REPRESENTATION_CONTEXT(2) 
PARAMETRIC_REPRESENTATION_CONTEXT() REPRESENTATION_CONTEXT('2D SPACE',''
  ) );
#541 = PCURVE('',#542,#547);
#542 = B_SPLINE_SURFACE_WITH_KNOTS('',1,1,(
    (#543,#544)
    ,(#545,#546
    )),.UNSPECIFIED.,.F.,.F.,.F.,(2,2),(2,2),(0.,0.625737860161),(0.,1.)
  ,.PIECEWISE_BEZIER_KNOTS.);
#543 = CARTESIAN_POINT('',(-8.71803398875,12.775570504585,15.));
#544 = CARTESIAN_POINT('',(-6.37082039325,11.105342302751,23.8));
#545 = CARTESIAN_POINT('',(-9.00211303259,12.21803398875,15.));
#546 = CARTESIAN_POINT('',(-6.541267819554,10.77082039325,23.8));
#547 = DEFINITIONAL_REPRESENTATION('',(#548),#552);
#548 = LINE('',#549,#550);
#549 = CARTESIAN_POINT('',(0.,0.));
#550 = VECTOR('',#551,1.);
#551 = DIRECTION('',(1.,0.));
#552 = ( GEOMETRIC_REPRESENTATION_CONTEXT(2) 
PARAMETRIC_REPRESENTATION_CONTEXT() REPRESENTATION_CONTEXT('2D SPACE',''
  ) );
#553 = ORIENTED_EDGE('',*,*,#554,.F.);
#554 = EDGE_CURVE('',#555,#527,#557,.T.);
#555 = VERTEX_POINT('',#556);
#556 = CARTESIAN_POINT('',(-8.275570504585,13.21803398875,15.));
#557 = SURFACE_CURVE('',#558,(#562,#569),.PCURVE_S1.);
#558 = LINE('',#559,#560);
#559 = CARTESIAN_POINT('',(-8.275570504585,13.21803398875,15.));
#560 = VECTOR('',#561,1.);
#561 = DIRECTION('',(-0.707106781187,-0.707106781187,0.));
#562 = PCURVE('',#44,#563);
#563 = DEFINITIONAL_REPRESENTATION('',(#564),#568);
#564 = LINE('',#565,#566);
#565 = CARTESIAN_POINT('',(12.097802450093,12.576631513528));
#566 = VECTOR('',#567,1.);
#567 = DIRECTION('',(0.997303762628,-7.338395633799E-02));
#568 = ( GEOMETRIC_REPRESENTATION_CONTEXT(2) 
PARAMETRIC_REPRESENTATION_CONTEXT() REPRESENTATION_CONTEXT('2D SPACE',''
  ) );
#569 = PCURVE('',#570,#575);
#570 = B_SPLINE_SURFACE_WITH_KNOTS('',1,1,(
    (#571,#572)
    ,(#573,#574
    )),.UNSPECIFIED.,.F.,.F.,.F.,(2,2),(2,2),(0.,0.625737860161),(0.,1.)
  ,.PIECEWISE_BEZIER_KNOTS.);
#571 = CARTESIAN_POINT('',(-8.275570504585,13.21803398875,15.));
#572 = CARTESIAN_POINT('',(-6.105342302751,11.37082039325,23.8));
#573 = CARTESIAN_POINT('',(-8.71803398875,12.775570504585,15.));
#574 = CARTESIAN_POINT('',(-6.37082039325,11.105342302751,23.8));
#575 = DEFINITIONAL_REPRESENTATION('',(#576),#580);
#576 = LINE('',#577,#578);
#577 = CARTESIAN_POINT('',(0.,0.));
#578 = VECTOR('',#579,1.);
#579 = DIRECTION('',(1.,0.));
#580 = ( GEOMETRIC_REPRESENTATION_CONTEXT(2) 
PARAMETRIC_REPRESENTATION_CONTEXT() REPRESENTATION_CONTEXT('2D SPACE',''
  ) );
#581 = ORIENTED_EDGE('',*,*,#582,.F.);
#582 = EDGE_CURVE('',#583,#555,#585,.T.);
#583 = VERTEX_POINT('',#584);
#584 = CARTESIAN_POINT('',(-7.71803398875,13.50211303259,15.));
#585 = SURFACE_CURVE('',#586,(#590,#597),.PCURVE_S1.);
#586 = LINE('',#587,#588);
#587 = CARTESIAN_POINT('',(-7.71803398875,13.50211303259,15.));
#588 = VECTOR('',#589,1.);
#589 = DIRECTION('',(-0.891006524188,-0.45399049974,0.));
#590 = PCURVE('',#44,#591);
#591 = DEFINITIONAL_REPRESENTATION('',(#592),#596);
#592 = LINE('',#593,#594);
#593 = CARTESIAN_POINT('',(11.490105155709,12.427460913085));
#594 = VECTOR('',#595,1.);
#595 = DIRECTION('',(0.971169131796,0.238391521339));
#596 = ( GEOMETRIC_REPRESENTATION_CONTEXT(2) 
PARAMETRIC_REPRESENTATION_CONTEXT() REPRESENTATION_CONTEXT('2D SPACE',''
  ) );
#597 = PCURVE('',#598,#603);
#598 = B_SPLINE_SURFACE_WITH_KNOTS('',1,1,(
    (#599,#600)
    ,(#601,#602
    )),.UNSPECIFIED.,.F.,.F.,.F.,(2,2),(2,2),(0.,0.625737860161),(0.,1.)
  ,.PIECEWISE_BEZIER_KNOTS.);
#599 = CARTESIAN_POINT('',(-7.71803398875,13.50211303259,15.));
#600 = CARTESIAN_POINT('',(-5.77082039325,11.541267819554,23.8));
#601 = CARTESIAN_POINT('',(-8.275570504585,13.21803398875,15.));
#602 = CARTESIAN_POINT('',(-6.105342302751,11.37082039325,23.8));
#603 = DEFINITIONAL_REPRESENTATION('',(#604),#608);
#604 = LINE('',#605,#606);
#605 = CARTESIAN_POINT('',(0.,0.));
#606 = VECTOR('',#607,1.);
#607 = DIRECTION('',(1.,0.));
#608 = ( GEOMETRIC_REPRESENTATION_CONTEXT(2) 
PARAMETRIC_REPRESENTATION_CONTEXT() REPRESENTATION_CONTEXT('2D SPACE',''
  ) );
#609 = ORIENTED_EDGE('',*,*,#610,.F.);
#610 = EDGE_CURVE('',#611,#583,#613,.T.);
#611 = VERTEX_POINT('',#612);
#612 = CARTESIAN_POINT('',(-7.1,13.6,15.));
#613 = SURFACE_CURVE('',#614,(#618,#625),.PCURVE_S1.);
#614 = LINE('',#615,#616);
#615 = CARTESIAN_POINT('',(-7.1,13.6,15.));
#616 = VECTOR('',#617,1.);
#617 = DIRECTION('',(-0.987688340595,-0.15643446504,0.));
#618 = PCURVE('',#44,#619);
#619 = DEFINITIONAL_REPRESENTATION('',(#620),#624);
#620 = LINE('',#621,#622);
#621 = CARTESIAN_POINT('',(10.958246934548,12.097802450093));
#622 = VECTOR('',#623,1.);
#623 = DIRECTION('',(0.849969699811,0.526831575937));
#624 = ( GEOMETRIC_REPRESENTATION_CONTEXT(2) 
PARAMETRIC_REPRESENTATION_CONTEXT() REPRESENTATION_CONTEXT('2D SPACE',''
  ) );
#625 = PCURVE('',#626,#631);
#626 = B_SPLINE_SURFACE_WITH_KNOTS('',1,1,(
    (#627,#628)
    ,(#629,#630
    )),.UNSPECIFIED.,.F.,.F.,.F.,(2,2),(2,2),(0.,0.625737860161),(0.,1.)
  ,.PIECEWISE_BEZIER_KNOTS.);
#627 = CARTESIAN_POINT('',(-7.1,13.6,15.));
#628 = CARTESIAN_POINT('',(-5.4,11.6,23.8));
#629 = CARTESIAN_POINT('',(-7.71803398875,13.50211303259,15.));
#630 = CARTESIAN_POINT('',(-5.77082039325,11.541267819554,23.8));
#631 = DEFINITIONAL_REPRESENTATION('',(#632),#636);
#632 = LINE('',#633,#634);
#633 = CARTESIAN_POINT('',(0.,0.));
#634 = VECTOR('',#635,1.);
#635 = DIRECTION('',(1.,0.));
#636 = ( GEOMETRIC_REPRESENTATION_CONTEXT(2) 
PARAMETRIC_REPRESENTATION_CONTEXT() REPRESENTATION_CONTEXT('2D SPACE',''
  ) );
#637 = ORIENTED_EDGE('',*,*,#638,.F.);
#638 = EDGE_CURVE('',#639,#611,#641,.T.);
#639 = VERTEX_POINT('',#640);
#640 = CARTESIAN_POINT('',(7.1,13.6,15.));
#641 = SURFACE_CURVE('',#642,(#646,#653),.PCURVE_S1.);
#642 = LINE('',#643,#644);
#643 = CARTESIAN_POINT('',(7.1,13.6,15.));
#644 = VECTOR('',#645,1.);
#645 = DIRECTION('',(-1.,0.,0.));
#646 = PCURVE('',#44,#647);
#647 = DEFINITIONAL_REPRESENTATION('',(#648),#652);
#648 = LINE('',#649,#650);
#649 = CARTESIAN_POINT('',(0.207561172628,2.820801013829));
#650 = VECTOR('',#651,1.);
#651 = DIRECTION('',(0.757090546614,0.6533099603));
#652 = ( GEOMETRIC_REPRESENTATION_CONTEXT(2) 
PARAMETRIC_REPRESENTATION_CONTEXT() REPRESENTATION_CONTEXT('2D SPACE',''
  ) );
#653 = PCURVE('',#654,#659);
#654 = B_SPLINE_SURFACE_WITH_KNOTS('',1,1,(
    (#655,#656)
    ,(#657,#658
    )),.UNSPECIFIED.,.F.,.F.,.F.,(2,2),(2,2),(0.,14.2),(0.,1.),
  .PIECEWISE_BEZIER_KNOTS.);
#655 = CARTESIAN_POINT('',(7.1,13.6,15.));
#656 = CARTESIAN_POINT('',(5.4,11.6,23.8));
#657 = CARTESIAN_POINT('',(-7.1,13.6,15.));
#658 = CARTESIAN_POINT('',(-5.4,11.6,23.8));
#659 = DEFINITIONAL_REPRESENTATION('',(#660),#664);
#660 = LINE('',#661,#662);
#661 = CARTESIAN_POINT('',(0.,0.));
#662 = VECTOR('',#663,1.);
#663 = DIRECTION('',(1.,0.));
#664 = ( GEOMETRIC_REPRESENTATION_CONTEXT(2) 
PARAMETRIC_REPRESENTATION_CONTEXT() REPRESENTATION_CONTEXT('2D SPACE',''
  ) );
#665 = ORIENTED_EDGE('',*,*,#666,.F.);
#666 = EDGE_CURVE('',#667,#639,#669,.T.);
#667 = VERTEX_POINT('',#668);
#668 = CARTESIAN_POINT('',(7.71803398875,13.50211303259,15.));
#669 = SURFACE_CURVE('',#670,(#674,#681),.PCURVE_S1.);
#670 = LINE('',#671,#672);
#671 = CARTESIAN_POINT('',(7.71803398875,13.50211303259,15.));
#672 = VECTOR('',#673,1.);
#673 = DIRECTION('',(-0.987688340595,0.15643446504,0.));
#674 = PCURVE('',#44,#675);
#675 = DEFINITIONAL_REPRESENTATION('',(#676),#680);
#676 = LINE('',#677,#678);
#677 = CARTESIAN_POINT('',(-0.196395986949,2.342923955512));
#678 = VECTOR('',#679,1.);
#679 = DIRECTION('',(0.645569311521,0.76370168523));
#680 = ( GEOMETRIC_REPRESENTATION_CONTEXT(2) 
PARAMETRIC_REPRESENTATION_CONTEXT() REPRESENTATION_CONTEXT('2D SPACE',''
  ) );
#681 = PCURVE('',#682,#687);
#682 = B_SPLINE_SURFACE_WITH_KNOTS('',1,1,(
    (#683,#684)
    ,(#685,#686
    )),.UNSPECIFIED.,.F.,.F.,.F.,(2,2),(2,2),(0.,0.625737860161),(0.,1.)
  ,.PIECEWISE_BEZIER_KNOTS.);
#683 = CARTESIAN_POINT('',(7.71803398875,13.50211303259,15.));
#684 = CARTESIAN_POINT('',(5.77082039325,11.541267819554,23.8));
#685 = CARTESIAN_POINT('',(7.1,13.6,15.));
#686 = CARTESIAN_POINT('',(5.4,11.6,23.8));
#687 = DEFINITIONAL_REPRESENTATION('',(#688),#692);
#688 = LINE('',#689,#690);
#689 = CARTESIAN_POINT('',(0.,0.));
#690 = VECTOR('',#691,1.);
#691 = DIRECTION('',(1.,0.));
#692 = ( GEOMETRIC_REPRESENTATION_CONTEXT(2) 
PARAMETRIC_REPRESENTATION_CONTEXT() REPRESENTATION_CONTEXT('2D SPACE',''
  ) );
#693 = ORIENTED_EDGE('',*,*,#694,.F.);
#694 = EDGE_CURVE('',#695,#667,#697,.T.);
#695 = VERTEX_POINT('',#696);
#696 = CARTESIAN_POINT('',(8.275570504585,13.21803398875,15.));
#697 = SURFACE_CURVE('',#698,(#702,#709),.PCURVE_S1.);
#698 = LINE('',#699,#700);
#699 = CARTESIAN_POINT('',(8.275570504585,13.21803398875,15.));
#700 = VECTOR('',#701,1.);
#701 = DIRECTION('',(-0.891006524188,0.45399049974,0.));
#702 = PCURVE('',#44,#703);
#703 = DEFINITIONAL_REPRESENTATION('',(#704),#708);
#704 = LINE('',#705,#706);
#705 = CARTESIAN_POINT('',(-0.432909943626,1.763606237903));
#706 = VECTOR('',#707,1.);
#707 = DIRECTION('',(0.377976101073,0.92581535255));
#708 = ( GEOMETRIC_REPRESENTATION_CONTEXT(2) 
PARAMETRIC_REPRESENTATION_CONTEXT() REPRESENTATION_CONTEXT('2D SPACE',''
  ) );
#709 = PCURVE('',#710,#715);
#710 = B_SPLINE_SURFACE_WITH_KNOTS('',1,1,(
    (#711,#712)
    ,(#713,#714
    )),.UNSPECIFIED.,.F.,.F.,.F.,(2,2),(2,2),(0.,0.625737860161),(0.,1.)
  ,.PIECEWISE_BEZIER_KNOTS.);
#711 = CARTESIAN_POINT('',(8.275570504585,13.21803398875,15.));
#712 = CARTESIAN_POINT('',(6.105342302751,11.37082039325,23.8));
#713 = CARTESIAN_POINT('',(7.71803398875,13.50211303259,15.));
#714 = CARTESIAN_POINT('',(5.77082039325,11.541267819554,23.8));
#715 = DEFINITIONAL_REPRESENTATION('',(#716),#720);
#716 = LINE('',#717,#718);
#717 = CARTESIAN_POINT('',(0.,0.));
#718 = VECTOR('',#719,1.);
#719 = DIRECTION('',(1.,0.));
#720 = ( GEOMETRIC_REPRESENTATION_CONTEXT(2) 
PARAMETRIC_REPRESENTATION_CONTEXT() REPRESENTATION_CONTEXT('2D SPACE',''
  ) );
#721 = ORIENTED_EDGE('',*,*,#722,.F.);
#722 = EDGE_CURVE('',#723,#695,#725,.T.);
#723 = VERTEX_POINT('',#724);
#724 = CARTESIAN_POINT('',(8.71803398875,12.775570504585,15.));
#725 = SURFACE_CURVE('',#726,(#730,#737),.PCURVE_S1.);
#726 = LINE('',#727,#728);
#727 = CARTESIAN_POINT('',(8.71803398875,12.775570504585,15.));
#728 = VECTOR('',#729,1.);
#729 = DIRECTION('',(-0.707106781187,0.707106781187,0.));
#730 = PCURVE('',#44,#731);
#731 = DEFINITIONAL_REPRESENTATION('',(#732),#736);
#732 = LINE('',#733,#734);
#733 = CARTESIAN_POINT('',(-0.478829063435,1.139555515545));
#734 = VECTOR('',#735,1.);
#735 = DIRECTION('',(7.338395633799E-02,0.997303762628));
#736 = ( GEOMETRIC_REPRESENTATION_CONTEXT(2) 
PARAMETRIC_REPRESENTATION_CONTEXT() REPRESENTATION_CONTEXT('2D SPACE',''
  ) );
#737 = PCURVE('',#738,#743);
#738 = B_SPLINE_SURFACE_WITH_KNOTS('',1,1,(
    (#739,#740)
    ,(#741,#742
    )),.UNSPECIFIED.,.F.,.F.,.F.,(2,2),(2,2),(0.,0.625737860161),(0.,1.)
  ,.PIECEWISE_BEZIER_KNOTS.);
#739 = CARTESIAN_POINT('',(8.71803398875,12.775570504585,15.));
#740 = CARTESIAN_POINT('',(6.37082039325,11.105342302751,23.8));
#741 = CARTESIAN_POINT('',(8.275570504585,13.21803398875,15.));
#742 = CARTESIAN_POINT('',(6.105342302751,11.37082039325,23.8));
#743 = DEFINITIONAL_REPRESENTATION('',(#744),#748);
#744 = LINE('',#745,#746);
#745 = CARTESIAN_POINT('',(0.,0.));
#746 = VECTOR('',#747,1.);
#747 = DIRECTION('',(1.,0.));
#748 = ( GEOMETRIC_REPRESENTATION_CONTEXT(2) 
PARAMETRIC_REPRESENTATION_CONTEXT() REPRESENTATION_CONTEXT('2D SPACE',''
  ) );
#749 = ORIENTED_EDGE('',*,*,#750,.F.);
#750 = EDGE_CURVE('',#24,#723,#751,.T.);
#751 = SURFACE_CURVE('',#752,(#756,#763),.PCURVE_S1.);
#752 = LINE('',#753,#754);
#753 = CARTESIAN_POINT('',(9.00211303259,12.21803398875,15.));
#754 = VECTOR('',#755,1.);
#755 = DIRECTION('',(-0.45399049974,0.891006524188,0.));
#756 = PCURVE('',#44,#757);
#757 = DEFINITIONAL_REPRESENTATION('',(#758),#762);
#758 = LINE('',#759,#760);
#759 = CARTESIAN_POINT('',(-0.329658462992,0.531858221161));
#760 = VECTOR('',#761,1.);
#761 = DIRECTION('',(-0.238391521339,0.971169131796));
#762 = ( GEOMETRIC_REPRESENTATION_CONTEXT(2) 
PARAMETRIC_REPRESENTATION_CONTEXT() REPRESENTATION_CONTEXT('2D SPACE',''
  ) );
#763 = PCURVE('',#71,#764);
#764 = DEFINITIONAL_REPRESENTATION('',(#765),#769);
#765 = LINE('',#766,#767);
#766 = CARTESIAN_POINT('',(0.,0.));
#767 = VECTOR('',#768,1.);
#768 = DIRECTION('',(1.,0.));
#769 = ( GEOMETRIC_REPRESENTATION_CONTEXT(2) 
PARAMETRIC_REPRESENTATION_CONTEXT() REPRESENTATION_CONTEXT('2D SPACE',''
  ) );
#770 = FACE_BOUND('',#771,.T.);
#771 = EDGE_LOOP('',(#772,#799,#824,#849,#874,#899,#924,#949,#974,#999,
    #1024,#1049,#1074,#1099,#1124,#1149,#1174,#1199,#1224,#1249,#1274,
    #1299,#1324,#1349));
#772 = ORIENTED_EDGE('',*,*,#773,.F.);
#773 = EDGE_CURVE('',#774,#776,#778,.T.);
#774 = VERTEX_POINT('',#775);
#775 = CARTESIAN_POINT('',(7.580406173167,11.069237914698,15.));
#776 = VERTEX_POINT('',#777);
#777 = CARTESIAN_POINT('',(7.658181818182,10.578181818182,15.));
#778 = SURFACE_CURVE('',#779,(#782,#788),.PCURVE_S1.);
#779 = B_SPLINE_CURVE_WITH_KNOTS('',1,(#780,#781),.UNSPECIFIED.,.F.,.F.,
  (2,2),(0.,1.),.PIECEWISE_BEZIER_KNOTS.);
#780 = CARTESIAN_POINT('',(7.580406173167,11.069237914698,15.));
#781 = CARTESIAN_POINT('',(7.658181818182,10.578181818182,15.));
#782 = PCURVE('',#44,#783);
#783 = DEFINITIONAL_REPRESENTATION('',(#784),#787);
#784 = B_SPLINE_CURVE_WITH_KNOTS('',1,(#785,#786),.UNSPECIFIED.,.F.,.F.,
  (2,2),(0.,1.),.PIECEWISE_BEZIER_KNOTS.);
#785 = CARTESIAN_POINT('',(1.497222277866,0.590930825397));
#786 = CARTESIAN_POINT('',(1.759150911189,0.168345293311));
#787 = ( GEOMETRIC_REPRESENTATION_CONTEXT(2) 
PARAMETRIC_REPRESENTATION_CONTEXT() REPRESENTATION_CONTEXT('2D SPACE',''
  ) );
#788 = PCURVE('',#789,#794);
#789 = B_SPLINE_SURFACE_WITH_KNOTS('',1,1,(
    (#790,#791)
    ,(#792,#793
    )),.UNSPECIFIED.,.F.,.F.,.F.,(2,2),(2,2),(0.,0.500590288129),(0.,1.)
  ,.PIECEWISE_BEZIER_KNOTS.);
#790 = CARTESIAN_POINT('',(7.7,10.6,14.9));
#791 = CARTESIAN_POINT('',(5.4,9.4,20.4));
#792 = CARTESIAN_POINT('',(7.621690426072,11.094427191,14.9));
#793 = CARTESIAN_POINT('',(5.351056516295,9.709016994375,20.4));
#794 = DEFINITIONAL_REPRESENTATION('',(#795),#798);
#795 = B_SPLINE_CURVE_WITH_KNOTS('',1,(#796,#797),.UNSPECIFIED.,.F.,.F.,
  (2,2),(0.,1.),.PIECEWISE_BEZIER_KNOTS.);
#796 = CARTESIAN_POINT('',(0.500590288129,1.818181818182E-02));
#797 = CARTESIAN_POINT('',(0.,1.818181818182E-02));
#798 = ( GEOMETRIC_REPRESENTATION_CONTEXT(2) 
PARAMETRIC_REPRESENTATION_CONTEXT() REPRESENTATION_CONTEXT('2D SPACE',''
  ) );
#799 = ORIENTED_EDGE('',*,*,#800,.F.);
#800 = EDGE_CURVE('',#801,#774,#803,.T.);
#801 = VERTEX_POINT('',#802);
#802 = CARTESIAN_POINT('',(7.354692460152,11.512226019097,15.));
#803 = SURFACE_CURVE('',#804,(#807,#813),.PCURVE_S1.);
#804 = B_SPLINE_CURVE_WITH_KNOTS('',1,(#805,#806),.UNSPECIFIED.,.F.,.F.,
  (2,2),(0.,1.),.PIECEWISE_BEZIER_KNOTS.);
#805 = CARTESIAN_POINT('',(7.354692460152,11.512226019097,15.));
#806 = CARTESIAN_POINT('',(7.580406173167,11.069237914698,15.));
#807 = PCURVE('',#44,#808);
#808 = DEFINITIONAL_REPRESENTATION('',(#809),#812);
#809 = B_SPLINE_CURVE_WITH_KNOTS('',1,(#810,#811),.UNSPECIFIED.,.F.,.F.,
  (2,2),(0.,1.),.PIECEWISE_BEZIER_KNOTS.);
#810 = CARTESIAN_POINT('',(1.378699455332,1.07377394839));
#811 = CARTESIAN_POINT('',(1.497222277866,0.590930825397));
#812 = ( GEOMETRIC_REPRESENTATION_CONTEXT(2) 
PARAMETRIC_REPRESENTATION_CONTEXT() REPRESENTATION_CONTEXT('2D SPACE',''
  ) );
#813 = PCURVE('',#814,#819);
#814 = B_SPLINE_SURFACE_WITH_KNOTS('',1,1,(
    (#815,#816)
    ,(#817,#818
    )),.UNSPECIFIED.,.F.,.F.,.F.,(2,2),(2,2),(0.,0.500590288129),(0.,1.)
  ,.PIECEWISE_BEZIER_KNOTS.);
#815 = CARTESIAN_POINT('',(7.621690426072,11.094427191,14.9));
#816 = CARTESIAN_POINT('',(5.351056516295,9.709016994375,20.4));
#817 = CARTESIAN_POINT('',(7.394427191,11.540456403668,14.9));
#818 = CARTESIAN_POINT('',(5.209016994375,9.987785252292,20.4));
#819 = DEFINITIONAL_REPRESENTATION('',(#820),#823);
#820 = B_SPLINE_CURVE_WITH_KNOTS('',1,(#821,#822),.UNSPECIFIED.,.F.,.F.,
  (2,2),(0.,1.),.PIECEWISE_BEZIER_KNOTS.);
#821 = CARTESIAN_POINT('',(0.500590288129,1.818181818182E-02));
#822 = CARTESIAN_POINT('',(0.,1.818181818182E-02));
#823 = ( GEOMETRIC_REPRESENTATION_CONTEXT(2) 
PARAMETRIC_REPRESENTATION_CONTEXT() REPRESENTATION_CONTEXT('2D SPACE',''
  ) );
#824 = ORIENTED_EDGE('',*,*,#825,.F.);
#825 = EDGE_CURVE('',#826,#801,#828,.T.);
#826 = VERTEX_POINT('',#827);
#827 = CARTESIAN_POINT('',(7.003135110007,11.863783369243,15.));
#828 = SURFACE_CURVE('',#829,(#832,#838),.PCURVE_S1.);
#829 = B_SPLINE_CURVE_WITH_KNOTS('',1,(#830,#831),.UNSPECIFIED.,.F.,.F.,
  (2,2),(0.,1.),.PIECEWISE_BEZIER_KNOTS.);
#830 = CARTESIAN_POINT('',(7.003135110007,11.863783369243,15.));
#831 = CARTESIAN_POINT('',(7.354692460152,11.512226019097,15.));
#832 = PCURVE('',#44,#833);
#833 = DEFINITIONAL_REPRESENTATION('',(#834),#837);
#834 = B_SPLINE_CURVE_WITH_KNOTS('',1,(#835,#836),.UNSPECIFIED.,.F.,.F.,
  (2,2),(0.,1.),.PIECEWISE_BEZIER_KNOTS.);
#835 = CARTESIAN_POINT('',(1.415184283253,1.569610613245));
#836 = CARTESIAN_POINT('',(1.378699455332,1.07377394839));
#837 = ( GEOMETRIC_REPRESENTATION_CONTEXT(2) 
PARAMETRIC_REPRESENTATION_CONTEXT() REPRESENTATION_CONTEXT('2D SPACE',''
  ) );
#838 = PCURVE('',#839,#844);
#839 = B_SPLINE_SURFACE_WITH_KNOTS('',1,1,(
    (#840,#841)
    ,(#842,#843
    )),.UNSPECIFIED.,.F.,.F.,.F.,(2,2),(2,2),(0.,0.500590288129),(0.,1.)
  ,.PIECEWISE_BEZIER_KNOTS.);
#840 = CARTESIAN_POINT('',(7.394427191,11.540456403668,14.9));
#841 = CARTESIAN_POINT('',(5.209016994375,9.987785252292,20.4));
#842 = CARTESIAN_POINT('',(7.040456403668,11.894427191,14.9));
#843 = CARTESIAN_POINT('',(4.987785252292,10.209016994375,20.4));
#844 = DEFINITIONAL_REPRESENTATION('',(#845),#848);
#845 = B_SPLINE_CURVE_WITH_KNOTS('',1,(#846,#847),.UNSPECIFIED.,.F.,.F.,
  (2,2),(0.,1.),.PIECEWISE_BEZIER_KNOTS.);
#846 = CARTESIAN_POINT('',(0.500590288129,1.818181818182E-02));
#847 = CARTESIAN_POINT('',(0.,1.818181818182E-02));
#848 = ( GEOMETRIC_REPRESENTATION_CONTEXT(2) 
PARAMETRIC_REPRESENTATION_CONTEXT() REPRESENTATION_CONTEXT('2D SPACE',''
  ) );
#849 = ORIENTED_EDGE('',*,*,#850,.F.);
#850 = EDGE_CURVE('',#851,#826,#853,.T.);
#851 = VERTEX_POINT('',#852);
#852 = CARTESIAN_POINT('',(6.560147005607,12.089497082258,15.));
#853 = SURFACE_CURVE('',#854,(#857,#863),.PCURVE_S1.);
#854 = B_SPLINE_CURVE_WITH_KNOTS('',1,(#855,#856),.UNSPECIFIED.,.F.,.F.,
  (2,2),(0.,1.),.PIECEWISE_BEZIER_KNOTS.);
#855 = CARTESIAN_POINT('',(6.560147005607,12.089497082258,15.));
#856 = CARTESIAN_POINT('',(7.003135110007,11.863783369243,15.));
#857 = PCURVE('',#44,#858);
#858 = DEFINITIONAL_REPRESENTATION('',(#859),#862);
#859 = B_SPLINE_CURVE_WITH_KNOTS('',1,(#860,#861),.UNSPECIFIED.,.F.,.F.,
  (2,2),(0.,1.),.PIECEWISE_BEZIER_KNOTS.);
#860 = CARTESIAN_POINT('',(1.603105372467,2.029904872508));
#861 = CARTESIAN_POINT('',(1.415184283253,1.569610613245));
#862 = ( GEOMETRIC_REPRESENTATION_CONTEXT(2) 
PARAMETRIC_REPRESENTATION_CONTEXT() REPRESENTATION_CONTEXT('2D SPACE',''
  ) );
#863 = PCURVE('',#864,#869);
#864 = B_SPLINE_SURFACE_WITH_KNOTS('',1,1,(
    (#865,#866)
    ,(#867,#868
    )),.UNSPECIFIED.,.F.,.F.,.F.,(2,2),(2,2),(0.,0.500590288129),(0.,1.)
  ,.PIECEWISE_BEZIER_KNOTS.);
#865 = CARTESIAN_POINT('',(7.040456403668,11.894427191,14.9));
#866 = CARTESIAN_POINT('',(4.987785252292,10.209016994375,20.4));
#867 = CARTESIAN_POINT('',(6.594427191,12.121690426072,14.9));
#868 = CARTESIAN_POINT('',(4.709016994375,10.351056516295,20.4));
#869 = DEFINITIONAL_REPRESENTATION('',(#870),#873);
#870 = B_SPLINE_CURVE_WITH_KNOTS('',1,(#871,#872),.UNSPECIFIED.,.F.,.F.,
  (2,2),(0.,1.),.PIECEWISE_BEZIER_KNOTS.);
#871 = CARTESIAN_POINT('',(0.500590288129,1.818181818182E-02));
#872 = CARTESIAN_POINT('',(0.,1.818181818182E-02));
#873 = ( GEOMETRIC_REPRESENTATION_CONTEXT(2) 
PARAMETRIC_REPRESENTATION_CONTEXT() REPRESENTATION_CONTEXT('2D SPACE',''
  ) );
#874 = ORIENTED_EDGE('',*,*,#875,.F.);
#875 = EDGE_CURVE('',#876,#851,#878,.T.);
#876 = VERTEX_POINT('',#877);
#877 = CARTESIAN_POINT('',(6.069090909091,12.167272727273,15.));
#878 = SURFACE_CURVE('',#879,(#882,#888),.PCURVE_S1.);
#879 = B_SPLINE_CURVE_WITH_KNOTS('',1,(#880,#881),.UNSPECIFIED.,.F.,.F.,
  (2,2),(0.,1.),.PIECEWISE_BEZIER_KNOTS.);
#880 = CARTESIAN_POINT('',(6.069090909091,12.167272727273,15.));
#881 = CARTESIAN_POINT('',(6.560147005607,12.089497082258,15.));
#882 = PCURVE('',#44,#883);
#883 = DEFINITIONAL_REPRESENTATION('',(#884),#887);
#884 = B_SPLINE_CURVE_WITH_KNOTS('',1,(#885,#886),.UNSPECIFIED.,.F.,.F.,
  (2,2),(0.,1.),.PIECEWISE_BEZIER_KNOTS.);
#885 = CARTESIAN_POINT('',(1.92406769744,2.409599917026));
#886 = CARTESIAN_POINT('',(1.603105372467,2.029904872508));
#887 = ( GEOMETRIC_REPRESENTATION_CONTEXT(2) 
PARAMETRIC_REPRESENTATION_CONTEXT() REPRESENTATION_CONTEXT('2D SPACE',''
  ) );
#888 = PCURVE('',#889,#894);
#889 = B_SPLINE_SURFACE_WITH_KNOTS('',1,1,(
    (#890,#891)
    ,(#892,#893
    )),.UNSPECIFIED.,.F.,.F.,.F.,(2,2),(2,2),(0.,0.500590288129),(0.,1.)
  ,.PIECEWISE_BEZIER_KNOTS.);
#890 = CARTESIAN_POINT('',(6.594427191,12.121690426072,14.9));
#891 = CARTESIAN_POINT('',(4.709016994375,10.351056516295,20.4));
#892 = CARTESIAN_POINT('',(6.1,12.2,14.9));
#893 = CARTESIAN_POINT('',(4.4,10.4,20.4));
#894 = DEFINITIONAL_REPRESENTATION('',(#895),#898);
#895 = B_SPLINE_CURVE_WITH_KNOTS('',1,(#896,#897),.UNSPECIFIED.,.F.,.F.,
  (2,2),(0.,1.),.PIECEWISE_BEZIER_KNOTS.);
#896 = CARTESIAN_POINT('',(0.500590288129,1.818181818182E-02));
#897 = CARTESIAN_POINT('',(0.,1.818181818182E-02));
#898 = ( GEOMETRIC_REPRESENTATION_CONTEXT(2) 
PARAMETRIC_REPRESENTATION_CONTEXT() REPRESENTATION_CONTEXT('2D SPACE',''
  ) );
#899 = ORIENTED_EDGE('',*,*,#900,.F.);
#900 = EDGE_CURVE('',#901,#876,#903,.T.);
#901 = VERTEX_POINT('',#902);
#902 = CARTESIAN_POINT('',(-6.069090909091,12.167272727273,15.));
#903 = SURFACE_CURVE('',#904,(#907,#913),.PCURVE_S1.);
#904 = B_SPLINE_CURVE_WITH_KNOTS('',1,(#905,#906),.UNSPECIFIED.,.F.,.F.,
  (2,2),(0.,1.),.PIECEWISE_BEZIER_KNOTS.);
#905 = CARTESIAN_POINT('',(-6.069090909091,12.167272727273,15.));
#906 = CARTESIAN_POINT('',(6.069090909091,12.167272727273,15.));
#907 = PCURVE('',#44,#908);
#908 = DEFINITIONAL_REPRESENTATION('',(#909),#912);
#909 = B_SPLINE_CURVE_WITH_KNOTS('',1,(#910,#911),.UNSPECIFIED.,.F.,.F.,
  (2,2),(0.,1.),.PIECEWISE_BEZIER_KNOTS.);
#910 = CARTESIAN_POINT('',(11.113770405068,10.33959499878));
#911 = CARTESIAN_POINT('',(1.92406769744,2.409599917026));
#912 = ( GEOMETRIC_REPRESENTATION_CONTEXT(2) 
PARAMETRIC_REPRESENTATION_CONTEXT() REPRESENTATION_CONTEXT('2D SPACE',''
  ) );
#913 = PCURVE('',#914,#919);
#914 = B_SPLINE_SURFACE_WITH_KNOTS('',1,1,(
    (#915,#916)
    ,(#917,#918
    )),.UNSPECIFIED.,.F.,.F.,.F.,(2,2),(2,2),(0.,12.2),(0.,1.),
  .PIECEWISE_BEZIER_KNOTS.);
#915 = CARTESIAN_POINT('',(6.1,12.2,14.9));
#916 = CARTESIAN_POINT('',(4.4,10.4,20.4));
#917 = CARTESIAN_POINT('',(-6.1,12.2,14.9));
#918 = CARTESIAN_POINT('',(-4.4,10.4,20.4));
#919 = DEFINITIONAL_REPRESENTATION('',(#920),#923);
#920 = B_SPLINE_CURVE_WITH_KNOTS('',1,(#921,#922),.UNSPECIFIED.,.F.,.F.,
  (2,2),(0.,1.),.PIECEWISE_BEZIER_KNOTS.);
#921 = CARTESIAN_POINT('',(12.2,1.818181818182E-02));
#922 = CARTESIAN_POINT('',(0.,1.818181818182E-02));
#923 = ( GEOMETRIC_REPRESENTATION_CONTEXT(2) 
PARAMETRIC_REPRESENTATION_CONTEXT() REPRESENTATION_CONTEXT('2D SPACE',''
  ) );
#924 = ORIENTED_EDGE('',*,*,#925,.F.);
#925 = EDGE_CURVE('',#926,#901,#928,.T.);
#926 = VERTEX_POINT('',#927);
#927 = CARTESIAN_POINT('',(-6.560147005607,12.089497082258,15.));
#928 = SURFACE_CURVE('',#929,(#932,#938),.PCURVE_S1.);
#929 = B_SPLINE_CURVE_WITH_KNOTS('',1,(#930,#931),.UNSPECIFIED.,.F.,.F.,
  (2,2),(0.,1.),.PIECEWISE_BEZIER_KNOTS.);
#930 = CARTESIAN_POINT('',(-6.560147005607,12.089497082258,15.));
#931 = CARTESIAN_POINT('',(-6.069090909091,12.167272727273,15.));
#932 = PCURVE('',#44,#933);
#933 = DEFINITIONAL_REPRESENTATION('',(#934),#937);
#934 = B_SPLINE_CURVE_WITH_KNOTS('',1,(#935,#936),.UNSPECIFIED.,.F.,.F.,
  (2,2),(0.,1.),.PIECEWISE_BEZIER_KNOTS.);
#935 = CARTESIAN_POINT('',(11.536355937155,10.601523632103));
#936 = CARTESIAN_POINT('',(11.113770405068,10.33959499878));
#937 = ( GEOMETRIC_REPRESENTATION_CONTEXT(2) 
PARAMETRIC_REPRESENTATION_CONTEXT() REPRESENTATION_CONTEXT('2D SPACE',''
  ) );
#938 = PCURVE('',#939,#944);
#939 = B_SPLINE_SURFACE_WITH_KNOTS('',1,1,(
    (#940,#941)
    ,(#942,#943
    )),.UNSPECIFIED.,.F.,.F.,.F.,(2,2),(2,2),(0.,0.500590288129),(0.,1.)
  ,.PIECEWISE_BEZIER_KNOTS.);
#940 = CARTESIAN_POINT('',(-6.1,12.2,14.9));
#941 = CARTESIAN_POINT('',(-4.4,10.4,20.4));
#942 = CARTESIAN_POINT('',(-6.594427191,12.121690426072,14.9));
#943 = CARTESIAN_POINT('',(-4.709016994375,10.351056516295,20.4));
#944 = DEFINITIONAL_REPRESENTATION('',(#945),#948);
#945 = B_SPLINE_CURVE_WITH_KNOTS('',1,(#946,#947),.UNSPECIFIED.,.F.,.F.,
  (2,2),(0.,1.),.PIECEWISE_BEZIER_KNOTS.);
#946 = CARTESIAN_POINT('',(0.500590288129,1.818181818182E-02));
#947 = CARTESIAN_POINT('',(0.,1.818181818182E-02));
#948 = ( GEOMETRIC_REPRESENTATION_CONTEXT(2) 
PARAMETRIC_REPRESENTATION_CONTEXT() REPRESENTATION_CONTEXT('2D SPACE',''
  ) );
#949 = ORIENTED_EDGE('',*,*,#950,.F.);
#950 = EDGE_CURVE('',#951,#926,#953,.T.);
#951 = VERTEX_POINT('',#952);
#952 = CARTESIAN_POINT('',(-7.003135110007,11.863783369243,15.));
#953 = SURFACE_CURVE('',#954,(#957,#963),.PCURVE_S1.);
#954 = B_SPLINE_CURVE_WITH_KNOTS('',1,(#955,#956),.UNSPECIFIED.,.F.,.F.,
  (2,2),(0.,1.),.PIECEWISE_BEZIER_KNOTS.);
#955 = CARTESIAN_POINT('',(-7.003135110007,11.863783369243,15.));
#956 = CARTESIAN_POINT('',(-6.560147005607,12.089497082258,15.));
#957 = PCURVE('',#44,#958);
#958 = DEFINITIONAL_REPRESENTATION('',(#959),#962);
#959 = B_SPLINE_CURVE_WITH_KNOTS('',1,(#960,#961),.UNSPECIFIED.,.F.,.F.,
  (2,2),(0.,1.),.PIECEWISE_BEZIER_KNOTS.);
#960 = CARTESIAN_POINT('',(12.019199060147,10.720046454637));
#961 = CARTESIAN_POINT('',(11.536355937155,10.601523632103));
#962 = ( GEOMETRIC_REPRESENTATION_CONTEXT(2) 
PARAMETRIC_REPRESENTATION_CONTEXT() REPRESENTATION_CONTEXT('2D SPACE',''
  ) );
#963 = PCURVE('',#964,#969);
#964 = B_SPLINE_SURFACE_WITH_KNOTS('',1,1,(
    (#965,#966)
    ,(#967,#968
    )),.UNSPECIFIED.,.F.,.F.,.F.,(2,2),(2,2),(0.,0.500590288129),(0.,1.)
  ,.PIECEWISE_BEZIER_KNOTS.);
#965 = CARTESIAN_POINT('',(-6.594427191,12.121690426072,14.9));
#966 = CARTESIAN_POINT('',(-4.709016994375,10.351056516295,20.4));
#967 = CARTESIAN_POINT('',(-7.040456403668,11.894427191,14.9));
#968 = CARTESIAN_POINT('',(-4.987785252292,10.209016994375,20.4));
#969 = DEFINITIONAL_REPRESENTATION('',(#970),#973);
#970 = B_SPLINE_CURVE_WITH_KNOTS('',1,(#971,#972),.UNSPECIFIED.,.F.,.F.,
  (2,2),(0.,1.),.PIECEWISE_BEZIER_KNOTS.);
#971 = CARTESIAN_POINT('',(0.500590288129,1.818181818182E-02));
#972 = CARTESIAN_POINT('',(0.,1.818181818182E-02));
#973 = ( GEOMETRIC_REPRESENTATION_CONTEXT(2) 
PARAMETRIC_REPRESENTATION_CONTEXT() REPRESENTATION_CONTEXT('2D SPACE',''
  ) );
#974 = ORIENTED_EDGE('',*,*,#975,.F.);
#975 = EDGE_CURVE('',#976,#951,#978,.T.);
#976 = VERTEX_POINT('',#977);
#977 = CARTESIAN_POINT('',(-7.354692460152,11.512226019097,15.));
#978 = SURFACE_CURVE('',#979,(#982,#988),.PCURVE_S1.);
#979 = B_SPLINE_CURVE_WITH_KNOTS('',1,(#980,#981),.UNSPECIFIED.,.F.,.F.,
  (2,2),(0.,1.),.PIECEWISE_BEZIER_KNOTS.);
#980 = CARTESIAN_POINT('',(-7.354692460152,11.512226019097,15.));
#981 = CARTESIAN_POINT('',(-7.003135110007,11.863783369243,15.));
#982 = PCURVE('',#44,#983);
#983 = DEFINITIONAL_REPRESENTATION('',(#984),#987);
#984 = B_SPLINE_CURVE_WITH_KNOTS('',1,(#985,#986),.UNSPECIFIED.,.F.,.F.,
  (2,2),(0.,1.),.PIECEWISE_BEZIER_KNOTS.);
#985 = CARTESIAN_POINT('',(12.515035725002,10.683561626716));
#986 = CARTESIAN_POINT('',(12.019199060147,10.720046454637));
#987 = ( GEOMETRIC_REPRESENTATION_CONTEXT(2) 
PARAMETRIC_REPRESENTATION_CONTEXT() REPRESENTATION_CONTEXT('2D SPACE',''
  ) );
#988 = PCURVE('',#989,#994);
#989 = B_SPLINE_SURFACE_WITH_KNOTS('',1,1,(
    (#990,#991)
    ,(#992,#993
    )),.UNSPECIFIED.,.F.,.F.,.F.,(2,2),(2,2),(0.,0.500590288129),(0.,1.)
  ,.PIECEWISE_BEZIER_KNOTS.);
#990 = CARTESIAN_POINT('',(-7.040456403668,11.894427191,14.9));
#991 = CARTESIAN_POINT('',(-4.987785252292,10.209016994375,20.4));
#992 = CARTESIAN_POINT('',(-7.394427191,11.540456403668,14.9));
#993 = CARTESIAN_POINT('',(-5.209016994375,9.987785252292,20.4));
#994 = DEFINITIONAL_REPRESENTATION('',(#995),#998);
#995 = B_SPLINE_CURVE_WITH_KNOTS('',1,(#996,#997),.UNSPECIFIED.,.F.,.F.,
  (2,2),(0.,1.),.PIECEWISE_BEZIER_KNOTS.);
#996 = CARTESIAN_POINT('',(0.500590288129,1.818181818182E-02));
#997 = CARTESIAN_POINT('',(0.,1.818181818182E-02));
#998 = ( GEOMETRIC_REPRESENTATION_CONTEXT(2) 
PARAMETRIC_REPRESENTATION_CONTEXT() REPRESENTATION_CONTEXT('2D SPACE',''
  ) );
#999 = ORIENTED_EDGE('',*,*,#1000,.F.);
#1000 = EDGE_CURVE('',#1001,#976,#1003,.T.);
#1001 = VERTEX_POINT('',#1002);
#1002 = CARTESIAN_POINT('',(-7.580406173167,11.069237914698,15.));
#1003 = SURFACE_CURVE('',#1004,(#1007,#1013),.PCURVE_S1.);
#1004 = B_SPLINE_CURVE_WITH_KNOTS('',1,(#1005,#1006),.UNSPECIFIED.,.F.,
  .F.,(2,2),(0.,1.),.PIECEWISE_BEZIER_KNOTS.);
#1005 = CARTESIAN_POINT('',(-7.580406173167,11.069237914698,15.));
#1006 = CARTESIAN_POINT('',(-7.354692460152,11.512226019097,15.));
#1007 = PCURVE('',#44,#1008);
#1008 = DEFINITIONAL_REPRESENTATION('',(#1009),#1012);
#1009 = B_SPLINE_CURVE_WITH_KNOTS('',1,(#1010,#1011),.UNSPECIFIED.,.F.,
  .F.,(2,2),(0.,1.),.PIECEWISE_BEZIER_KNOTS.);
#1010 = CARTESIAN_POINT('',(12.975329984266,10.495640537501));
#1011 = CARTESIAN_POINT('',(12.515035725002,10.683561626716));
#1012 = ( GEOMETRIC_REPRESENTATION_CONTEXT(2) 
PARAMETRIC_REPRESENTATION_CONTEXT() REPRESENTATION_CONTEXT('2D SPACE',''
  ) );
#1013 = PCURVE('',#1014,#1019);
#1014 = B_SPLINE_SURFACE_WITH_KNOTS('',1,1,(
    (#1015,#1016)
    ,(#1017,#1018
    )),.UNSPECIFIED.,.F.,.F.,.F.,(2,2),(2,2),(0.,0.500590288129),(0.,1.)
  ,.PIECEWISE_BEZIER_KNOTS.);
#1015 = CARTESIAN_POINT('',(-7.394427191,11.540456403668,14.9));
#1016 = CARTESIAN_POINT('',(-5.209016994375,9.987785252292,20.4));
#1017 = CARTESIAN_POINT('',(-7.621690426072,11.094427191,14.9));
#1018 = CARTESIAN_POINT('',(-5.351056516295,9.709016994375,20.4));
#1019 = DEFINITIONAL_REPRESENTATION('',(#1020),#1023);
#1020 = B_SPLINE_CURVE_WITH_KNOTS('',1,(#1021,#1022),.UNSPECIFIED.,.F.,
  .F.,(2,2),(0.,1.),.PIECEWISE_BEZIER_KNOTS.);
#1021 = CARTESIAN_POINT('',(0.500590288129,1.818181818182E-02));
#1022 = CARTESIAN_POINT('',(0.,1.818181818182E-02));
#1023 = ( GEOMETRIC_REPRESENTATION_CONTEXT(2) 
PARAMETRIC_REPRESENTATION_CONTEXT() REPRESENTATION_CONTEXT('2D SPACE',''
  ) );
#1024 = ORIENTED_EDGE('',*,*,#1025,.F.);
#1025 = EDGE_CURVE('',#1026,#1001,#1028,.T.);
#1026 = VERTEX_POINT('',#1027);
#1027 = CARTESIAN_POINT('',(-7.658181818182,10.578181818182,15.));
#1028 = SURFACE_CURVE('',#1029,(#1032,#1038),.PCURVE_S1.);
#1029 = B_SPLINE_CURVE_WITH_KNOTS('',1,(#1030,#1031),.UNSPECIFIED.,.F.,
  .F.,(2,2),(0.,1.),.PIECEWISE_BEZIER_KNOTS.);
#1030 = CARTESIAN_POINT('',(-7.658181818182,10.578181818182,15.));
#1031 = CARTESIAN_POINT('',(-7.580406173167,11.069237914698,15.));
#1032 = PCURVE('',#44,#1033);
#1033 = DEFINITIONAL_REPRESENTATION('',(#1034),#1037);
#1034 = B_SPLINE_CURVE_WITH_KNOTS('',1,(#1035,#1036),.UNSPECIFIED.,.F.,
  .F.,(2,2),(0.,1.),.PIECEWISE_BEZIER_KNOTS.);
#1035 = CARTESIAN_POINT('',(13.355025028783,10.174678212529));
#1036 = CARTESIAN_POINT('',(12.975329984266,10.495640537501));
#1037 = ( GEOMETRIC_REPRESENTATION_CONTEXT(2) 
PARAMETRIC_REPRESENTATION_CONTEXT() REPRESENTATION_CONTEXT('2D SPACE',''
  ) );
#1038 = PCURVE('',#1039,#1044);
#1039 = B_SPLINE_SURFACE_WITH_KNOTS('',1,1,(
    (#1040,#1041)
    ,(#1042,#1043
    )),.UNSPECIFIED.,.F.,.F.,.F.,(2,2),(2,2),(0.,0.500590288129),(0.,1.)
  ,.PIECEWISE_BEZIER_KNOTS.);
#1040 = CARTESIAN_POINT('',(-7.621690426072,11.094427191,14.9));
#1041 = CARTESIAN_POINT('',(-5.351056516295,9.709016994375,20.4));
#1042 = CARTESIAN_POINT('',(-7.7,10.6,14.9));
#1043 = CARTESIAN_POINT('',(-5.4,9.4,20.4));
#1044 = DEFINITIONAL_REPRESENTATION('',(#1045),#1048);
#1045 = B_SPLINE_CURVE_WITH_KNOTS('',1,(#1046,#1047),.UNSPECIFIED.,.F.,
  .F.,(2,2),(0.,1.),.PIECEWISE_BEZIER_KNOTS.);
#1046 = CARTESIAN_POINT('',(0.500590288129,1.818181818182E-02));
#1047 = CARTESIAN_POINT('',(0.,1.818181818182E-02));
#1048 = ( GEOMETRIC_REPRESENTATION_CONTEXT(2) 
PARAMETRIC_REPRESENTATION_CONTEXT() REPRESENTATION_CONTEXT('2D SPACE',''
  ) );
#1049 = ORIENTED_EDGE('',*,*,#1050,.F.);
#1050 = EDGE_CURVE('',#1051,#1026,#1053,.T.);
#1051 = VERTEX_POINT('',#1052);
#1052 = CARTESIAN_POINT('',(-7.658181818182,-1.578181818182,15.));
#1053 = SURFACE_CURVE('',#1054,(#1057,#1063),.PCURVE_S1.);
#1054 = B_SPLINE_CURVE_WITH_KNOTS('',1,(#1055,#1056),.UNSPECIFIED.,.F.,
  .F.,(2,2),(0.,1.),.PIECEWISE_BEZIER_KNOTS.);
#1055 = CARTESIAN_POINT('',(-7.658181818182,-1.578181818182,15.));
#1056 = CARTESIAN_POINT('',(-7.658181818182,10.578181818182,15.));
#1057 = PCURVE('',#44,#1058);
#1058 = DEFINITIONAL_REPRESENTATION('',(#1059),#1062);
#1059 = B_SPLINE_CURVE_WITH_KNOTS('',1,(#1060,#1061),.UNSPECIFIED.,.F.,
  .F.,(2,2),(0.,1.),.PIECEWISE_BEZIER_KNOTS.);
#1060 = CARTESIAN_POINT('',(21.296898473452,0.971210222235));
#1061 = CARTESIAN_POINT('',(13.355025028783,10.174678212529));
#1062 = ( GEOMETRIC_REPRESENTATION_CONTEXT(2) 
PARAMETRIC_REPRESENTATION_CONTEXT() REPRESENTATION_CONTEXT('2D SPACE',''
  ) );
#1063 = PCURVE('',#1064,#1069);
#1064 = B_SPLINE_SURFACE_WITH_KNOTS('',1,1,(
    (#1065,#1066)
    ,(#1067,#1068
    )),.UNSPECIFIED.,.F.,.F.,.F.,(2,2),(2,2),(0.,12.2),(0.,1.),
  .PIECEWISE_BEZIER_KNOTS.);
#1065 = CARTESIAN_POINT('',(-7.7,10.6,14.9));
#1066 = CARTESIAN_POINT('',(-5.4,9.4,20.4));
#1067 = CARTESIAN_POINT('',(-7.7,-1.6,14.9));
#1068 = CARTESIAN_POINT('',(-5.4,-0.4,20.4));
#1069 = DEFINITIONAL_REPRESENTATION('',(#1070),#1073);
#1070 = B_SPLINE_CURVE_WITH_KNOTS('',1,(#1071,#1072),.UNSPECIFIED.,.F.,
  .F.,(2,2),(0.,1.),.PIECEWISE_BEZIER_KNOTS.);
#1071 = CARTESIAN_POINT('',(12.2,1.818181818182E-02));
#1072 = CARTESIAN_POINT('',(0.,1.818181818182E-02));
#1073 = ( GEOMETRIC_REPRESENTATION_CONTEXT(2) 
PARAMETRIC_REPRESENTATION_CONTEXT() REPRESENTATION_CONTEXT('2D SPACE',''
  ) );
#1074 = ORIENTED_EDGE('',*,*,#1075,.F.);
#1075 = EDGE_CURVE('',#1076,#1051,#1078,.T.);
#1076 = VERTEX_POINT('',#1077);
#1077 = CARTESIAN_POINT('',(-7.580406173167,-2.069237914698,15.));
#1078 = SURFACE_CURVE('',#1079,(#1082,#1088),.PCURVE_S1.);
#1079 = B_SPLINE_CURVE_WITH_KNOTS('',1,(#1080,#1081),.UNSPECIFIED.,.F.,
  .F.,(2,2),(0.,1.),.PIECEWISE_BEZIER_KNOTS.);
#1080 = CARTESIAN_POINT('',(-7.580406173167,-2.069237914698,15.));
#1081 = CARTESIAN_POINT('',(-7.658181818182,-1.578181818182,15.));
#1082 = PCURVE('',#44,#1083);
#1083 = DEFINITIONAL_REPRESENTATION('',(#1084),#1087);
#1084 = B_SPLINE_CURVE_WITH_KNOTS('',1,(#1085,#1086),.UNSPECIFIED.,.F.,
  .F.,(2,2),(0.,1.),.PIECEWISE_BEZIER_KNOTS.);
#1085 = CARTESIAN_POINT('',(21.558827106775,0.548624690148));
#1086 = CARTESIAN_POINT('',(21.296898473452,0.971210222235));
#1087 = ( GEOMETRIC_REPRESENTATION_CONTEXT(2) 
PARAMETRIC_REPRESENTATION_CONTEXT() REPRESENTATION_CONTEXT('2D SPACE',''
  ) );
#1088 = PCURVE('',#1089,#1094);
#1089 = B_SPLINE_SURFACE_WITH_KNOTS('',1,1,(
    (#1090,#1091)
    ,(#1092,#1093
    )),.UNSPECIFIED.,.F.,.F.,.F.,(2,2),(2,2),(0.,0.500590288129),(0.,1.)
  ,.PIECEWISE_BEZIER_KNOTS.);
#1090 = CARTESIAN_POINT('',(-7.7,-1.6,14.9));
#1091 = CARTESIAN_POINT('',(-5.4,-0.4,20.4));
#1092 = CARTESIAN_POINT('',(-7.621690426072,-2.094427191,14.9));
#1093 = CARTESIAN_POINT('',(-5.351056516295,-0.709016994375,20.4));
#1094 = DEFINITIONAL_REPRESENTATION('',(#1095),#1098);
#1095 = B_SPLINE_CURVE_WITH_KNOTS('',1,(#1096,#1097),.UNSPECIFIED.,.F.,
  .F.,(2,2),(0.,1.),.PIECEWISE_BEZIER_KNOTS.);
#1096 = CARTESIAN_POINT('',(0.500590288129,1.818181818182E-02));
#1097 = CARTESIAN_POINT('',(0.,1.818181818182E-02));
#1098 = ( GEOMETRIC_REPRESENTATION_CONTEXT(2) 
PARAMETRIC_REPRESENTATION_CONTEXT() REPRESENTATION_CONTEXT('2D SPACE',''
  ) );
#1099 = ORIENTED_EDGE('',*,*,#1100,.F.);
#1100 = EDGE_CURVE('',#1101,#1076,#1103,.T.);
#1101 = VERTEX_POINT('',#1102);
#1102 = CARTESIAN_POINT('',(-7.354692460152,-2.512226019097,15.));
#1103 = SURFACE_CURVE('',#1104,(#1107,#1113),.PCURVE_S1.);
#1104 = B_SPLINE_CURVE_WITH_KNOTS('',1,(#1105,#1106),.UNSPECIFIED.,.F.,
  .F.,(2,2),(0.,1.),.PIECEWISE_BEZIER_KNOTS.);
#1105 = CARTESIAN_POINT('',(-7.354692460152,-2.512226019097,15.));
#1106 = CARTESIAN_POINT('',(-7.580406173167,-2.069237914698,15.));
#1107 = PCURVE('',#44,#1108);
#1108 = DEFINITIONAL_REPRESENTATION('',(#1109),#1112);
#1109 = B_SPLINE_CURVE_WITH_KNOTS('',1,(#1110,#1111),.UNSPECIFIED.,.F.,
  .F.,(2,2),(0.,1.),.PIECEWISE_BEZIER_KNOTS.);
#1110 = CARTESIAN_POINT('',(21.677349929309,6.578156715566E-02));
#1111 = CARTESIAN_POINT('',(21.558827106775,0.548624690148));
#1112 = ( GEOMETRIC_REPRESENTATION_CONTEXT(2) 
PARAMETRIC_REPRESENTATION_CONTEXT() REPRESENTATION_CONTEXT('2D SPACE',''
  ) );
#1113 = PCURVE('',#1114,#1119);
#1114 = B_SPLINE_SURFACE_WITH_KNOTS('',1,1,(
    (#1115,#1116)
    ,(#1117,#1118
    )),.UNSPECIFIED.,.F.,.F.,.F.,(2,2),(2,2),(0.,0.500590288129),(0.,1.)
  ,.PIECEWISE_BEZIER_KNOTS.);
#1115 = CARTESIAN_POINT('',(-7.621690426072,-2.094427191,14.9));
#1116 = CARTESIAN_POINT('',(-5.351056516295,-0.709016994375,20.4));
#1117 = CARTESIAN_POINT('',(-7.394427191,-2.540456403668,14.9));
#1118 = CARTESIAN_POINT('',(-5.209016994375,-0.987785252292,20.4));
#1119 = DEFINITIONAL_REPRESENTATION('',(#1120),#1123);
#1120 = B_SPLINE_CURVE_WITH_KNOTS('',1,(#1121,#1122),.UNSPECIFIED.,.F.,
  .F.,(2,2),(0.,1.),.PIECEWISE_BEZIER_KNOTS.);
#1121 = CARTESIAN_POINT('',(0.500590288129,1.818181818182E-02));
#1122 = CARTESIAN_POINT('',(0.,1.818181818182E-02));
#1123 = ( GEOMETRIC_REPRESENTATION_CONTEXT(2) 
PARAMETRIC_REPRESENTATION_CONTEXT() REPRESENTATION_CONTEXT('2D SPACE',''
  ) );
#1124 = ORIENTED_EDGE('',*,*,#1125,.F.);
#1125 = EDGE_CURVE('',#1126,#1101,#1128,.T.);
#1126 = VERTEX_POINT('',#1127);
#1127 = CARTESIAN_POINT('',(-7.003135110007,-2.863783369243,15.));
#1128 = SURFACE_CURVE('',#1129,(#1132,#1138),.PCURVE_S1.);
#1129 = B_SPLINE_CURVE_WITH_KNOTS('',1,(#1130,#1131),.UNSPECIFIED.,.F.,
  .F.,(2,2),(0.,1.),.PIECEWISE_BEZIER_KNOTS.);
#1130 = CARTESIAN_POINT('',(-7.003135110007,-2.863783369243,15.));
#1131 = CARTESIAN_POINT('',(-7.354692460152,-2.512226019097,15.));
#1132 = PCURVE('',#44,#1133);
#1133 = DEFINITIONAL_REPRESENTATION('',(#1134),#1137);
#1134 = B_SPLINE_CURVE_WITH_KNOTS('',1,(#1135,#1136),.UNSPECIFIED.,.F.,
  .F.,(2,2),(0.,1.),.PIECEWISE_BEZIER_KNOTS.);
#1135 = CARTESIAN_POINT('',(21.640865101388,-0.430055097699));
#1136 = CARTESIAN_POINT('',(21.677349929309,6.578156715566E-02));
#1137 = ( GEOMETRIC_REPRESENTATION_CONTEXT(2) 
PARAMETRIC_REPRESENTATION_CONTEXT() REPRESENTATION_CONTEXT('2D SPACE',''
  ) );
#1138 = PCURVE('',#1139,#1144);
#1139 = B_SPLINE_SURFACE_WITH_KNOTS('',1,1,(
    (#1140,#1141)
    ,(#1142,#1143
    )),.UNSPECIFIED.,.F.,.F.,.F.,(2,2),(2,2),(0.,0.500590288129),(0.,1.)
  ,.PIECEWISE_BEZIER_KNOTS.);
#1140 = CARTESIAN_POINT('',(-7.394427191,-2.540456403668,14.9));
#1141 = CARTESIAN_POINT('',(-5.209016994375,-0.987785252292,20.4));
#1142 = CARTESIAN_POINT('',(-7.040456403668,-2.894427191,14.9));
#1143 = CARTESIAN_POINT('',(-4.987785252292,-1.209016994375,20.4));
#1144 = DEFINITIONAL_REPRESENTATION('',(#1145),#1148);
#1145 = B_SPLINE_CURVE_WITH_KNOTS('',1,(#1146,#1147),.UNSPECIFIED.,.F.,
  .F.,(2,2),(0.,1.),.PIECEWISE_BEZIER_KNOTS.);
#1146 = CARTESIAN_POINT('',(0.500590288129,1.818181818182E-02));
#1147 = CARTESIAN_POINT('',(0.,1.818181818182E-02));
#1148 = ( GEOMETRIC_REPRESENTATION_CONTEXT(2) 
PARAMETRIC_REPRESENTATION_CONTEXT() REPRESENTATION_CONTEXT('2D SPACE',''
  ) );
#1149 = ORIENTED_EDGE('',*,*,#1150,.F.);
#1150 = EDGE_CURVE('',#1151,#1126,#1153,.T.);
#1151 = VERTEX_POINT('',#1152);
#1152 = CARTESIAN_POINT('',(-6.560147005607,-3.089497082258,15.));
#1153 = SURFACE_CURVE('',#1154,(#1157,#1163),.PCURVE_S1.);
#1154 = B_SPLINE_CURVE_WITH_KNOTS('',1,(#1155,#1156),.UNSPECIFIED.,.F.,
  .F.,(2,2),(0.,1.),.PIECEWISE_BEZIER_KNOTS.);
#1155 = CARTESIAN_POINT('',(-6.560147005607,-3.089497082258,15.));
#1156 = CARTESIAN_POINT('',(-7.003135110007,-2.863783369243,15.));
#1157 = PCURVE('',#44,#1158);
#1158 = DEFINITIONAL_REPRESENTATION('',(#1159),#1162);
#1159 = B_SPLINE_CURVE_WITH_KNOTS('',1,(#1160,#1161),.UNSPECIFIED.,.F.,
  .F.,(2,2),(0.,1.),.PIECEWISE_BEZIER_KNOTS.);
#1160 = CARTESIAN_POINT('',(21.452944012173,-0.890349356963));
#1161 = CARTESIAN_POINT('',(21.640865101388,-0.430055097699));
#1162 = ( GEOMETRIC_REPRESENTATION_CONTEXT(2) 
PARAMETRIC_REPRESENTATION_CONTEXT() REPRESENTATION_CONTEXT('2D SPACE',''
  ) );
#1163 = PCURVE('',#1164,#1169);
#1164 = B_SPLINE_SURFACE_WITH_KNOTS('',1,1,(
    (#1165,#1166)
    ,(#1167,#1168
    )),.UNSPECIFIED.,.F.,.F.,.F.,(2,2),(2,2),(0.,0.500590288129),(0.,1.)
  ,.PIECEWISE_BEZIER_KNOTS.);
#1165 = CARTESIAN_POINT('',(-7.040456403668,-2.894427191,14.9));
#1166 = CARTESIAN_POINT('',(-4.987785252292,-1.209016994375,20.4));
#1167 = CARTESIAN_POINT('',(-6.594427191,-3.121690426072,14.9));
#1168 = CARTESIAN_POINT('',(-4.709016994375,-1.351056516295,20.4));
#1169 = DEFINITIONAL_REPRESENTATION('',(#1170),#1173);
#1170 = B_SPLINE_CURVE_WITH_KNOTS('',1,(#1171,#1172),.UNSPECIFIED.,.F.,
  .F.,(2,2),(0.,1.),.PIECEWISE_BEZIER_KNOTS.);
#1171 = CARTESIAN_POINT('',(0.500590288129,1.818181818182E-02));
#1172 = CARTESIAN_POINT('',(0.,1.818181818182E-02));
#1173 = ( GEOMETRIC_REPRESENTATION_CONTEXT(2) 
PARAMETRIC_REPRESENTATION_CONTEXT() REPRESENTATION_CONTEXT('2D SPACE',''
  ) );
#1174 = ORIENTED_EDGE('',*,*,#1175,.F.);
#1175 = EDGE_CURVE('',#1176,#1151,#1178,.T.);
#1176 = VERTEX_POINT('',#1177);
#1177 = CARTESIAN_POINT('',(-6.069090909091,-3.167272727273,15.));
#1178 = SURFACE_CURVE('',#1179,(#1182,#1188),.PCURVE_S1.);
#1179 = B_SPLINE_CURVE_WITH_KNOTS('',1,(#1180,#1181),.UNSPECIFIED.,.F.,
  .F.,(2,2),(0.,1.),.PIECEWISE_BEZIER_KNOTS.);
#1180 = CARTESIAN_POINT('',(-6.069090909091,-3.167272727273,15.));
#1181 = CARTESIAN_POINT('',(-6.560147005607,-3.089497082258,15.));
#1182 = PCURVE('',#44,#1183);
#1183 = DEFINITIONAL_REPRESENTATION('',(#1184),#1187);
#1184 = B_SPLINE_CURVE_WITH_KNOTS('',1,(#1185,#1186),.UNSPECIFIED.,.F.,
  .F.,(2,2),(0.,1.),.PIECEWISE_BEZIER_KNOTS.);
#1185 = CARTESIAN_POINT('',(21.131981687201,-1.27004440148));
#1186 = CARTESIAN_POINT('',(21.452944012173,-0.890349356963));
#1187 = ( GEOMETRIC_REPRESENTATION_CONTEXT(2) 
PARAMETRIC_REPRESENTATION_CONTEXT() REPRESENTATION_CONTEXT('2D SPACE',''
  ) );
#1188 = PCURVE('',#1189,#1194);
#1189 = B_SPLINE_SURFACE_WITH_KNOTS('',1,1,(
    (#1190,#1191)
    ,(#1192,#1193
    )),.UNSPECIFIED.,.F.,.F.,.F.,(2,2),(2,2),(0.,0.500590288129),(0.,1.)
  ,.PIECEWISE_BEZIER_KNOTS.);
#1190 = CARTESIAN_POINT('',(-6.594427191,-3.121690426072,14.9));
#1191 = CARTESIAN_POINT('',(-4.709016994375,-1.351056516295,20.4));
#1192 = CARTESIAN_POINT('',(-6.1,-3.2,14.9));
#1193 = CARTESIAN_POINT('',(-4.4,-1.4,20.4));
#1194 = DEFINITIONAL_REPRESENTATION('',(#1195),#1198);
#1195 = B_SPLINE_CURVE_WITH_KNOTS('',1,(#1196,#1197),.UNSPECIFIED.,.F.,
  .F.,(2,2),(0.,1.),.PIECEWISE_BEZIER_KNOTS.);
#1196 = CARTESIAN_POINT('',(0.500590288129,1.818181818182E-02));
#1197 = CARTESIAN_POINT('',(0.,1.818181818182E-02));
#1198 = ( GEOMETRIC_REPRESENTATION_CONTEXT(2) 
PARAMETRIC_REPRESENTATION_CONTEXT() REPRESENTATION_CONTEXT('2D SPACE',''
  ) );
#1199 = ORIENTED_EDGE('',*,*,#1200,.F.);
#1200 = EDGE_CURVE('',#1201,#1176,#1203,.T.);
#1201 = VERTEX_POINT('',#1202);
#1202 = CARTESIAN_POINT('',(6.069090909091,-3.167272727273,15.));
#1203 = SURFACE_CURVE('',#1204,(#1207,#1213),.PCURVE_S1.);
#1204 = B_SPLINE_CURVE_WITH_KNOTS('',1,(#1205,#1206),.UNSPECIFIED.,.F.,
  .F.,(2,2),(0.,1.),.PIECEWISE_BEZIER_KNOTS.);
#1205 = CARTESIAN_POINT('',(6.069090909091,-3.167272727273,15.));
#1206 = CARTESIAN_POINT('',(-6.069090909091,-3.167272727273,15.));
#1207 = PCURVE('',#44,#1208);
#1208 = DEFINITIONAL_REPRESENTATION('',(#1209),#1212);
#1209 = B_SPLINE_CURVE_WITH_KNOTS('',1,(#1210,#1211),.UNSPECIFIED.,.F.,
  .F.,(2,2),(0.,1.),.PIECEWISE_BEZIER_KNOTS.);
#1210 = CARTESIAN_POINT('',(11.942278979572,-9.200039483235));
#1211 = CARTESIAN_POINT('',(21.131981687201,-1.27004440148));
#1212 = ( GEOMETRIC_REPRESENTATION_CONTEXT(2) 
PARAMETRIC_REPRESENTATION_CONTEXT() REPRESENTATION_CONTEXT('2D SPACE',''
  ) );
#1213 = PCURVE('',#1214,#1219);
#1214 = B_SPLINE_SURFACE_WITH_KNOTS('',1,1,(
    (#1215,#1216)
    ,(#1217,#1218
    )),.UNSPECIFIED.,.F.,.F.,.F.,(2,2),(2,2),(0.,12.2),(0.,1.),
  .PIECEWISE_BEZIER_KNOTS.);
#1215 = CARTESIAN_POINT('',(-6.1,-3.2,14.9));
#1216 = CARTESIAN_POINT('',(-4.4,-1.4,20.4));
#1217 = CARTESIAN_POINT('',(6.1,-3.2,14.9));
#1218 = CARTESIAN_POINT('',(4.4,-1.4,20.4));
#1219 = DEFINITIONAL_REPRESENTATION('',(#1220),#1223);
#1220 = B_SPLINE_CURVE_WITH_KNOTS('',1,(#1221,#1222),.UNSPECIFIED.,.F.,
  .F.,(2,2),(0.,1.),.PIECEWISE_BEZIER_KNOTS.);
#1221 = CARTESIAN_POINT('',(12.2,1.818181818182E-02));
#1222 = CARTESIAN_POINT('',(0.,1.818181818182E-02));
#1223 = ( GEOMETRIC_REPRESENTATION_CONTEXT(2) 
PARAMETRIC_REPRESENTATION_CONTEXT() REPRESENTATION_CONTEXT('2D SPACE',''
  ) );
#1224 = ORIENTED_EDGE('',*,*,#1225,.F.);
#1225 = EDGE_CURVE('',#1226,#1201,#1228,.T.);
#1226 = VERTEX_POINT('',#1227);
#1227 = CARTESIAN_POINT('',(6.560147005607,-3.089497082258,15.));
#1228 = SURFACE_CURVE('',#1229,(#1232,#1238),.PCURVE_S1.);
#1229 = B_SPLINE_CURVE_WITH_KNOTS('',1,(#1230,#1231),.UNSPECIFIED.,.F.,
  .F.,(2,2),(0.,1.),.PIECEWISE_BEZIER_KNOTS.);
#1230 = CARTESIAN_POINT('',(6.560147005607,-3.089497082258,15.));
#1231 = CARTESIAN_POINT('',(6.069090909091,-3.167272727273,15.));
#1232 = PCURVE('',#44,#1233);
#1233 = DEFINITIONAL_REPRESENTATION('',(#1234),#1237);
#1234 = B_SPLINE_CURVE_WITH_KNOTS('',1,(#1235,#1236),.UNSPECIFIED.,.F.,
  .F.,(2,2),(0.,1.),.PIECEWISE_BEZIER_KNOTS.);
#1235 = CARTESIAN_POINT('',(11.519693447486,-9.461968116557));
#1236 = CARTESIAN_POINT('',(11.942278979572,-9.200039483235));
#1237 = ( GEOMETRIC_REPRESENTATION_CONTEXT(2) 
PARAMETRIC_REPRESENTATION_CONTEXT() REPRESENTATION_CONTEXT('2D SPACE',''
  ) );
#1238 = PCURVE('',#1239,#1244);
#1239 = B_SPLINE_SURFACE_WITH_KNOTS('',1,1,(
    (#1240,#1241)
    ,(#1242,#1243
    )),.UNSPECIFIED.,.F.,.F.,.F.,(2,2),(2,2),(0.,0.500590288129),(0.,1.)
  ,.PIECEWISE_BEZIER_KNOTS.);
#1240 = CARTESIAN_POINT('',(6.1,-3.2,14.9));
#1241 = CARTESIAN_POINT('',(4.4,-1.4,20.4));
#1242 = CARTESIAN_POINT('',(6.594427191,-3.121690426072,14.9));
#1243 = CARTESIAN_POINT('',(4.709016994375,-1.351056516295,20.4));
#1244 = DEFINITIONAL_REPRESENTATION('',(#1245),#1248);
#1245 = B_SPLINE_CURVE_WITH_KNOTS('',1,(#1246,#1247),.UNSPECIFIED.,.F.,
  .F.,(2,2),(0.,1.),.PIECEWISE_BEZIER_KNOTS.);
#1246 = CARTESIAN_POINT('',(0.500590288129,1.818181818182E-02));
#1247 = CARTESIAN_POINT('',(0.,1.818181818182E-02));
#1248 = ( GEOMETRIC_REPRESENTATION_CONTEXT(2) 
PARAMETRIC_REPRESENTATION_CONTEXT() REPRESENTATION_CONTEXT('2D SPACE',''
  ) );
#1249 = ORIENTED_EDGE('',*,*,#1250,.F.);
#1250 = EDGE_CURVE('',#1251,#1226,#1253,.T.);
#1251 = VERTEX_POINT('',#1252);
#1252 = CARTESIAN_POINT('',(7.003135110007,-2.863783369243,15.));
#1253 = SURFACE_CURVE('',#1254,(#1257,#1263),.PCURVE_S1.);
#1254 = B_SPLINE_CURVE_WITH_KNOTS('',1,(#1255,#1256),.UNSPECIFIED.,.F.,
  .F.,(2,2),(0.,1.),.PIECEWISE_BEZIER_KNOTS.);
#1255 = CARTESIAN_POINT('',(7.003135110007,-2.863783369243,15.));
#1256 = CARTESIAN_POINT('',(6.560147005607,-3.089497082258,15.));
#1257 = PCURVE('',#44,#1258);
#1258 = DEFINITIONAL_REPRESENTATION('',(#1259),#1262);
#1259 = B_SPLINE_CURVE_WITH_KNOTS('',1,(#1260,#1261),.UNSPECIFIED.,.F.,
  .F.,(2,2),(0.,1.),.PIECEWISE_BEZIER_KNOTS.);
#1260 = CARTESIAN_POINT('',(11.036850324493,-9.580490939091));
#1261 = CARTESIAN_POINT('',(11.519693447486,-9.461968116557));
#1262 = ( GEOMETRIC_REPRESENTATION_CONTEXT(2) 
PARAMETRIC_REPRESENTATION_CONTEXT() REPRESENTATION_CONTEXT('2D SPACE',''
  ) );
#1263 = PCURVE('',#1264,#1269);
#1264 = B_SPLINE_SURFACE_WITH_KNOTS('',1,1,(
    (#1265,#1266)
    ,(#1267,#1268
    )),.UNSPECIFIED.,.F.,.F.,.F.,(2,2),(2,2),(0.,0.500590288129),(0.,1.)
  ,.PIECEWISE_BEZIER_KNOTS.);
#1265 = CARTESIAN_POINT('',(6.594427191,-3.121690426072,14.9));
#1266 = CARTESIAN_POINT('',(4.709016994375,-1.351056516295,20.4));
#1267 = CARTESIAN_POINT('',(7.040456403668,-2.894427191,14.9));
#1268 = CARTESIAN_POINT('',(4.987785252292,-1.209016994375,20.4));
#1269 = DEFINITIONAL_REPRESENTATION('',(#1270),#1273);
#1270 = B_SPLINE_CURVE_WITH_KNOTS('',1,(#1271,#1272),.UNSPECIFIED.,.F.,
  .F.,(2,2),(0.,1.),.PIECEWISE_BEZIER_KNOTS.);
#1271 = CARTESIAN_POINT('',(0.500590288129,1.818181818182E-02));
#1272 = CARTESIAN_POINT('',(0.,1.818181818182E-02));
#1273 = ( GEOMETRIC_REPRESENTATION_CONTEXT(2) 
PARAMETRIC_REPRESENTATION_CONTEXT() REPRESENTATION_CONTEXT('2D SPACE',''
  ) );
#1274 = ORIENTED_EDGE('',*,*,#1275,.F.);
#1275 = EDGE_CURVE('',#1276,#1251,#1278,.T.);
#1276 = VERTEX_POINT('',#1277);
#1277 = CARTESIAN_POINT('',(7.354692460152,-2.512226019097,15.));
#1278 = SURFACE_CURVE('',#1279,(#1282,#1288),.PCURVE_S1.);
#1279 = B_SPLINE_CURVE_WITH_KNOTS('',1,(#1280,#1281),.UNSPECIFIED.,.F.,
  .F.,(2,2),(0.,1.),.PIECEWISE_BEZIER_KNOTS.);
#1280 = CARTESIAN_POINT('',(7.354692460152,-2.512226019097,15.));
#1281 = CARTESIAN_POINT('',(7.003135110007,-2.863783369243,15.));
#1282 = PCURVE('',#44,#1283);
#1283 = DEFINITIONAL_REPRESENTATION('',(#1284),#1287);
#1284 = B_SPLINE_CURVE_WITH_KNOTS('',1,(#1285,#1286),.UNSPECIFIED.,.F.,
  .F.,(2,2),(0.,1.),.PIECEWISE_BEZIER_KNOTS.);
#1285 = CARTESIAN_POINT('',(10.541013659639,-9.54400611117));
#1286 = CARTESIAN_POINT('',(11.036850324493,-9.580490939091));
#1287 = ( GEOMETRIC_REPRESENTATION_CONTEXT(2) 
PARAMETRIC_REPRESENTATION_CONTEXT() REPRESENTATION_CONTEXT('2D SPACE',''
  ) );
#1288 = PCURVE('',#1289,#1294);
#1289 = B_SPLINE_SURFACE_WITH_KNOTS('',1,1,(
    (#1290,#1291)
    ,(#1292,#1293
    )),.UNSPECIFIED.,.F.,.F.,.F.,(2,2),(2,2),(0.,0.500590288129),(0.,1.)
  ,.PIECEWISE_BEZIER_KNOTS.);
#1290 = CARTESIAN_POINT('',(7.040456403668,-2.894427191,14.9));
#1291 = CARTESIAN_POINT('',(4.987785252292,-1.209016994375,20.4));
#1292 = CARTESIAN_POINT('',(7.394427191,-2.540456403668,14.9));
#1293 = CARTESIAN_POINT('',(5.209016994375,-0.987785252292,20.4));
#1294 = DEFINITIONAL_REPRESENTATION('',(#1295),#1298);
#1295 = B_SPLINE_CURVE_WITH_KNOTS('',1,(#1296,#1297),.UNSPECIFIED.,.F.,
  .F.,(2,2),(0.,1.),.PIECEWISE_BEZIER_KNOTS.);
#1296 = CARTESIAN_POINT('',(0.500590288129,1.818181818182E-02));
#1297 = CARTESIAN_POINT('',(0.,1.818181818182E-02));
#1298 = ( GEOMETRIC_REPRESENTATION_CONTEXT(2) 
PARAMETRIC_REPRESENTATION_CONTEXT() REPRESENTATION_CONTEXT('2D SPACE',''
  ) );
#1299 = ORIENTED_EDGE('',*,*,#1300,.F.);
#1300 = EDGE_CURVE('',#1301,#1276,#1303,.T.);
#1301 = VERTEX_POINT('',#1302);
#1302 = CARTESIAN_POINT('',(7.580406173167,-2.069237914698,15.));
#1303 = SURFACE_CURVE('',#1304,(#1307,#1313),.PCURVE_S1.);
#1304 = B_SPLINE_CURVE_WITH_KNOTS('',1,(#1305,#1306),.UNSPECIFIED.,.F.,
  .F.,(2,2),(0.,1.),.PIECEWISE_BEZIER_KNOTS.);
#1305 = CARTESIAN_POINT('',(7.580406173167,-2.069237914698,15.));
#1306 = CARTESIAN_POINT('',(7.354692460152,-2.512226019097,15.));
#1307 = PCURVE('',#44,#1308);
#1308 = DEFINITIONAL_REPRESENTATION('',(#1309),#1312);
#1309 = B_SPLINE_CURVE_WITH_KNOTS('',1,(#1310,#1311),.UNSPECIFIED.,.F.,
  .F.,(2,2),(0.,1.),.PIECEWISE_BEZIER_KNOTS.);
#1310 = CARTESIAN_POINT('',(10.080719400375,-9.356085021956));
#1311 = CARTESIAN_POINT('',(10.541013659639,-9.54400611117));
#1312 = ( GEOMETRIC_REPRESENTATION_CONTEXT(2) 
PARAMETRIC_REPRESENTATION_CONTEXT() REPRESENTATION_CONTEXT('2D SPACE',''
  ) );
#1313 = PCURVE('',#1314,#1319);
#1314 = B_SPLINE_SURFACE_WITH_KNOTS('',1,1,(
    (#1315,#1316)
    ,(#1317,#1318
    )),.UNSPECIFIED.,.F.,.F.,.F.,(2,2),(2,2),(0.,0.500590288129),(0.,1.)
  ,.PIECEWISE_BEZIER_KNOTS.);
#1315 = CARTESIAN_POINT('',(7.394427191,-2.540456403668,14.9));
#1316 = CARTESIAN_POINT('',(5.209016994375,-0.987785252292,20.4));
#1317 = CARTESIAN_POINT('',(7.621690426072,-2.094427191,14.9));
#1318 = CARTESIAN_POINT('',(5.351056516295,-0.709016994375,20.4));
#1319 = DEFINITIONAL_REPRESENTATION('',(#1320),#1323);
#1320 = B_SPLINE_CURVE_WITH_KNOTS('',1,(#1321,#1322),.UNSPECIFIED.,.F.,
  .F.,(2,2),(0.,1.),.PIECEWISE_BEZIER_KNOTS.);
#1321 = CARTESIAN_POINT('',(0.500590288129,1.818181818182E-02));
#1322 = CARTESIAN_POINT('',(0.,1.818181818182E-02));
#1323 = ( GEOMETRIC_REPRESENTATION_CONTEXT(2) 
PARAMETRIC_REPRESENTATION_CONTEXT() REPRESENTATION_CONTEXT('2D SPACE',''
  ) );
#1324 = ORIENTED_EDGE('',*,*,#1325,.F.);
#1325 = EDGE_CURVE('',#1326,#1301,#1328,.T.);
#1326 = VERTEX_POINT('',#1327);
#1327 = CARTESIAN_POINT('',(7.658181818182,-1.578181818182,15.));
#1328 = SURFACE_CURVE('',#1329,(#1332,#1338),.PCURVE_S1.);
#1329 = B_SPLINE_CURVE_WITH_KNOTS('',1,(#1330,#1331),.UNSPECIFIED.,.F.,
  .F.,(2,2),(0.,1.),.PIECEWISE_BEZIER_KNOTS.);
#1330 = CARTESIAN_POINT('',(7.658181818182,-1.578181818182,15.));
#1331 = CARTESIAN_POINT('',(7.580406173167,-2.069237914698,15.));
#1332 = PCURVE('',#44,#1333);
#1333 = DEFINITIONAL_REPRESENTATION('',(#1334),#1337);
#1334 = B_SPLINE_CURVE_WITH_KNOTS('',1,(#1335,#1336),.UNSPECIFIED.,.F.,
  .F.,(2,2),(0.,1.),.PIECEWISE_BEZIER_KNOTS.);
#1335 = CARTESIAN_POINT('',(9.701024355857,-9.035122696983));
#1336 = CARTESIAN_POINT('',(10.080719400375,-9.356085021956));
#1337 = ( GEOMETRIC_REPRESENTATION_CONTEXT(2) 
PARAMETRIC_REPRESENTATION_CONTEXT() REPRESENTATION_CONTEXT('2D SPACE',''
  ) );
#1338 = PCURVE('',#1339,#1344);
#1339 = B_SPLINE_SURFACE_WITH_KNOTS('',1,1,(
    (#1340,#1341)
    ,(#1342,#1343
    )),.UNSPECIFIED.,.F.,.F.,.F.,(2,2),(2,2),(0.,0.500590288129),(0.,1.)
  ,.PIECEWISE_BEZIER_KNOTS.);
#1340 = CARTESIAN_POINT('',(7.621690426072,-2.094427191,14.9));
#1341 = CARTESIAN_POINT('',(5.351056516295,-0.709016994375,20.4));
#1342 = CARTESIAN_POINT('',(7.7,-1.6,14.9));
#1343 = CARTESIAN_POINT('',(5.4,-0.4,20.4));
#1344 = DEFINITIONAL_REPRESENTATION('',(#1345),#1348);
#1345 = B_SPLINE_CURVE_WITH_KNOTS('',1,(#1346,#1347),.UNSPECIFIED.,.F.,
  .F.,(2,2),(0.,1.),.PIECEWISE_BEZIER_KNOTS.);
#1346 = CARTESIAN_POINT('',(0.500590288129,1.818181818182E-02));
#1347 = CARTESIAN_POINT('',(0.,1.818181818182E-02));
#1348 = ( GEOMETRIC_REPRESENTATION_CONTEXT(2) 
PARAMETRIC_REPRESENTATION_CONTEXT() REPRESENTATION_CONTEXT('2D SPACE',''
  ) );
#1349 = ORIENTED_EDGE('',*,*,#1350,.F.);
#1350 = EDGE_CURVE('',#776,#1326,#1351,.T.);
#1351 = SURFACE_CURVE('',#1352,(#1355,#1361),.PCURVE_S1.);
#1352 = B_SPLINE_CURVE_WITH_KNOTS('',1,(#1353,#1354),.UNSPECIFIED.,.F.,
  .F.,(2,2),(0.,1.),.PIECEWISE_BEZIER_KNOTS.);
#1353 = CARTESIAN_POINT('',(7.658181818182,10.578181818182,15.));
#1354 = CARTESIAN_POINT('',(7.658181818182,-1.578181818182,15.));
#1355 = PCURVE('',#44,#1356);
#1356 = DEFINITIONAL_REPRESENTATION('',(#1357),#1360);
#1357 = B_SPLINE_CURVE_WITH_KNOTS('',1,(#1358,#1359),.UNSPECIFIED.,.F.,
  .F.,(2,2),(0.,1.),.PIECEWISE_BEZIER_KNOTS.);
#1358 = CARTESIAN_POINT('',(1.759150911189,0.168345293311));
#1359 = CARTESIAN_POINT('',(9.701024355857,-9.035122696983));
#1360 = ( GEOMETRIC_REPRESENTATION_CONTEXT(2) 
PARAMETRIC_REPRESENTATION_CONTEXT() REPRESENTATION_CONTEXT('2D SPACE',''
  ) );
#1361 = PCURVE('',#1362,#1367);
#1362 = B_SPLINE_SURFACE_WITH_KNOTS('',1,1,(
    (#1363,#1364)
    ,(#1365,#1366
    )),.UNSPECIFIED.,.F.,.F.,.F.,(2,2),(2,2),(0.,12.2),(0.,1.),
  .PIECEWISE_BEZIER_KNOTS.);
#1363 = CARTESIAN_POINT('',(7.7,-1.6,14.9));
#1364 = CARTESIAN_POINT('',(5.4,-0.4,20.4));
#1365 = CARTESIAN_POINT('',(7.7,10.6,14.9));
#1366 = CARTESIAN_POINT('',(5.4,9.4,20.4));
#1367 = DEFINITIONAL_REPRESENTATION('',(#1368),#1371);
#1368 = B_SPLINE_CURVE_WITH_KNOTS('',1,(#1369,#1370),.UNSPECIFIED.,.F.,
  .F.,(2,2),(0.,1.),.PIECEWISE_BEZIER_KNOTS.);
#1369 = CARTESIAN_POINT('',(12.2,1.818181818182E-02));
#1370 = CARTESIAN_POINT('',(0.,1.818181818182E-02));
#1371 = ( GEOMETRIC_REPRESENTATION_CONTEXT(2) 
PARAMETRIC_REPRESENTATION_CONTEXT() REPRESENTATION_CONTEXT('2D SPACE',''
  ) );
#1372 = ADVANCED_FACE('',(#1373),#71,.T.);
#1373 = FACE_BOUND('',#1374,.T.);
#1374 = EDGE_LOOP('',(#1375,#1376,#1398,#1418));
#1375 = ORIENTED_EDGE('',*,*,#750,.T.);
#1376 = ORIENTED_EDGE('',*,*,#1377,.T.);
#1377 = EDGE_CURVE('',#723,#1378,#1380,.T.);
#1378 = VERTEX_POINT('',#1379);
#1379 = CARTESIAN_POINT('',(6.37082039325,11.105342302751,23.8));
#1380 = SURFACE_CURVE('',#1381,(#1384,#1391),.PCURVE_S1.);
#1381 = B_SPLINE_CURVE_WITH_KNOTS('',1,(#1382,#1383),.UNSPECIFIED.,.F.,
  .F.,(2,2),(0.,1.),.PIECEWISE_BEZIER_KNOTS.);
#1382 = CARTESIAN_POINT('',(8.71803398875,12.775570504585,15.));
#1383 = CARTESIAN_POINT('',(6.37082039325,11.105342302751,23.8));
#1384 = PCURVE('',#71,#1385);
#1385 = DEFINITIONAL_REPRESENTATION('',(#1386),#1390);
#1386 = LINE('',#1387,#1388);
#1387 = CARTESIAN_POINT('',(0.625737860161,0.));
#1388 = VECTOR('',#1389,1.);
#1389 = DIRECTION('',(0.,1.));
#1390 = ( GEOMETRIC_REPRESENTATION_CONTEXT(2) 
PARAMETRIC_REPRESENTATION_CONTEXT() REPRESENTATION_CONTEXT('2D SPACE',''
  ) );
#1391 = PCURVE('',#738,#1392);
#1392 = DEFINITIONAL_REPRESENTATION('',(#1393),#1397);
#1393 = LINE('',#1394,#1395);
#1394 = CARTESIAN_POINT('',(0.,0.));
#1395 = VECTOR('',#1396,1.);
#1396 = DIRECTION('',(0.,1.));
#1397 = ( GEOMETRIC_REPRESENTATION_CONTEXT(2) 
PARAMETRIC_REPRESENTATION_CONTEXT() REPRESENTATION_CONTEXT('2D SPACE',''
  ) );
#1398 = ORIENTED_EDGE('',*,*,#1399,.F.);
#1399 = EDGE_CURVE('',#57,#1378,#1400,.T.);
#1400 = SURFACE_CURVE('',#1401,(#1405,#1411),.PCURVE_S1.);
#1401 = LINE('',#1402,#1403);
#1402 = CARTESIAN_POINT('',(6.541267819554,10.77082039325,23.8));
#1403 = VECTOR('',#1404,1.);
#1404 = DIRECTION('',(-0.45399049974,0.891006524188,0.));
#1405 = PCURVE('',#71,#1406);
#1406 = DEFINITIONAL_REPRESENTATION('',(#1407),#1410);
#1407 = B_SPLINE_CURVE_WITH_KNOTS('',1,(#1408,#1409),.UNSPECIFIED.,.F.,
  .F.,(2,2),(0.,0.375442716097),.PIECEWISE_BEZIER_KNOTS.);
#1408 = CARTESIAN_POINT('',(0.,1.));
#1409 = CARTESIAN_POINT('',(0.625737860161,1.));
#1410 = ( GEOMETRIC_REPRESENTATION_CONTEXT(2) 
PARAMETRIC_REPRESENTATION_CONTEXT() REPRESENTATION_CONTEXT('2D SPACE',''
  ) );
#1411 = PCURVE('',#98,#1412);
#1412 = DEFINITIONAL_REPRESENTATION('',(#1413),#1417);
#1413 = LINE('',#1414,#1415);
#1414 = CARTESIAN_POINT('',(-0.215094129425,0.307720243983));
#1415 = VECTOR('',#1416,1.);
#1416 = DIRECTION('',(-0.291591456724,0.956542953748));
#1417 = ( GEOMETRIC_REPRESENTATION_CONTEXT(2) 
PARAMETRIC_REPRESENTATION_CONTEXT() REPRESENTATION_CONTEXT('2D SPACE',''
  ) );
#1418 = ORIENTED_EDGE('',*,*,#56,.F.);
#1419 = ADVANCED_FACE('',(#1420),#98,.F.);
#1420 = FACE_BOUND('',#1421,.F.);
#1421 = EDGE_LOOP('',(#1422,#1423,#1445,#1478,#1500,#1522,#1544,#1564));
#1422 = ORIENTED_EDGE('',*,*,#83,.F.);
#1423 = ORIENTED_EDGE('',*,*,#1424,.F.);
#1424 = EDGE_CURVE('',#1425,#84,#1427,.T.);
#1425 = VERTEX_POINT('',#1426);
#1426 = CARTESIAN_POINT('',(6.6,8.152054216465,23.8));
#1427 = SURFACE_CURVE('',#1428,(#1432,#1439),.PCURVE_S1.);
#1428 = LINE('',#1429,#1430);
#1429 = CARTESIAN_POINT('',(6.6,-1.4,23.8));
#1430 = VECTOR('',#1431,1.);
#1431 = DIRECTION('',(0.,1.,0.));
#1432 = PCURVE('',#98,#1433);
#1433 = DEFINITIONAL_REPRESENTATION('',(#1434),#1438);
#1434 = LINE('',#1435,#1436);
#1435 = CARTESIAN_POINT('',(8.190041386413,-8.494893883319));
#1436 = VECTOR('',#1437,1.);
#1437 = DIRECTION('',(-0.694071303933,0.719906261298));
#1438 = ( GEOMETRIC_REPRESENTATION_CONTEXT(2) 
PARAMETRIC_REPRESENTATION_CONTEXT() REPRESENTATION_CONTEXT('2D SPACE',''
  ) );
#1439 = PCURVE('',#123,#1440);
#1440 = DEFINITIONAL_REPRESENTATION('',(#1441),#1444);
#1441 = B_SPLINE_CURVE_WITH_KNOTS('',1,(#1442,#1443),.UNSPECIFIED.,.F.,
  .F.,(2,2),(0.,11.8),.PIECEWISE_BEZIER_KNOTS.);
#1442 = CARTESIAN_POINT('',(0.,1.));
#1443 = CARTESIAN_POINT('',(14.2,1.));
#1444 = ( GEOMETRIC_REPRESENTATION_CONTEXT(2) 
PARAMETRIC_REPRESENTATION_CONTEXT() REPRESENTATION_CONTEXT('2D SPACE',''
  ) );
#1445 = ORIENTED_EDGE('',*,*,#1446,.T.);
#1446 = EDGE_CURVE('',#1425,#1447,#1449,.T.);
#1447 = VERTEX_POINT('',#1448);
#1448 = CARTESIAN_POINT('',(2.54705712539,11.6,23.8));
#1449 = SURFACE_CURVE('',#1450,(#1455,#1466),.PCURVE_S1.);
#1450 = CIRCLE('',#1451,7.543043152468);
#1451 = AXIS2_PLACEMENT_3D('',#1452,#1453,#1454);
#1452 = CARTESIAN_POINT('',(0.,4.5,23.8));
#1453 = DIRECTION('',(0.,0.,1.));
#1454 = DIRECTION('',(1.,0.,-0.));
#1455 = PCURVE('',#98,#1456);
#1456 = DEFINITIONAL_REPRESENTATION('',(#1457),#1465);
#1457 = ( BOUNDED_CURVE() B_SPLINE_CURVE(2,(#1458,#1459,#1460,#1461,
#1462,#1463,#1464),.UNSPECIFIED.,.T.,.F.) B_SPLINE_CURVE_WITH_KNOTS((1,2
    ,2,2,2,1),(-2.094395102393,0.,2.094395102393,4.188790204786,
6.28318530718,8.377580409573),.UNSPECIFIED.) CURVE() 
GEOMETRIC_REPRESENTATION_ITEM() RATIONAL_B_SPLINE_CURVE((1.,0.5,1.,0.5,
1.,0.5,1.)) REPRESENTATION_ITEM('') );
#1458 = CARTESIAN_POINT('',(3.41611802307,-4.901986132158));
#1459 = CARTESIAN_POINT('',(-5.65187774284,4.503541646198));
#1460 = CARTESIAN_POINT('',(7.027546132171,7.653892451708));
#1461 = CARTESIAN_POINT('',(19.706970007183,10.804243257218));
#1462 = CARTESIAN_POINT('',(16.095541898082,-1.751635326648));
#1463 = CARTESIAN_POINT('',(12.484113788981,-14.30751391051));
#1464 = CARTESIAN_POINT('',(3.41611802307,-4.901986132158));
#1465 = ( GEOMETRIC_REPRESENTATION_CONTEXT(2) 
PARAMETRIC_REPRESENTATION_CONTEXT() REPRESENTATION_CONTEXT('2D SPACE',''
  ) );
#1466 = PCURVE('',#1467,#1472);
#1467 = SPHERICAL_SURFACE('',#1468,52.);
#1468 = AXIS2_PLACEMENT_3D('',#1469,#1470,#1471);
#1469 = CARTESIAN_POINT('',(0.,4.5,75.25));
#1470 = DIRECTION('',(0.,0.,1.));
#1471 = DIRECTION('',(1.,0.,0.));
#1472 = DEFINITIONAL_REPRESENTATION('',(#1473),#1477);
#1473 = LINE('',#1474,#1475);
#1474 = CARTESIAN_POINT('',(0.,-1.425224206783));
#1475 = VECTOR('',#1476,1.);
#1476 = DIRECTION('',(1.,0.));
#1477 = ( GEOMETRIC_REPRESENTATION_CONTEXT(2) 
PARAMETRIC_REPRESENTATION_CONTEXT() REPRESENTATION_CONTEXT('2D SPACE',''
  ) );
#1478 = ORIENTED_EDGE('',*,*,#1479,.F.);
#1479 = EDGE_CURVE('',#1480,#1447,#1482,.T.);
#1480 = VERTEX_POINT('',#1481);
#1481 = CARTESIAN_POINT('',(5.4,11.6,23.8));
#1482 = SURFACE_CURVE('',#1483,(#1487,#1494),.PCURVE_S1.);
#1483 = LINE('',#1484,#1485);
#1484 = CARTESIAN_POINT('',(5.4,11.6,23.8));
#1485 = VECTOR('',#1486,1.);
#1486 = DIRECTION('',(-1.,0.,0.));
#1487 = PCURVE('',#98,#1488);
#1488 = DEFINITIONAL_REPRESENTATION('',(#1489),#1493);
#1489 = LINE('',#1490,#1491);
#1490 = CARTESIAN_POINT('',(3.100194883787E-02,1.696773078278));
#1491 = VECTOR('',#1492,1.);
#1492 = DIRECTION('',(0.719906261298,0.694071303933));
#1493 = ( GEOMETRIC_REPRESENTATION_CONTEXT(2) 
PARAMETRIC_REPRESENTATION_CONTEXT() REPRESENTATION_CONTEXT('2D SPACE',''
  ) );
#1494 = PCURVE('',#654,#1495);
#1495 = DEFINITIONAL_REPRESENTATION('',(#1496),#1499);
#1496 = B_SPLINE_CURVE_WITH_KNOTS('',1,(#1497,#1498),.UNSPECIFIED.,.F.,
  .F.,(2,2),(0.,10.8),.PIECEWISE_BEZIER_KNOTS.);
#1497 = CARTESIAN_POINT('',(0.,1.));
#1498 = CARTESIAN_POINT('',(14.2,1.));
#1499 = ( GEOMETRIC_REPRESENTATION_CONTEXT(2) 
PARAMETRIC_REPRESENTATION_CONTEXT() REPRESENTATION_CONTEXT('2D SPACE',''
  ) );
#1500 = ORIENTED_EDGE('',*,*,#1501,.F.);
#1501 = EDGE_CURVE('',#1502,#1480,#1504,.T.);
#1502 = VERTEX_POINT('',#1503);
#1503 = CARTESIAN_POINT('',(5.77082039325,11.541267819554,23.8));
#1504 = SURFACE_CURVE('',#1505,(#1509,#1516),.PCURVE_S1.);
#1505 = LINE('',#1506,#1507);
#1506 = CARTESIAN_POINT('',(5.77082039325,11.541267819554,23.8));
#1507 = VECTOR('',#1508,1.);
#1508 = DIRECTION('',(-0.987688340595,0.15643446504,0.));
#1509 = PCURVE('',#98,#1510);
#1510 = DEFINITIONAL_REPRESENTATION('',(#1511),#1515);
#1511 = LINE('',#1512,#1513);
#1512 = CARTESIAN_POINT('',(-0.195189653015,1.397115619967));
#1513 = VECTOR('',#1514,1.);
#1514 = DIRECTION('',(0.602466347475,0.798144285302));
#1515 = ( GEOMETRIC_REPRESENTATION_CONTEXT(2) 
PARAMETRIC_REPRESENTATION_CONTEXT() REPRESENTATION_CONTEXT('2D SPACE',''
  ) );
#1516 = PCURVE('',#682,#1517);
#1517 = DEFINITIONAL_REPRESENTATION('',(#1518),#1521);
#1518 = B_SPLINE_CURVE_WITH_KNOTS('',1,(#1519,#1520),.UNSPECIFIED.,.F.,
  .F.,(2,2),(0.,0.375442716097),.PIECEWISE_BEZIER_KNOTS.);
#1519 = CARTESIAN_POINT('',(0.,1.));
#1520 = CARTESIAN_POINT('',(0.625737860161,1.));
#1521 = ( GEOMETRIC_REPRESENTATION_CONTEXT(2) 
PARAMETRIC_REPRESENTATION_CONTEXT() REPRESENTATION_CONTEXT('2D SPACE',''
  ) );
#1522 = ORIENTED_EDGE('',*,*,#1523,.F.);
#1523 = EDGE_CURVE('',#1524,#1502,#1526,.T.);
#1524 = VERTEX_POINT('',#1525);
#1525 = CARTESIAN_POINT('',(6.105342302751,11.37082039325,23.8));
#1526 = SURFACE_CURVE('',#1527,(#1531,#1538),.PCURVE_S1.);
#1527 = LINE('',#1528,#1529);
#1528 = CARTESIAN_POINT('',(6.105342302751,11.37082039325,23.8));
#1529 = VECTOR('',#1530,1.);
#1530 = DIRECTION('',(-0.891006524188,0.45399049974,0.));
#1531 = PCURVE('',#98,#1532);
#1532 = DEFINITIONAL_REPRESENTATION('',(#1533),#1537);
#1533 = LINE('',#1534,#1535);
#1534 = CARTESIAN_POINT('',(-0.317711402779,1.042227392627));
#1535 = VECTOR('',#1536,1.);
#1536 = DIRECTION('',(0.326339397493,0.945252663389));
#1537 = ( GEOMETRIC_REPRESENTATION_CONTEXT(2) 
PARAMETRIC_REPRESENTATION_CONTEXT() REPRESENTATION_CONTEXT('2D SPACE',''
  ) );
#1538 = PCURVE('',#710,#1539);
#1539 = DEFINITIONAL_REPRESENTATION('',(#1540),#1543);
#1540 = B_SPLINE_CURVE_WITH_KNOTS('',1,(#1541,#1542),.UNSPECIFIED.,.F.,
  .F.,(2,2),(0.,0.375442716097),.PIECEWISE_BEZIER_KNOTS.);
#1541 = CARTESIAN_POINT('',(0.,1.));
#1542 = CARTESIAN_POINT('',(0.625737860161,1.));
#1543 = ( GEOMETRIC_REPRESENTATION_CONTEXT(2) 
PARAMETRIC_REPRESENTATION_CONTEXT() REPRESENTATION_CONTEXT('2D SPACE',''
  ) );
#1544 = ORIENTED_EDGE('',*,*,#1545,.F.);
#1545 = EDGE_CURVE('',#1378,#1524,#1546,.T.);
#1546 = SURFACE_CURVE('',#1547,(#1551,#1558),.PCURVE_S1.);
#1547 = LINE('',#1548,#1549);
#1548 = CARTESIAN_POINT('',(6.37082039325,11.105342302751,23.8));
#1549 = VECTOR('',#1550,1.);
#1550 = DIRECTION('',(-0.707106781187,0.707106781187,0.));
#1551 = PCURVE('',#98,#1552);
#1552 = DEFINITIONAL_REPRESENTATION('',(#1553),#1557);
#1553 = LINE('',#1554,#1555);
#1554 = CARTESIAN_POINT('',(-0.324570017928,0.666847328601));
#1555 = VECTOR('',#1556,1.);
#1556 = DIRECTION('',(1.826807354438E-02,0.999833124821));
#1557 = ( GEOMETRIC_REPRESENTATION_CONTEXT(2) 
PARAMETRIC_REPRESENTATION_CONTEXT() REPRESENTATION_CONTEXT('2D SPACE',''
  ) );
#1558 = PCURVE('',#738,#1559);
#1559 = DEFINITIONAL_REPRESENTATION('',(#1560),#1563);
#1560 = B_SPLINE_CURVE_WITH_KNOTS('',1,(#1561,#1562),.UNSPECIFIED.,.F.,
  .F.,(2,2),(0.,0.375442716097),.PIECEWISE_BEZIER_KNOTS.);
#1561 = CARTESIAN_POINT('',(0.,1.));
#1562 = CARTESIAN_POINT('',(0.625737860161,1.));
#1563 = ( GEOMETRIC_REPRESENTATION_CONTEXT(2) 
PARAMETRIC_REPRESENTATION_CONTEXT() REPRESENTATION_CONTEXT('2D SPACE',''
  ) );
#1564 = ORIENTED_EDGE('',*,*,#1399,.F.);
#1565 = ADVANCED_FACE('',(#1566),#123,.T.);
#1566 = FACE_BOUND('',#1567,.T.);
#1567 = EDGE_LOOP('',(#1568,#1590,#1591,#1592,#1593,#1631,#1669));
#1568 = ORIENTED_EDGE('',*,*,#1569,.F.);
#1569 = EDGE_CURVE('',#140,#1570,#1572,.T.);
#1570 = VERTEX_POINT('',#1571);
#1571 = CARTESIAN_POINT('',(6.6,-1.4,23.8));
#1572 = SURFACE_CURVE('',#1573,(#1576,#1583),.PCURVE_S1.);
#1573 = B_SPLINE_CURVE_WITH_KNOTS('',1,(#1574,#1575),.UNSPECIFIED.,.F.,
  .F.,(2,2),(0.,1.),.PIECEWISE_BEZIER_KNOTS.);
#1574 = CARTESIAN_POINT('',(9.1,-2.6,15.));
#1575 = CARTESIAN_POINT('',(6.6,-1.4,23.8));
#1576 = PCURVE('',#123,#1577);
#1577 = DEFINITIONAL_REPRESENTATION('',(#1578),#1582);
#1578 = LINE('',#1579,#1580);
#1579 = CARTESIAN_POINT('',(0.,0.));
#1580 = VECTOR('',#1581,1.);
#1581 = DIRECTION('',(0.,1.));
#1582 = ( GEOMETRIC_REPRESENTATION_CONTEXT(2) 
PARAMETRIC_REPRESENTATION_CONTEXT() REPRESENTATION_CONTEXT('2D SPACE',''
  ) );
#1583 = PCURVE('',#178,#1584);
#1584 = DEFINITIONAL_REPRESENTATION('',(#1585),#1589);
#1585 = LINE('',#1586,#1587);
#1586 = CARTESIAN_POINT('',(0.625737860161,0.));
#1587 = VECTOR('',#1588,1.);
#1588 = DIRECTION('',(0.,1.));
#1589 = ( GEOMETRIC_REPRESENTATION_CONTEXT(2) 
PARAMETRIC_REPRESENTATION_CONTEXT() REPRESENTATION_CONTEXT('2D SPACE',''
  ) );
#1590 = ORIENTED_EDGE('',*,*,#139,.T.);
#1591 = ORIENTED_EDGE('',*,*,#110,.T.);
#1592 = ORIENTED_EDGE('',*,*,#1424,.F.);
#1593 = ORIENTED_EDGE('',*,*,#1594,.T.);
#1594 = EDGE_CURVE('',#1425,#1595,#1597,.T.);
#1595 = VERTEX_POINT('',#1596);
#1596 = CARTESIAN_POINT('',(6.635483103207,4.5,23.675099476712));
#1597 = SURFACE_CURVE('',#1598,(#1607,#1619),.PCURVE_S1.);
#1598 = B_SPLINE_CURVE_WITH_KNOTS('',7,(#1599,#1600,#1601,#1602,#1603,
    #1604,#1605,#1606),.UNSPECIFIED.,.F.,.F.,(8,8),(0.,1.),
  .PIECEWISE_BEZIER_KNOTS.);
#1599 = CARTESIAN_POINT('',(6.6,8.152054216465,23.8));
#1600 = CARTESIAN_POINT('',(6.610120660212,7.631884390974,
    23.764375276053));
#1601 = CARTESIAN_POINT('',(6.61856773005,7.110856598292,23.734641590225
    ));
#1602 = CARTESIAN_POINT('',(6.625331696081,6.589207508249,
    23.710832429795));
#1603 = CARTESIAN_POINT('',(6.63040689666,6.067147656244,23.692967723756
    ));
#1604 = CARTESIAN_POINT('',(6.633791037778,5.544843733772,
    23.681055547022));
#1605 = CARTESIAN_POINT('',(6.635483103207,5.022421258266,
    23.675099476712));
#1606 = CARTESIAN_POINT('',(6.635483103207,4.5,23.675099476712));
#1607 = PCURVE('',#123,#1608);
#1608 = DEFINITIONAL_REPRESENTATION('',(#1609),#1618);
#1609 = B_SPLINE_CURVE_WITH_KNOTS('',7,(#1610,#1611,#1612,#1613,#1614,
    #1615,#1616,#1617),.UNSPECIFIED.,.F.,.F.,(8,8),(0.,1.),
  .PIECEWISE_BEZIER_KNOTS.);
#1610 = CARTESIAN_POINT('',(11.49484490456,1.));
#1611 = CARTESIAN_POINT('',(10.865259217724,0.995951735915));
#1612 = CARTESIAN_POINT('',(10.236449011661,0.99257290798));
#1613 = CARTESIAN_POINT('',(9.608339803538,0.989867321568));
#1614 = CARTESIAN_POINT('',(8.980822517762,0.987837241336));
#1615 = CARTESIAN_POINT('',(8.353735086958,0.986483584889));
#1616 = CARTESIAN_POINT('',(7.726866814803,0.985806758717));
#1617 = CARTESIAN_POINT('',(7.1,0.985806758717));
#1618 = ( GEOMETRIC_REPRESENTATION_CONTEXT(2) 
PARAMETRIC_REPRESENTATION_CONTEXT() REPRESENTATION_CONTEXT('2D SPACE',''
  ) );
#1619 = PCURVE('',#1467,#1620);
#1620 = DEFINITIONAL_REPRESENTATION('',(#1621),#1630);
#1621 = B_SPLINE_CURVE_WITH_KNOTS('',7,(#1622,#1623,#1624,#1625,#1626,
    #1627,#1628,#1629),.UNSPECIFIED.,.F.,.F.,(8,8),(0.,1.),
  .PIECEWISE_BEZIER_KNOTS.);
#1622 = CARTESIAN_POINT('',(0.505405078342,-1.425224206783));
#1623 = CARTESIAN_POINT('',(0.44441677397,-1.429947065081));
#1624 = CARTESIAN_POINT('',(0.378851262042,-1.434066452512));
#1625 = CARTESIAN_POINT('',(0.308800789371,-1.437496292734));
#1626 = CARTESIAN_POINT('',(0.234672114772,-1.440149168382));
#1627 = CARTESIAN_POINT('',(0.157461976184,-1.441944415277));
#1628 = CARTESIAN_POINT('',(7.873145785168E-02,-1.442842017039));
#1629 = CARTESIAN_POINT('',(0.,-1.442842017039));
#1630 = ( GEOMETRIC_REPRESENTATION_CONTEXT(2) 
PARAMETRIC_REPRESENTATION_CONTEXT() REPRESENTATION_CONTEXT('2D SPACE',''
  ) );
#1631 = ORIENTED_EDGE('',*,*,#1632,.T.);
#1632 = EDGE_CURVE('',#1595,#1633,#1635,.T.);
#1633 = VERTEX_POINT('',#1634);
#1634 = CARTESIAN_POINT('',(6.6,0.847945783535,23.8));
#1635 = SURFACE_CURVE('',#1636,(#1645,#1657),.PCURVE_S1.);
#1636 = B_SPLINE_CURVE_WITH_KNOTS('',7,(#1637,#1638,#1639,#1640,#1641,
    #1642,#1643,#1644),.UNSPECIFIED.,.F.,.F.,(8,8),(0.,1.),
  .PIECEWISE_BEZIER_KNOTS.);
#1637 = CARTESIAN_POINT('',(6.635483103207,4.5,23.675099476712));
#1638 = CARTESIAN_POINT('',(6.635483103207,3.977578741568,
    23.675099476712));
#1639 = CARTESIAN_POINT('',(6.633791037776,3.455156265936,
    23.681055547027));
#1640 = CARTESIAN_POINT('',(6.630406896659,2.932852344138,
    23.692967723759));
#1641 = CARTESIAN_POINT('',(6.625331696086,2.410792491882,
    23.710832429776));
#1642 = CARTESIAN_POINT('',(6.618567730048,1.8891434016,23.734641590232)
  );
#1643 = CARTESIAN_POINT('',(6.610120660211,1.368115608945,
    23.764375276059));
#1644 = CARTESIAN_POINT('',(6.6,0.847945783535,23.8));
#1645 = PCURVE('',#123,#1646);
#1646 = DEFINITIONAL_REPRESENTATION('',(#1647),#1656);
#1647 = B_SPLINE_CURVE_WITH_KNOTS('',7,(#1648,#1649,#1650,#1651,#1652,
    #1653,#1654,#1655),.UNSPECIFIED.,.F.,.F.,(8,8),(0.,1.),
  .PIECEWISE_BEZIER_KNOTS.);
#1648 = CARTESIAN_POINT('',(7.1,0.985806758717));
#1649 = CARTESIAN_POINT('',(6.473133184997,0.985806758717));
#1650 = CARTESIAN_POINT('',(5.846264912693,0.986483584889));
#1651 = CARTESIAN_POINT('',(5.219177482695,0.987837241336));
#1652 = CARTESIAN_POINT('',(4.591660196622,0.989867321565));
#1653 = CARTESIAN_POINT('',(3.963550988209,0.992572907981));
#1654 = CARTESIAN_POINT('',(3.334740782178,0.995951735916));
#1655 = CARTESIAN_POINT('',(2.70515509544,1.));
#1656 = ( GEOMETRIC_REPRESENTATION_CONTEXT(2) 
PARAMETRIC_REPRESENTATION_CONTEXT() REPRESENTATION_CONTEXT('2D SPACE',''
  ) );
#1657 = PCURVE('',#1467,#1658);
#1658 = DEFINITIONAL_REPRESENTATION('',(#1659),#1668);
#1659 = B_SPLINE_CURVE_WITH_KNOTS('',7,(#1660,#1661,#1662,#1663,#1664,
    #1665,#1666,#1667),.UNSPECIFIED.,.F.,.F.,(8,8),(0.,1.),
  .PIECEWISE_BEZIER_KNOTS.);
#1660 = CARTESIAN_POINT('',(6.28318530718,-1.442842017039));
#1661 = CARTESIAN_POINT('',(6.204453849303,-1.442842017039));
#1662 = CARTESIAN_POINT('',(6.125723330947,-1.441944415276));
#1663 = CARTESIAN_POINT('',(6.048513192477,-1.440149168382));
#1664 = CARTESIAN_POINT('',(5.974384517814,-1.437496292736));
#1665 = CARTESIAN_POINT('',(5.904334045126,-1.434066452511));
#1666 = CARTESIAN_POINT('',(5.8387685332,-1.42994706508));
#1667 = CARTESIAN_POINT('',(5.777780228837,-1.425224206783));
#1668 = ( GEOMETRIC_REPRESENTATION_CONTEXT(2) 
PARAMETRIC_REPRESENTATION_CONTEXT() REPRESENTATION_CONTEXT('2D SPACE',''
  ) );
#1669 = ORIENTED_EDGE('',*,*,#1670,.F.);
#1670 = EDGE_CURVE('',#1570,#1633,#1671,.T.);
#1671 = SURFACE_CURVE('',#1672,(#1676,#1682),.PCURVE_S1.);
#1672 = LINE('',#1673,#1674);
#1673 = CARTESIAN_POINT('',(6.6,-1.4,23.8));
#1674 = VECTOR('',#1675,1.);
#1675 = DIRECTION('',(0.,1.,0.));
#1676 = PCURVE('',#123,#1677);
#1677 = DEFINITIONAL_REPRESENTATION('',(#1678),#1681);
#1678 = B_SPLINE_CURVE_WITH_KNOTS('',1,(#1679,#1680),.UNSPECIFIED.,.F.,
  .F.,(2,2),(0.,11.8),.PIECEWISE_BEZIER_KNOTS.);
#1679 = CARTESIAN_POINT('',(0.,1.));
#1680 = CARTESIAN_POINT('',(14.2,1.));
#1681 = ( GEOMETRIC_REPRESENTATION_CONTEXT(2) 
PARAMETRIC_REPRESENTATION_CONTEXT() REPRESENTATION_CONTEXT('2D SPACE',''
  ) );
#1682 = PCURVE('',#1683,#1688);
#1683 = PLANE('',#1684);
#1684 = AXIS2_PLACEMENT_3D('',#1685,#1686,#1687);
#1685 = CARTESIAN_POINT('',(6.6,10.4,23.8));
#1686 = DIRECTION('',(-0.,0.,-1.));
#1687 = DIRECTION('',(-0.719906261298,-0.694071303933,0.));
#1688 = DEFINITIONAL_REPRESENTATION('',(#1689),#1693);
#1689 = LINE('',#1690,#1691);
#1690 = CARTESIAN_POINT('',(8.190041386413,-8.494893883319));
#1691 = VECTOR('',#1692,1.);
#1692 = DIRECTION('',(-0.694071303933,0.719906261298));
#1693 = ( GEOMETRIC_REPRESENTATION_CONTEXT(2) 
PARAMETRIC_REPRESENTATION_CONTEXT() REPRESENTATION_CONTEXT('2D SPACE',''
  ) );
#1694 = ADVANCED_FACE('',(#1695),#178,.T.);
#1695 = FACE_BOUND('',#1696,.T.);
#1696 = EDGE_LOOP('',(#1697,#1698,#1699,#1721));
#1697 = ORIENTED_EDGE('',*,*,#162,.T.);
#1698 = ORIENTED_EDGE('',*,*,#1569,.T.);
#1699 = ORIENTED_EDGE('',*,*,#1700,.F.);
#1700 = EDGE_CURVE('',#1701,#1570,#1703,.T.);
#1701 = VERTEX_POINT('',#1702);
#1702 = CARTESIAN_POINT('',(6.541267819554,-1.77082039325,23.8));
#1703 = SURFACE_CURVE('',#1704,(#1708,#1714),.PCURVE_S1.);
#1704 = LINE('',#1705,#1706);
#1705 = CARTESIAN_POINT('',(6.541267819554,-1.77082039325,23.8));
#1706 = VECTOR('',#1707,1.);
#1707 = DIRECTION('',(0.15643446504,0.987688340595,0.));
#1708 = PCURVE('',#178,#1709);
#1709 = DEFINITIONAL_REPRESENTATION('',(#1710),#1713);
#1710 = B_SPLINE_CURVE_WITH_KNOTS('',1,(#1711,#1712),.UNSPECIFIED.,.F.,
  .F.,(2,2),(0.,0.375442716097),.PIECEWISE_BEZIER_KNOTS.);
#1711 = CARTESIAN_POINT('',(0.,1.));
#1712 = CARTESIAN_POINT('',(0.625737860161,1.));
#1713 = ( GEOMETRIC_REPRESENTATION_CONTEXT(2) 
PARAMETRIC_REPRESENTATION_CONTEXT() REPRESENTATION_CONTEXT('2D SPACE',''
  ) );
#1714 = PCURVE('',#1683,#1715);
#1715 = DEFINITIONAL_REPRESENTATION('',(#1716),#1720);
#1716 = LINE('',#1717,#1718);
#1717 = CARTESIAN_POINT('',(8.489698844724,-8.721085485171));
#1718 = VECTOR('',#1719,1.);
#1719 = DIRECTION('',(-0.798144285302,0.602466347475));
#1720 = ( GEOMETRIC_REPRESENTATION_CONTEXT(2) 
PARAMETRIC_REPRESENTATION_CONTEXT() REPRESENTATION_CONTEXT('2D SPACE',''
  ) );
#1721 = ORIENTED_EDGE('',*,*,#1722,.F.);
#1722 = EDGE_CURVE('',#163,#1701,#1723,.T.);
#1723 = SURFACE_CURVE('',#1724,(#1727,#1734),.PCURVE_S1.);
#1724 = B_SPLINE_CURVE_WITH_KNOTS('',1,(#1725,#1726),.UNSPECIFIED.,.F.,
  .F.,(2,2),(0.,1.),.PIECEWISE_BEZIER_KNOTS.);
#1725 = CARTESIAN_POINT('',(9.00211303259,-3.21803398875,15.));
#1726 = CARTESIAN_POINT('',(6.541267819554,-1.77082039325,23.8));
#1727 = PCURVE('',#178,#1728);
#1728 = DEFINITIONAL_REPRESENTATION('',(#1729),#1733);
#1729 = LINE('',#1730,#1731);
#1730 = CARTESIAN_POINT('',(0.,0.));
#1731 = VECTOR('',#1732,1.);
#1732 = DIRECTION('',(0.,1.));
#1733 = ( GEOMETRIC_REPRESENTATION_CONTEXT(2) 
PARAMETRIC_REPRESENTATION_CONTEXT() REPRESENTATION_CONTEXT('2D SPACE',''
  ) );
#1734 = PCURVE('',#206,#1735);
#1735 = DEFINITIONAL_REPRESENTATION('',(#1736),#1740);
#1736 = LINE('',#1737,#1738);
#1737 = CARTESIAN_POINT('',(0.625737860161,0.));
#1738 = VECTOR('',#1739,1.);
#1739 = DIRECTION('',(0.,1.));
#1740 = ( GEOMETRIC_REPRESENTATION_CONTEXT(2) 
PARAMETRIC_REPRESENTATION_CONTEXT() REPRESENTATION_CONTEXT('2D SPACE',''
  ) );
#1741 = ADVANCED_FACE('',(#1742),#738,.T.);
#1742 = FACE_BOUND('',#1743,.T.);
#1743 = EDGE_LOOP('',(#1744,#1745,#1765,#1766));
#1744 = ORIENTED_EDGE('',*,*,#722,.T.);
#1745 = ORIENTED_EDGE('',*,*,#1746,.T.);
#1746 = EDGE_CURVE('',#695,#1524,#1747,.T.);
#1747 = SURFACE_CURVE('',#1748,(#1751,#1758),.PCURVE_S1.);
#1748 = B_SPLINE_CURVE_WITH_KNOTS('',1,(#1749,#1750),.UNSPECIFIED.,.F.,
  .F.,(2,2),(0.,1.),.PIECEWISE_BEZIER_KNOTS.);
#1749 = CARTESIAN_POINT('',(8.275570504585,13.21803398875,15.));
#1750 = CARTESIAN_POINT('',(6.105342302751,11.37082039325,23.8));
#1751 = PCURVE('',#738,#1752);
#1752 = DEFINITIONAL_REPRESENTATION('',(#1753),#1757);
#1753 = LINE('',#1754,#1755);
#1754 = CARTESIAN_POINT('',(0.625737860161,0.));
#1755 = VECTOR('',#1756,1.);
#1756 = DIRECTION('',(0.,1.));
#1757 = ( GEOMETRIC_REPRESENTATION_CONTEXT(2) 
PARAMETRIC_REPRESENTATION_CONTEXT() REPRESENTATION_CONTEXT('2D SPACE',''
  ) );
#1758 = PCURVE('',#710,#1759);
#1759 = DEFINITIONAL_REPRESENTATION('',(#1760),#1764);
#1760 = LINE('',#1761,#1762);
#1761 = CARTESIAN_POINT('',(0.,0.));
#1762 = VECTOR('',#1763,1.);
#1763 = DIRECTION('',(0.,1.));
#1764 = ( GEOMETRIC_REPRESENTATION_CONTEXT(2) 
PARAMETRIC_REPRESENTATION_CONTEXT() REPRESENTATION_CONTEXT('2D SPACE',''
  ) );
#1765 = ORIENTED_EDGE('',*,*,#1545,.F.);
#1766 = ORIENTED_EDGE('',*,*,#1377,.F.);
#1767 = ADVANCED_FACE('',(#1768),#206,.T.);
#1768 = FACE_BOUND('',#1769,.T.);
#1769 = EDGE_LOOP('',(#1770,#1771,#1772,#1794));
#1770 = ORIENTED_EDGE('',*,*,#190,.T.);
#1771 = ORIENTED_EDGE('',*,*,#1722,.T.);
#1772 = ORIENTED_EDGE('',*,*,#1773,.F.);
#1773 = EDGE_CURVE('',#1774,#1701,#1776,.T.);
#1774 = VERTEX_POINT('',#1775);
#1775 = CARTESIAN_POINT('',(6.37082039325,-2.105342302751,23.8));
#1776 = SURFACE_CURVE('',#1777,(#1781,#1787),.PCURVE_S1.);
#1777 = LINE('',#1778,#1779);
#1778 = CARTESIAN_POINT('',(6.37082039325,-2.105342302751,23.8));
#1779 = VECTOR('',#1780,1.);
#1780 = DIRECTION('',(0.45399049974,0.891006524188,0.));
#1781 = PCURVE('',#206,#1782);
#1782 = DEFINITIONAL_REPRESENTATION('',(#1783),#1786);
#1783 = B_SPLINE_CURVE_WITH_KNOTS('',1,(#1784,#1785),.UNSPECIFIED.,.F.,
  .F.,(2,2),(0.,0.375442716097),.PIECEWISE_BEZIER_KNOTS.);
#1784 = CARTESIAN_POINT('',(0.,1.));
#1785 = CARTESIAN_POINT('',(0.625737860161,1.));
#1786 = ( GEOMETRIC_REPRESENTATION_CONTEXT(2) 
PARAMETRIC_REPRESENTATION_CONTEXT() REPRESENTATION_CONTEXT('2D SPACE',''
  ) );
#1787 = PCURVE('',#1683,#1788);
#1788 = DEFINITIONAL_REPRESENTATION('',(#1789),#1793);
#1789 = LINE('',#1790,#1791);
#1790 = CARTESIAN_POINT('',(8.844587072064,-8.843607234936));
#1791 = VECTOR('',#1792,1.);
#1792 = DIRECTION('',(-0.945252663389,0.326339397493));
#1793 = ( GEOMETRIC_REPRESENTATION_CONTEXT(2) 
PARAMETRIC_REPRESENTATION_CONTEXT() REPRESENTATION_CONTEXT('2D SPACE',''
  ) );
#1794 = ORIENTED_EDGE('',*,*,#1795,.F.);
#1795 = EDGE_CURVE('',#191,#1774,#1796,.T.);
#1796 = SURFACE_CURVE('',#1797,(#1800,#1807),.PCURVE_S1.);
#1797 = B_SPLINE_CURVE_WITH_KNOTS('',1,(#1798,#1799),.UNSPECIFIED.,.F.,
  .F.,(2,2),(0.,1.),.PIECEWISE_BEZIER_KNOTS.);
#1798 = CARTESIAN_POINT('',(8.71803398875,-3.775570504585,15.));
#1799 = CARTESIAN_POINT('',(6.37082039325,-2.105342302751,23.8));
#1800 = PCURVE('',#206,#1801);
#1801 = DEFINITIONAL_REPRESENTATION('',(#1802),#1806);
#1802 = LINE('',#1803,#1804);
#1803 = CARTESIAN_POINT('',(0.,0.));
#1804 = VECTOR('',#1805,1.);
#1805 = DIRECTION('',(0.,1.));
#1806 = ( GEOMETRIC_REPRESENTATION_CONTEXT(2) 
PARAMETRIC_REPRESENTATION_CONTEXT() REPRESENTATION_CONTEXT('2D SPACE',''
  ) );
#1807 = PCURVE('',#234,#1808);
#1808 = DEFINITIONAL_REPRESENTATION('',(#1809),#1813);
#1809 = LINE('',#1810,#1811);
#1810 = CARTESIAN_POINT('',(0.625737860161,0.));
#1811 = VECTOR('',#1812,1.);
#1812 = DIRECTION('',(0.,1.));
#1813 = ( GEOMETRIC_REPRESENTATION_CONTEXT(2) 
PARAMETRIC_REPRESENTATION_CONTEXT() REPRESENTATION_CONTEXT('2D SPACE',''
  ) );
#1814 = ADVANCED_FACE('',(#1815),#710,.T.);
#1815 = FACE_BOUND('',#1816,.T.);
#1816 = EDGE_LOOP('',(#1817,#1818,#1838,#1839));
#1817 = ORIENTED_EDGE('',*,*,#694,.T.);
#1818 = ORIENTED_EDGE('',*,*,#1819,.T.);
#1819 = EDGE_CURVE('',#667,#1502,#1820,.T.);
#1820 = SURFACE_CURVE('',#1821,(#1824,#1831),.PCURVE_S1.);
#1821 = B_SPLINE_CURVE_WITH_KNOTS('',1,(#1822,#1823),.UNSPECIFIED.,.F.,
  .F.,(2,2),(0.,1.),.PIECEWISE_BEZIER_KNOTS.);
#1822 = CARTESIAN_POINT('',(7.71803398875,13.50211303259,15.));
#1823 = CARTESIAN_POINT('',(5.77082039325,11.541267819554,23.8));
#1824 = PCURVE('',#710,#1825);
#1825 = DEFINITIONAL_REPRESENTATION('',(#1826),#1830);
#1826 = LINE('',#1827,#1828);
#1827 = CARTESIAN_POINT('',(0.625737860161,0.));
#1828 = VECTOR('',#1829,1.);
#1829 = DIRECTION('',(0.,1.));
#1830 = ( GEOMETRIC_REPRESENTATION_CONTEXT(2) 
PARAMETRIC_REPRESENTATION_CONTEXT() REPRESENTATION_CONTEXT('2D SPACE',''
  ) );
#1831 = PCURVE('',#682,#1832);
#1832 = DEFINITIONAL_REPRESENTATION('',(#1833),#1837);
#1833 = LINE('',#1834,#1835);
#1834 = CARTESIAN_POINT('',(0.,0.));
#1835 = VECTOR('',#1836,1.);
#1836 = DIRECTION('',(0.,1.));
#1837 = ( GEOMETRIC_REPRESENTATION_CONTEXT(2) 
PARAMETRIC_REPRESENTATION_CONTEXT() REPRESENTATION_CONTEXT('2D SPACE',''
  ) );
#1838 = ORIENTED_EDGE('',*,*,#1523,.F.);
#1839 = ORIENTED_EDGE('',*,*,#1746,.F.);
#1840 = ADVANCED_FACE('',(#1841),#234,.T.);
#1841 = FACE_BOUND('',#1842,.T.);
#1842 = EDGE_LOOP('',(#1843,#1844,#1845,#1867));
#1843 = ORIENTED_EDGE('',*,*,#218,.T.);
#1844 = ORIENTED_EDGE('',*,*,#1795,.T.);
#1845 = ORIENTED_EDGE('',*,*,#1846,.F.);
#1846 = EDGE_CURVE('',#1847,#1774,#1849,.T.);
#1847 = VERTEX_POINT('',#1848);
#1848 = CARTESIAN_POINT('',(6.105342302751,-2.37082039325,23.8));
#1849 = SURFACE_CURVE('',#1850,(#1854,#1860),.PCURVE_S1.);
#1850 = LINE('',#1851,#1852);
#1851 = CARTESIAN_POINT('',(6.105342302751,-2.37082039325,23.8));
#1852 = VECTOR('',#1853,1.);
#1853 = DIRECTION('',(0.707106781187,0.707106781187,0.));
#1854 = PCURVE('',#234,#1855);
#1855 = DEFINITIONAL_REPRESENTATION('',(#1856),#1859);
#1856 = B_SPLINE_CURVE_WITH_KNOTS('',1,(#1857,#1858),.UNSPECIFIED.,.F.,
  .F.,(2,2),(0.,0.375442716097),.PIECEWISE_BEZIER_KNOTS.);
#1857 = CARTESIAN_POINT('',(0.,1.));
#1858 = CARTESIAN_POINT('',(0.625737860161,1.));
#1859 = ( GEOMETRIC_REPRESENTATION_CONTEXT(2) 
PARAMETRIC_REPRESENTATION_CONTEXT() REPRESENTATION_CONTEXT('2D SPACE',''
  ) );
#1860 = PCURVE('',#1683,#1861);
#1861 = DEFINITIONAL_REPRESENTATION('',(#1862),#1866);
#1862 = LINE('',#1863,#1864);
#1863 = CARTESIAN_POINT('',(9.21996713609,-8.850465850085));
#1864 = VECTOR('',#1865,1.);
#1865 = DIRECTION('',(-0.999833124821,1.826807354438E-02));
#1866 = ( GEOMETRIC_REPRESENTATION_CONTEXT(2) 
PARAMETRIC_REPRESENTATION_CONTEXT() REPRESENTATION_CONTEXT('2D SPACE',''
  ) );
#1867 = ORIENTED_EDGE('',*,*,#1868,.F.);
#1868 = EDGE_CURVE('',#219,#1847,#1869,.T.);
#1869 = SURFACE_CURVE('',#1870,(#1873,#1880),.PCURVE_S1.);
#1870 = B_SPLINE_CURVE_WITH_KNOTS('',1,(#1871,#1872),.UNSPECIFIED.,.F.,
  .F.,(2,2),(0.,1.),.PIECEWISE_BEZIER_KNOTS.);
#1871 = CARTESIAN_POINT('',(8.275570504585,-4.21803398875,15.));
#1872 = CARTESIAN_POINT('',(6.105342302751,-2.37082039325,23.8));
#1873 = PCURVE('',#234,#1874);
#1874 = DEFINITIONAL_REPRESENTATION('',(#1875),#1879);
#1875 = LINE('',#1876,#1877);
#1876 = CARTESIAN_POINT('',(0.,0.));
#1877 = VECTOR('',#1878,1.);
#1878 = DIRECTION('',(0.,1.));
#1879 = ( GEOMETRIC_REPRESENTATION_CONTEXT(2) 
PARAMETRIC_REPRESENTATION_CONTEXT() REPRESENTATION_CONTEXT('2D SPACE',''
  ) );
#1880 = PCURVE('',#262,#1881);
#1881 = DEFINITIONAL_REPRESENTATION('',(#1882),#1886);
#1882 = LINE('',#1883,#1884);
#1883 = CARTESIAN_POINT('',(0.625737860161,0.));
#1884 = VECTOR('',#1885,1.);
#1885 = DIRECTION('',(0.,1.));
#1886 = ( GEOMETRIC_REPRESENTATION_CONTEXT(2) 
PARAMETRIC_REPRESENTATION_CONTEXT() REPRESENTATION_CONTEXT('2D SPACE',''
  ) );
#1887 = ADVANCED_FACE('',(#1888),#682,.T.);
#1888 = FACE_BOUND('',#1889,.T.);
#1889 = EDGE_LOOP('',(#1890,#1891,#1911,#1912));
#1890 = ORIENTED_EDGE('',*,*,#666,.T.);
#1891 = ORIENTED_EDGE('',*,*,#1892,.T.);
#1892 = EDGE_CURVE('',#639,#1480,#1893,.T.);
#1893 = SURFACE_CURVE('',#1894,(#1897,#1904),.PCURVE_S1.);
#1894 = B_SPLINE_CURVE_WITH_KNOTS('',1,(#1895,#1896),.UNSPECIFIED.,.F.,
  .F.,(2,2),(0.,1.),.PIECEWISE_BEZIER_KNOTS.);
#1895 = CARTESIAN_POINT('',(7.1,13.6,15.));
#1896 = CARTESIAN_POINT('',(5.4,11.6,23.8));
#1897 = PCURVE('',#682,#1898);
#1898 = DEFINITIONAL_REPRESENTATION('',(#1899),#1903);
#1899 = LINE('',#1900,#1901);
#1900 = CARTESIAN_POINT('',(0.625737860161,0.));
#1901 = VECTOR('',#1902,1.);
#1902 = DIRECTION('',(0.,1.));
#1903 = ( GEOMETRIC_REPRESENTATION_CONTEXT(2) 
PARAMETRIC_REPRESENTATION_CONTEXT() REPRESENTATION_CONTEXT('2D SPACE',''
  ) );
#1904 = PCURVE('',#654,#1905);
#1905 = DEFINITIONAL_REPRESENTATION('',(#1906),#1910);
#1906 = LINE('',#1907,#1908);
#1907 = CARTESIAN_POINT('',(0.,0.));
#1908 = VECTOR('',#1909,1.);
#1909 = DIRECTION('',(0.,1.));
#1910 = ( GEOMETRIC_REPRESENTATION_CONTEXT(2) 
PARAMETRIC_REPRESENTATION_CONTEXT() REPRESENTATION_CONTEXT('2D SPACE',''
  ) );
#1911 = ORIENTED_EDGE('',*,*,#1501,.F.);
#1912 = ORIENTED_EDGE('',*,*,#1819,.F.);
#1913 = ADVANCED_FACE('',(#1914),#262,.T.);
#1914 = FACE_BOUND('',#1915,.T.);
#1915 = EDGE_LOOP('',(#1916,#1917,#1918,#1940));
#1916 = ORIENTED_EDGE('',*,*,#246,.T.);
#1917 = ORIENTED_EDGE('',*,*,#1868,.T.);
#1918 = ORIENTED_EDGE('',*,*,#1919,.F.);
#1919 = EDGE_CURVE('',#1920,#1847,#1922,.T.);
#1920 = VERTEX_POINT('',#1921);
#1921 = CARTESIAN_POINT('',(5.77082039325,-2.541267819554,23.8));
#1922 = SURFACE_CURVE('',#1923,(#1927,#1933),.PCURVE_S1.);
#1923 = LINE('',#1924,#1925);
#1924 = CARTESIAN_POINT('',(5.77082039325,-2.541267819554,23.8));
#1925 = VECTOR('',#1926,1.);
#1926 = DIRECTION('',(0.891006524188,0.45399049974,0.));
#1927 = PCURVE('',#262,#1928);
#1928 = DEFINITIONAL_REPRESENTATION('',(#1929),#1932);
#1929 = B_SPLINE_CURVE_WITH_KNOTS('',1,(#1930,#1931),.UNSPECIFIED.,.F.,
  .F.,(2,2),(0.,0.375442716097),.PIECEWISE_BEZIER_KNOTS.);
#1930 = CARTESIAN_POINT('',(0.,1.));
#1931 = CARTESIAN_POINT('',(0.625737860161,1.));
#1932 = ( GEOMETRIC_REPRESENTATION_CONTEXT(2) 
PARAMETRIC_REPRESENTATION_CONTEXT() REPRESENTATION_CONTEXT('2D SPACE',''
  ) );
#1933 = PCURVE('',#1683,#1934);
#1934 = DEFINITIONAL_REPRESENTATION('',(#1935),#1939);
#1935 = LINE('',#1936,#1937);
#1936 = CARTESIAN_POINT('',(9.579094220708,-8.740989961582));
#1937 = VECTOR('',#1938,1.);
#1938 = DIRECTION('',(-0.956542953748,-0.291591456724));
#1939 = ( GEOMETRIC_REPRESENTATION_CONTEXT(2) 
PARAMETRIC_REPRESENTATION_CONTEXT() REPRESENTATION_CONTEXT('2D SPACE',''
  ) );
#1940 = ORIENTED_EDGE('',*,*,#1941,.F.);
#1941 = EDGE_CURVE('',#247,#1920,#1942,.T.);
#1942 = SURFACE_CURVE('',#1943,(#1946,#1953),.PCURVE_S1.);
#1943 = B_SPLINE_CURVE_WITH_KNOTS('',1,(#1944,#1945),.UNSPECIFIED.,.F.,
  .F.,(2,2),(0.,1.),.PIECEWISE_BEZIER_KNOTS.);
#1944 = CARTESIAN_POINT('',(7.71803398875,-4.50211303259,15.));
#1945 = CARTESIAN_POINT('',(5.77082039325,-2.541267819554,23.8));
#1946 = PCURVE('',#262,#1947);
#1947 = DEFINITIONAL_REPRESENTATION('',(#1948),#1952);
#1948 = LINE('',#1949,#1950);
#1949 = CARTESIAN_POINT('',(0.,0.));
#1950 = VECTOR('',#1951,1.);
#1951 = DIRECTION('',(0.,1.));
#1952 = ( GEOMETRIC_REPRESENTATION_CONTEXT(2) 
PARAMETRIC_REPRESENTATION_CONTEXT() REPRESENTATION_CONTEXT('2D SPACE',''
  ) );
#1953 = PCURVE('',#290,#1954);
#1954 = DEFINITIONAL_REPRESENTATION('',(#1955),#1959);
#1955 = LINE('',#1956,#1957);
#1956 = CARTESIAN_POINT('',(0.625737860161,0.));
#1957 = VECTOR('',#1958,1.);
#1958 = DIRECTION('',(0.,1.));
#1959 = ( GEOMETRIC_REPRESENTATION_CONTEXT(2) 
PARAMETRIC_REPRESENTATION_CONTEXT() REPRESENTATION_CONTEXT('2D SPACE',''
  ) );
#1960 = ADVANCED_FACE('',(#1961),#654,.T.);
#1961 = FACE_BOUND('',#1962,.T.);
#1962 = EDGE_LOOP('',(#1963,#1964,#1965,#1987,#2014,#2062));
#1963 = ORIENTED_EDGE('',*,*,#1892,.F.);
#1964 = ORIENTED_EDGE('',*,*,#638,.T.);
#1965 = ORIENTED_EDGE('',*,*,#1966,.T.);
#1966 = EDGE_CURVE('',#611,#1967,#1969,.T.);
#1967 = VERTEX_POINT('',#1968);
#1968 = CARTESIAN_POINT('',(-5.4,11.6,23.8));
#1969 = SURFACE_CURVE('',#1970,(#1973,#1980),.PCURVE_S1.);
#1970 = B_SPLINE_CURVE_WITH_KNOTS('',1,(#1971,#1972),.UNSPECIFIED.,.F.,
  .F.,(2,2),(0.,1.),.PIECEWISE_BEZIER_KNOTS.);
#1971 = CARTESIAN_POINT('',(-7.1,13.6,15.));
#1972 = CARTESIAN_POINT('',(-5.4,11.6,23.8));
#1973 = PCURVE('',#654,#1974);
#1974 = DEFINITIONAL_REPRESENTATION('',(#1975),#1979);
#1975 = LINE('',#1976,#1977);
#1976 = CARTESIAN_POINT('',(14.2,0.));
#1977 = VECTOR('',#1978,1.);
#1978 = DIRECTION('',(0.,1.));
#1979 = ( GEOMETRIC_REPRESENTATION_CONTEXT(2) 
PARAMETRIC_REPRESENTATION_CONTEXT() REPRESENTATION_CONTEXT('2D SPACE',''
  ) );
#1980 = PCURVE('',#626,#1981);
#1981 = DEFINITIONAL_REPRESENTATION('',(#1982),#1986);
#1982 = LINE('',#1983,#1984);
#1983 = CARTESIAN_POINT('',(0.,0.));
#1984 = VECTOR('',#1985,1.);
#1985 = DIRECTION('',(0.,1.));
#1986 = ( GEOMETRIC_REPRESENTATION_CONTEXT(2) 
PARAMETRIC_REPRESENTATION_CONTEXT() REPRESENTATION_CONTEXT('2D SPACE',''
  ) );
#1987 = ORIENTED_EDGE('',*,*,#1988,.F.);
#1988 = EDGE_CURVE('',#1989,#1967,#1991,.T.);
#1989 = VERTEX_POINT('',#1990);
#1990 = CARTESIAN_POINT('',(-2.54705712539,11.6,23.8));
#1991 = SURFACE_CURVE('',#1992,(#1996,#2002),.PCURVE_S1.);
#1992 = LINE('',#1993,#1994);
#1993 = CARTESIAN_POINT('',(5.4,11.6,23.8));
#1994 = VECTOR('',#1995,1.);
#1995 = DIRECTION('',(-1.,0.,0.));
#1996 = PCURVE('',#654,#1997);
#1997 = DEFINITIONAL_REPRESENTATION('',(#1998),#2001);
#1998 = B_SPLINE_CURVE_WITH_KNOTS('',1,(#1999,#2000),.UNSPECIFIED.,.F.,
  .F.,(2,2),(0.,10.8),.PIECEWISE_BEZIER_KNOTS.);
#1999 = CARTESIAN_POINT('',(0.,1.));
#2000 = CARTESIAN_POINT('',(14.2,1.));
#2001 = ( GEOMETRIC_REPRESENTATION_CONTEXT(2) 
PARAMETRIC_REPRESENTATION_CONTEXT() REPRESENTATION_CONTEXT('2D SPACE',''
  ) );
#2002 = PCURVE('',#2003,#2008);
#2003 = PLANE('',#2004);
#2004 = AXIS2_PLACEMENT_3D('',#2005,#2006,#2007);
#2005 = CARTESIAN_POINT('',(6.6,10.4,23.8));
#2006 = DIRECTION('',(-0.,0.,-1.));
#2007 = DIRECTION('',(-0.719906261298,-0.694071303933,0.));
#2008 = DEFINITIONAL_REPRESENTATION('',(#2009),#2013);
#2009 = LINE('',#2010,#2011);
#2010 = CARTESIAN_POINT('',(3.100194883787E-02,1.696773078278));
#2011 = VECTOR('',#2012,1.);
#2012 = DIRECTION('',(0.719906261298,0.694071303933));
#2013 = ( GEOMETRIC_REPRESENTATION_CONTEXT(2) 
PARAMETRIC_REPRESENTATION_CONTEXT() REPRESENTATION_CONTEXT('2D SPACE',''
  ) );
#2014 = ORIENTED_EDGE('',*,*,#2015,.T.);
#2015 = EDGE_CURVE('',#1989,#1447,#2016,.T.);
#2016 = SURFACE_CURVE('',#2017,(#2030,#2046),.PCURVE_S1.);
#2017 = B_SPLINE_CURVE_WITH_KNOTS('',6,(#2018,#2019,#2020,#2021,#2022,
    #2023,#2024,#2025,#2026,#2027,#2028,#2029),.UNSPECIFIED.,.F.,.F.,(7,
    5,7),(0.,0.500342460644,1.),.UNSPECIFIED.);
#2018 = CARTESIAN_POINT('',(-2.54705712539,11.6,23.8));
#2019 = CARTESIAN_POINT('',(-2.123350021176,11.604622264001,
    23.779662038397));
#2020 = CARTESIAN_POINT('',(-1.698970932811,11.608326918562,
    23.763361558327));
#2021 = CARTESIAN_POINT('',(-1.274104993347,11.611108114362,
    23.751124296808));
#2022 = CARTESIAN_POINT('',(-0.84892490664,11.612962307947,
    23.742965845034));
#2023 = CARTESIAN_POINT('',(-0.423589106901,11.613887819039,
    23.738893596228));
#2024 = CARTESIAN_POINT('',(0.426500321972,11.613881466971,
    23.738921545326));
#2025 = CARTESIAN_POINT('',(0.851253023583,11.612952144659,
    23.743010563502));
#2026 = CARTESIAN_POINT('',(1.275849789309,11.611096687636,
    23.751174574401));
#2027 = CARTESIAN_POINT('',(1.700132798663,11.608316774223,
    23.76340619342));
#2028 = CARTESIAN_POINT('',(2.123930036382,11.604615936556,
    23.779689879155));
#2029 = CARTESIAN_POINT('',(2.54705712539,11.6,23.8));
#2030 = PCURVE('',#654,#2031);
#2031 = DEFINITIONAL_REPRESENTATION('',(#2032),#2045);
#2032 = B_SPLINE_CURVE_WITH_KNOTS('',6,(#2033,#2034,#2035,#2036,#2037,
    #2038,#2039,#2040,#2041,#2042,#2043,#2044),.UNSPECIFIED.,.F.,.F.,(7,
    5,7),(0.,0.500342460644,1.),.UNSPECIFIED.);
#2033 = CARTESIAN_POINT('',(10.448908442642,1.));
#2034 = CARTESIAN_POINT('',(9.889375470787,0.997688868));
#2035 = CARTESIAN_POINT('',(9.330419727068,0.995836540719));
#2036 = CARTESIAN_POINT('',(8.771922130155,0.994445942819));
#2037 = CARTESIAN_POINT('',(8.213743902034,0.993518846027));
#2038 = CARTESIAN_POINT('',(7.655726668477,0.99305609048));
#2039 = CARTESIAN_POINT('',(6.540453970207,0.993059266514));
#2040 = CARTESIAN_POINT('',(5.983199727924,0.993523927671));
#2041 = CARTESIAN_POINT('',(5.425784282861,0.994451656182));
#2042 = CARTESIAN_POINT('',(4.868049960146,0.995841612889));
#2043 = CARTESIAN_POINT('',(4.309858581158,0.997692031722));
#2044 = CARTESIAN_POINT('',(3.751091557358,1.));
#2045 = ( GEOMETRIC_REPRESENTATION_CONTEXT(2) 
PARAMETRIC_REPRESENTATION_CONTEXT() REPRESENTATION_CONTEXT('2D SPACE',''
  ) );
#2046 = PCURVE('',#1467,#2047);
#2047 = DEFINITIONAL_REPRESENTATION('',(#2048),#2061);
#2048 = B_SPLINE_CURVE_WITH_KNOTS('',6,(#2049,#2050,#2051,#2052,#2053,
    #2054,#2055,#2056,#2057,#2058,#2059,#2060),.UNSPECIFIED.,.F.,.F.,(7,
    5,7),(0.,0.500342460644,1.),.UNSPECIFIED.);
#2049 = CARTESIAN_POINT('',(1.915236410657,-1.425224206783));
#2050 = CARTESIAN_POINT('',(1.862156862164,-1.427920460959));
#2051 = CARTESIAN_POINT('',(1.806691857642,-1.430140934851));
#2052 = CARTESIAN_POINT('',(1.749170388191,-1.431843049828));
#2053 = CARTESIAN_POINT('',(1.690131582848,-1.432990030383));
#2054 = CARTESIAN_POINT('',(1.630340317661,-1.433562444066));
#2055 = CARTESIAN_POINT('',(1.510843105926,-1.433558515257));
#2056 = CARTESIAN_POINT('',(1.451137818778,-1.432983744103));
#2057 = CARTESIAN_POINT('',(1.392186048909,-1.431836056443));
#2058 = CARTESIAN_POINT('',(1.33474894978,-1.430134854894));
#2059 = CARTESIAN_POINT('',(1.279363130512,-1.427916770041));
#2060 = CARTESIAN_POINT('',(1.226356242933,-1.425224206783));
#2061 = ( GEOMETRIC_REPRESENTATION_CONTEXT(2) 
PARAMETRIC_REPRESENTATION_CONTEXT() REPRESENTATION_CONTEXT('2D SPACE',''
  ) );
#2062 = ORIENTED_EDGE('',*,*,#1479,.F.);
#2063 = ADVANCED_FACE('',(#2064),#290,.T.);
#2064 = FACE_BOUND('',#2065,.T.);
#2065 = EDGE_LOOP('',(#2066,#2067,#2068,#2090));
#2066 = ORIENTED_EDGE('',*,*,#274,.T.);
#2067 = ORIENTED_EDGE('',*,*,#1941,.T.);
#2068 = ORIENTED_EDGE('',*,*,#2069,.F.);
#2069 = EDGE_CURVE('',#2070,#1920,#2072,.T.);
#2070 = VERTEX_POINT('',#2071);
#2071 = CARTESIAN_POINT('',(5.4,-2.6,23.8));
#2072 = SURFACE_CURVE('',#2073,(#2077,#2083),.PCURVE_S1.);
#2073 = LINE('',#2074,#2075);
#2074 = CARTESIAN_POINT('',(5.4,-2.6,23.8));
#2075 = VECTOR('',#2076,1.);
#2076 = DIRECTION('',(0.987688340595,0.15643446504,0.));
#2077 = PCURVE('',#290,#2078);
#2078 = DEFINITIONAL_REPRESENTATION('',(#2079),#2082);
#2079 = B_SPLINE_CURVE_WITH_KNOTS('',1,(#2080,#2081),.UNSPECIFIED.,.F.,
  .F.,(2,2),(0.,0.375442716097),.PIECEWISE_BEZIER_KNOTS.);
#2080 = CARTESIAN_POINT('',(0.,1.));
#2081 = CARTESIAN_POINT('',(0.625737860161,1.));
#2082 = ( GEOMETRIC_REPRESENTATION_CONTEXT(2) 
PARAMETRIC_REPRESENTATION_CONTEXT() REPRESENTATION_CONTEXT('2D SPACE',''
  ) );
#2083 = PCURVE('',#1683,#2084);
#2084 = DEFINITIONAL_REPRESENTATION('',(#2085),#2089);
#2085 = LINE('',#2086,#2087);
#2086 = CARTESIAN_POINT('',(9.886814464691,-8.525895832157));
#2087 = VECTOR('',#2088,1.);
#2088 = DIRECTION('',(-0.819619693736,-0.572907983571));
#2089 = ( GEOMETRIC_REPRESENTATION_CONTEXT(2) 
PARAMETRIC_REPRESENTATION_CONTEXT() REPRESENTATION_CONTEXT('2D SPACE',''
  ) );
#2090 = ORIENTED_EDGE('',*,*,#2091,.F.);
#2091 = EDGE_CURVE('',#275,#2070,#2092,.T.);
#2092 = SURFACE_CURVE('',#2093,(#2096,#2103),.PCURVE_S1.);
#2093 = B_SPLINE_CURVE_WITH_KNOTS('',1,(#2094,#2095),.UNSPECIFIED.,.F.,
  .F.,(2,2),(0.,1.),.PIECEWISE_BEZIER_KNOTS.);
#2094 = CARTESIAN_POINT('',(7.1,-4.6,15.));
#2095 = CARTESIAN_POINT('',(5.4,-2.6,23.8));
#2096 = PCURVE('',#290,#2097);
#2097 = DEFINITIONAL_REPRESENTATION('',(#2098),#2102);
#2098 = LINE('',#2099,#2100);
#2099 = CARTESIAN_POINT('',(0.,0.));
#2100 = VECTOR('',#2101,1.);
#2101 = DIRECTION('',(0.,1.));
#2102 = ( GEOMETRIC_REPRESENTATION_CONTEXT(2) 
PARAMETRIC_REPRESENTATION_CONTEXT() REPRESENTATION_CONTEXT('2D SPACE',''
  ) );
#2103 = PCURVE('',#318,#2104);
#2104 = DEFINITIONAL_REPRESENTATION('',(#2105),#2109);
#2105 = LINE('',#2106,#2107);
#2106 = CARTESIAN_POINT('',(14.2,0.));
#2107 = VECTOR('',#2108,1.);
#2108 = DIRECTION('',(0.,1.));
#2109 = ( GEOMETRIC_REPRESENTATION_CONTEXT(2) 
PARAMETRIC_REPRESENTATION_CONTEXT() REPRESENTATION_CONTEXT('2D SPACE',''
  ) );
#2110 = ADVANCED_FACE('',(#2111),#626,.T.);
#2111 = FACE_BOUND('',#2112,.T.);
#2112 = EDGE_LOOP('',(#2113,#2114,#2136,#2156));
#2113 = ORIENTED_EDGE('',*,*,#610,.T.);
#2114 = ORIENTED_EDGE('',*,*,#2115,.T.);
#2115 = EDGE_CURVE('',#583,#2116,#2118,.T.);
#2116 = VERTEX_POINT('',#2117);
#2117 = CARTESIAN_POINT('',(-5.77082039325,11.541267819554,23.8));
#2118 = SURFACE_CURVE('',#2119,(#2122,#2129),.PCURVE_S1.);
#2119 = B_SPLINE_CURVE_WITH_KNOTS('',1,(#2120,#2121),.UNSPECIFIED.,.F.,
  .F.,(2,2),(0.,1.),.PIECEWISE_BEZIER_KNOTS.);
#2120 = CARTESIAN_POINT('',(-7.71803398875,13.50211303259,15.));
#2121 = CARTESIAN_POINT('',(-5.77082039325,11.541267819554,23.8));
#2122 = PCURVE('',#626,#2123);
#2123 = DEFINITIONAL_REPRESENTATION('',(#2124),#2128);
#2124 = LINE('',#2125,#2126);
#2125 = CARTESIAN_POINT('',(0.625737860161,0.));
#2126 = VECTOR('',#2127,1.);
#2127 = DIRECTION('',(0.,1.));
#2128 = ( GEOMETRIC_REPRESENTATION_CONTEXT(2) 
PARAMETRIC_REPRESENTATION_CONTEXT() REPRESENTATION_CONTEXT('2D SPACE',''
  ) );
#2129 = PCURVE('',#598,#2130);
#2130 = DEFINITIONAL_REPRESENTATION('',(#2131),#2135);
#2131 = LINE('',#2132,#2133);
#2132 = CARTESIAN_POINT('',(0.,0.));
#2133 = VECTOR('',#2134,1.);
#2134 = DIRECTION('',(0.,1.));
#2135 = ( GEOMETRIC_REPRESENTATION_CONTEXT(2) 
PARAMETRIC_REPRESENTATION_CONTEXT() REPRESENTATION_CONTEXT('2D SPACE',''
  ) );
#2136 = ORIENTED_EDGE('',*,*,#2137,.F.);
#2137 = EDGE_CURVE('',#1967,#2116,#2138,.T.);
#2138 = SURFACE_CURVE('',#2139,(#2143,#2149),.PCURVE_S1.);
#2139 = LINE('',#2140,#2141);
#2140 = CARTESIAN_POINT('',(-5.4,11.6,23.8));
#2141 = VECTOR('',#2142,1.);
#2142 = DIRECTION('',(-0.987688340595,-0.15643446504,0.));
#2143 = PCURVE('',#626,#2144);
#2144 = DEFINITIONAL_REPRESENTATION('',(#2145),#2148);
#2145 = B_SPLINE_CURVE_WITH_KNOTS('',1,(#2146,#2147),.UNSPECIFIED.,.F.,
  .F.,(2,2),(0.,0.375442716097),.PIECEWISE_BEZIER_KNOTS.);
#2146 = CARTESIAN_POINT('',(0.,1.));
#2147 = CARTESIAN_POINT('',(0.625737860161,1.));
#2148 = ( GEOMETRIC_REPRESENTATION_CONTEXT(2) 
PARAMETRIC_REPRESENTATION_CONTEXT() REPRESENTATION_CONTEXT('2D SPACE',''
  ) );
#2149 = PCURVE('',#2003,#2150);
#2150 = DEFINITIONAL_REPRESENTATION('',(#2151),#2155);
#2151 = LINE('',#2152,#2153);
#2152 = CARTESIAN_POINT('',(7.805989570858,9.192743160757));
#2153 = VECTOR('',#2154,1.);
#2154 = DIRECTION('',(0.819619693736,0.572907983571));
#2155 = ( GEOMETRIC_REPRESENTATION_CONTEXT(2) 
PARAMETRIC_REPRESENTATION_CONTEXT() REPRESENTATION_CONTEXT('2D SPACE',''
  ) );
#2156 = ORIENTED_EDGE('',*,*,#1966,.F.);
#2157 = ADVANCED_FACE('',(#2158),#318,.T.);
#2158 = FACE_BOUND('',#2159,.T.);
#2159 = EDGE_LOOP('',(#2160,#2182,#2183,#2184,#2206,#2256));
#2160 = ORIENTED_EDGE('',*,*,#2161,.F.);
#2161 = EDGE_CURVE('',#303,#2162,#2164,.T.);
#2162 = VERTEX_POINT('',#2163);
#2163 = CARTESIAN_POINT('',(-5.4,-2.6,23.8));
#2164 = SURFACE_CURVE('',#2165,(#2168,#2175),.PCURVE_S1.);
#2165 = B_SPLINE_CURVE_WITH_KNOTS('',1,(#2166,#2167),.UNSPECIFIED.,.F.,
  .F.,(2,2),(0.,1.),.PIECEWISE_BEZIER_KNOTS.);
#2166 = CARTESIAN_POINT('',(-7.1,-4.6,15.));
#2167 = CARTESIAN_POINT('',(-5.4,-2.6,23.8));
#2168 = PCURVE('',#318,#2169);
#2169 = DEFINITIONAL_REPRESENTATION('',(#2170),#2174);
#2170 = LINE('',#2171,#2172);
#2171 = CARTESIAN_POINT('',(0.,0.));
#2172 = VECTOR('',#2173,1.);
#2173 = DIRECTION('',(0.,1.));
#2174 = ( GEOMETRIC_REPRESENTATION_CONTEXT(2) 
PARAMETRIC_REPRESENTATION_CONTEXT() REPRESENTATION_CONTEXT('2D SPACE',''
  ) );
#2175 = PCURVE('',#346,#2176);
#2176 = DEFINITIONAL_REPRESENTATION('',(#2177),#2181);
#2177 = LINE('',#2178,#2179);
#2178 = CARTESIAN_POINT('',(0.625737860161,0.));
#2179 = VECTOR('',#2180,1.);
#2180 = DIRECTION('',(0.,1.));
#2181 = ( GEOMETRIC_REPRESENTATION_CONTEXT(2) 
PARAMETRIC_REPRESENTATION_CONTEXT() REPRESENTATION_CONTEXT('2D SPACE',''
  ) );
#2182 = ORIENTED_EDGE('',*,*,#302,.T.);
#2183 = ORIENTED_EDGE('',*,*,#2091,.T.);
#2184 = ORIENTED_EDGE('',*,*,#2185,.F.);
#2185 = EDGE_CURVE('',#2186,#2070,#2188,.T.);
#2186 = VERTEX_POINT('',#2187);
#2187 = CARTESIAN_POINT('',(2.54705712539,-2.6,23.8));
#2188 = SURFACE_CURVE('',#2189,(#2193,#2199),.PCURVE_S1.);
#2189 = LINE('',#2190,#2191);
#2190 = CARTESIAN_POINT('',(-5.4,-2.6,23.8));
#2191 = VECTOR('',#2192,1.);
#2192 = DIRECTION('',(1.,0.,0.));
#2193 = PCURVE('',#318,#2194);
#2194 = DEFINITIONAL_REPRESENTATION('',(#2195),#2198);
#2195 = B_SPLINE_CURVE_WITH_KNOTS('',1,(#2196,#2197),.UNSPECIFIED.,.F.,
  .F.,(2,2),(0.,10.8),.PIECEWISE_BEZIER_KNOTS.);
#2196 = CARTESIAN_POINT('',(0.,1.));
#2197 = CARTESIAN_POINT('',(14.2,1.));
#2198 = ( GEOMETRIC_REPRESENTATION_CONTEXT(2) 
PARAMETRIC_REPRESENTATION_CONTEXT() REPRESENTATION_CONTEXT('2D SPACE',''
  ) );
#2199 = PCURVE('',#1683,#2200);
#2200 = DEFINITIONAL_REPRESENTATION('',(#2201),#2205);
#2201 = LINE('',#2202,#2203);
#2202 = CARTESIAN_POINT('',(17.661802086711,-1.029925749677));
#2203 = VECTOR('',#2204,1.);
#2204 = DIRECTION('',(-0.719906261298,-0.694071303933));
#2205 = ( GEOMETRIC_REPRESENTATION_CONTEXT(2) 
PARAMETRIC_REPRESENTATION_CONTEXT() REPRESENTATION_CONTEXT('2D SPACE',''
  ) );
#2206 = ORIENTED_EDGE('',*,*,#2207,.T.);
#2207 = EDGE_CURVE('',#2186,#2208,#2210,.T.);
#2208 = VERTEX_POINT('',#2209);
#2209 = CARTESIAN_POINT('',(-2.54705712539,-2.6,23.8));
#2210 = SURFACE_CURVE('',#2211,(#2224,#2240),.PCURVE_S1.);
#2211 = B_SPLINE_CURVE_WITH_KNOTS('',6,(#2212,#2213,#2214,#2215,#2216,
    #2217,#2218,#2219,#2220,#2221,#2222,#2223),.UNSPECIFIED.,.F.,.F.,(7,
    5,7),(0.,0.500342460644,1.),.UNSPECIFIED.);
#2212 = CARTESIAN_POINT('',(2.54705712539,-2.6,23.8));
#2213 = CARTESIAN_POINT('',(2.123350021175,-2.604622264001,
    23.779662038397));
#2214 = CARTESIAN_POINT('',(1.698970932811,-2.608326918562,
    23.763361558327));
#2215 = CARTESIAN_POINT('',(1.274104993347,-2.611108114362,
    23.751124296808));
#2216 = CARTESIAN_POINT('',(0.84892490664,-2.612962307947,
    23.742965845034));
#2217 = CARTESIAN_POINT('',(0.423589106901,-2.613887819039,
    23.738893596228));
#2218 = CARTESIAN_POINT('',(-0.426500321972,-2.613881466971,
    23.738921545326));
#2219 = CARTESIAN_POINT('',(-0.851253023583,-2.612952144659,
    23.743010563502));
#2220 = CARTESIAN_POINT('',(-1.275849789309,-2.611096687636,
    23.751174574401));
#2221 = CARTESIAN_POINT('',(-1.700132798663,-2.608316774223,
    23.76340619342));
#2222 = CARTESIAN_POINT('',(-2.123930036382,-2.604615936556,
    23.779689879155));
#2223 = CARTESIAN_POINT('',(-2.54705712539,-2.6,23.8));
#2224 = PCURVE('',#318,#2225);
#2225 = DEFINITIONAL_REPRESENTATION('',(#2226),#2239);
#2226 = B_SPLINE_CURVE_WITH_KNOTS('',6,(#2227,#2228,#2229,#2230,#2231,
    #2232,#2233,#2234,#2235,#2236,#2237,#2238),.UNSPECIFIED.,.F.,.F.,(7,
    5,7),(0.,0.500342460644,1.),.UNSPECIFIED.);
#2227 = CARTESIAN_POINT('',(10.448908442642,1.));
#2228 = CARTESIAN_POINT('',(9.889375470787,0.997688868));
#2229 = CARTESIAN_POINT('',(9.330419727068,0.995836540719));
#2230 = CARTESIAN_POINT('',(8.771922130155,0.994445942819));
#2231 = CARTESIAN_POINT('',(8.213743902033,0.993518846027));
#2232 = CARTESIAN_POINT('',(7.655726668477,0.99305609048));
#2233 = CARTESIAN_POINT('',(6.540453970207,0.993059266514));
#2234 = CARTESIAN_POINT('',(5.983199727924,0.993523927671));
#2235 = CARTESIAN_POINT('',(5.425784282862,0.994451656182));
#2236 = CARTESIAN_POINT('',(4.868049960146,0.995841612889));
#2237 = CARTESIAN_POINT('',(4.309858581158,0.997692031722));
#2238 = CARTESIAN_POINT('',(3.751091557358,1.));
#2239 = ( GEOMETRIC_REPRESENTATION_CONTEXT(2) 
PARAMETRIC_REPRESENTATION_CONTEXT() REPRESENTATION_CONTEXT('2D SPACE',''
  ) );
#2240 = PCURVE('',#1467,#2241);
#2241 = DEFINITIONAL_REPRESENTATION('',(#2242),#2255);
#2242 = B_SPLINE_CURVE_WITH_KNOTS('',6,(#2243,#2244,#2245,#2246,#2247,
    #2248,#2249,#2250,#2251,#2252,#2253,#2254),.UNSPECIFIED.,.F.,.F.,(7,
    5,7),(0.,0.500342460644,1.),.UNSPECIFIED.);
#2243 = CARTESIAN_POINT('',(5.056829064247,-1.425224206783));
#2244 = CARTESIAN_POINT('',(5.003749515754,-1.427920460959));
#2245 = CARTESIAN_POINT('',(4.948284511232,-1.430140934851));
#2246 = CARTESIAN_POINT('',(4.890763041781,-1.431843049828));
#2247 = CARTESIAN_POINT('',(4.831724236438,-1.432990030383));
#2248 = CARTESIAN_POINT('',(4.77193297125,-1.433562444066));
#2249 = CARTESIAN_POINT('',(4.652435759516,-1.433558515257));
#2250 = CARTESIAN_POINT('',(4.592730472367,-1.432983744103));
#2251 = CARTESIAN_POINT('',(4.533778702498,-1.431836056443));
#2252 = CARTESIAN_POINT('',(4.47634160337,-1.430134854894));
#2253 = CARTESIAN_POINT('',(4.420955784102,-1.427916770041));
#2254 = CARTESIAN_POINT('',(4.367948896522,-1.425224206783));
#2255 = ( GEOMETRIC_REPRESENTATION_CONTEXT(2) 
PARAMETRIC_REPRESENTATION_CONTEXT() REPRESENTATION_CONTEXT('2D SPACE',''
  ) );
#2256 = ORIENTED_EDGE('',*,*,#2257,.F.);
#2257 = EDGE_CURVE('',#2162,#2208,#2258,.T.);
#2258 = SURFACE_CURVE('',#2259,(#2263,#2269),.PCURVE_S1.);
#2259 = LINE('',#2260,#2261);
#2260 = CARTESIAN_POINT('',(-5.4,-2.6,23.8));
#2261 = VECTOR('',#2262,1.);
#2262 = DIRECTION('',(1.,0.,0.));
#2263 = PCURVE('',#318,#2264);
#2264 = DEFINITIONAL_REPRESENTATION('',(#2265),#2268);
#2265 = B_SPLINE_CURVE_WITH_KNOTS('',1,(#2266,#2267),.UNSPECIFIED.,.F.,
  .F.,(2,2),(0.,10.8),.PIECEWISE_BEZIER_KNOTS.);
#2266 = CARTESIAN_POINT('',(0.,1.));
#2267 = CARTESIAN_POINT('',(14.2,1.));
#2268 = ( GEOMETRIC_REPRESENTATION_CONTEXT(2) 
PARAMETRIC_REPRESENTATION_CONTEXT() REPRESENTATION_CONTEXT('2D SPACE',''
  ) );
#2269 = PCURVE('',#2270,#2275);
#2270 = PLANE('',#2271);
#2271 = AXIS2_PLACEMENT_3D('',#2272,#2273,#2274);
#2272 = CARTESIAN_POINT('',(6.6,10.4,23.8));
#2273 = DIRECTION('',(-0.,0.,-1.));
#2274 = DIRECTION('',(-0.719906261298,-0.694071303933,0.));
#2275 = DEFINITIONAL_REPRESENTATION('',(#2276),#2280);
#2276 = LINE('',#2277,#2278);
#2277 = CARTESIAN_POINT('',(17.661802086711,-1.029925749677));
#2278 = VECTOR('',#2279,1.);
#2279 = DIRECTION('',(-0.719906261298,-0.694071303933));
#2280 = ( GEOMETRIC_REPRESENTATION_CONTEXT(2) 
PARAMETRIC_REPRESENTATION_CONTEXT() REPRESENTATION_CONTEXT('2D SPACE',''
  ) );
#2281 = ADVANCED_FACE('',(#2282),#598,.T.);
#2282 = FACE_BOUND('',#2283,.T.);
#2283 = EDGE_LOOP('',(#2284,#2285,#2307,#2327));
#2284 = ORIENTED_EDGE('',*,*,#582,.T.);
#2285 = ORIENTED_EDGE('',*,*,#2286,.T.);
#2286 = EDGE_CURVE('',#555,#2287,#2289,.T.);
#2287 = VERTEX_POINT('',#2288);
#2288 = CARTESIAN_POINT('',(-6.105342302751,11.37082039325,23.8));
#2289 = SURFACE_CURVE('',#2290,(#2293,#2300),.PCURVE_S1.);
#2290 = B_SPLINE_CURVE_WITH_KNOTS('',1,(#2291,#2292),.UNSPECIFIED.,.F.,
  .F.,(2,2),(0.,1.),.PIECEWISE_BEZIER_KNOTS.);
#2291 = CARTESIAN_POINT('',(-8.275570504585,13.21803398875,15.));
#2292 = CARTESIAN_POINT('',(-6.105342302751,11.37082039325,23.8));
#2293 = PCURVE('',#598,#2294);
#2294 = DEFINITIONAL_REPRESENTATION('',(#2295),#2299);
#2295 = LINE('',#2296,#2297);
#2296 = CARTESIAN_POINT('',(0.625737860161,0.));
#2297 = VECTOR('',#2298,1.);
#2298 = DIRECTION('',(0.,1.));
#2299 = ( GEOMETRIC_REPRESENTATION_CONTEXT(2) 
PARAMETRIC_REPRESENTATION_CONTEXT() REPRESENTATION_CONTEXT('2D SPACE',''
  ) );
#2300 = PCURVE('',#570,#2301);
#2301 = DEFINITIONAL_REPRESENTATION('',(#2302),#2306);
#2302 = LINE('',#2303,#2304);
#2303 = CARTESIAN_POINT('',(0.,0.));
#2304 = VECTOR('',#2305,1.);
#2305 = DIRECTION('',(0.,1.));
#2306 = ( GEOMETRIC_REPRESENTATION_CONTEXT(2) 
PARAMETRIC_REPRESENTATION_CONTEXT() REPRESENTATION_CONTEXT('2D SPACE',''
  ) );
#2307 = ORIENTED_EDGE('',*,*,#2308,.F.);
#2308 = EDGE_CURVE('',#2116,#2287,#2309,.T.);
#2309 = SURFACE_CURVE('',#2310,(#2314,#2320),.PCURVE_S1.);
#2310 = LINE('',#2311,#2312);
#2311 = CARTESIAN_POINT('',(-5.77082039325,11.541267819554,23.8));
#2312 = VECTOR('',#2313,1.);
#2313 = DIRECTION('',(-0.891006524188,-0.45399049974,0.));
#2314 = PCURVE('',#598,#2315);
#2315 = DEFINITIONAL_REPRESENTATION('',(#2316),#2319);
#2316 = B_SPLINE_CURVE_WITH_KNOTS('',1,(#2317,#2318),.UNSPECIFIED.,.F.,
  .F.,(2,2),(0.,0.375442716097),.PIECEWISE_BEZIER_KNOTS.);
#2317 = CARTESIAN_POINT('',(0.,1.));
#2318 = CARTESIAN_POINT('',(0.625737860161,1.));
#2319 = ( GEOMETRIC_REPRESENTATION_CONTEXT(2) 
PARAMETRIC_REPRESENTATION_CONTEXT() REPRESENTATION_CONTEXT('2D SPACE',''
  ) );
#2320 = PCURVE('',#2003,#2321);
#2321 = DEFINITIONAL_REPRESENTATION('',(#2322),#2326);
#2322 = LINE('',#2323,#2324);
#2323 = CARTESIAN_POINT('',(8.113709814841,9.407837290183));
#2324 = VECTOR('',#2325,1.);
#2325 = DIRECTION('',(0.956542953748,0.291591456724));
#2326 = ( GEOMETRIC_REPRESENTATION_CONTEXT(2) 
PARAMETRIC_REPRESENTATION_CONTEXT() REPRESENTATION_CONTEXT('2D SPACE',''
  ) );
#2327 = ORIENTED_EDGE('',*,*,#2115,.F.);
#2328 = ADVANCED_FACE('',(#2329),#346,.T.);
#2329 = FACE_BOUND('',#2330,.T.);
#2330 = EDGE_LOOP('',(#2331,#2332,#2333,#2355));
#2331 = ORIENTED_EDGE('',*,*,#330,.T.);
#2332 = ORIENTED_EDGE('',*,*,#2161,.T.);
#2333 = ORIENTED_EDGE('',*,*,#2334,.F.);
#2334 = EDGE_CURVE('',#2335,#2162,#2337,.T.);
#2335 = VERTEX_POINT('',#2336);
#2336 = CARTESIAN_POINT('',(-5.77082039325,-2.541267819554,23.8));
#2337 = SURFACE_CURVE('',#2338,(#2342,#2348),.PCURVE_S1.);
#2338 = LINE('',#2339,#2340);
#2339 = CARTESIAN_POINT('',(-5.77082039325,-2.541267819554,23.8));
#2340 = VECTOR('',#2341,1.);
#2341 = DIRECTION('',(0.987688340595,-0.15643446504,0.));
#2342 = PCURVE('',#346,#2343);
#2343 = DEFINITIONAL_REPRESENTATION('',(#2344),#2347);
#2344 = B_SPLINE_CURVE_WITH_KNOTS('',1,(#2345,#2346),.UNSPECIFIED.,.F.,
  .F.,(2,2),(0.,0.375442716097),.PIECEWISE_BEZIER_KNOTS.);
#2345 = CARTESIAN_POINT('',(0.,1.));
#2346 = CARTESIAN_POINT('',(0.625737860161,1.));
#2347 = ( GEOMETRIC_REPRESENTATION_CONTEXT(2) 
PARAMETRIC_REPRESENTATION_CONTEXT() REPRESENTATION_CONTEXT('2D SPACE',''
  ) );
#2348 = PCURVE('',#2270,#2349);
#2349 = DEFINITIONAL_REPRESENTATION('',(#2350),#2354);
#2350 = LINE('',#2351,#2352);
#2351 = CARTESIAN_POINT('',(17.887993688564,-0.730268291366));
#2352 = VECTOR('',#2353,1.);
#2353 = DIRECTION('',(-0.602466347475,-0.798144285302));
#2354 = ( GEOMETRIC_REPRESENTATION_CONTEXT(2) 
PARAMETRIC_REPRESENTATION_CONTEXT() REPRESENTATION_CONTEXT('2D SPACE',''
  ) );
#2355 = ORIENTED_EDGE('',*,*,#2356,.F.);
#2356 = EDGE_CURVE('',#331,#2335,#2357,.T.);
#2357 = SURFACE_CURVE('',#2358,(#2361,#2368),.PCURVE_S1.);
#2358 = B_SPLINE_CURVE_WITH_KNOTS('',1,(#2359,#2360),.UNSPECIFIED.,.F.,
  .F.,(2,2),(0.,1.),.PIECEWISE_BEZIER_KNOTS.);
#2359 = CARTESIAN_POINT('',(-7.71803398875,-4.50211303259,15.));
#2360 = CARTESIAN_POINT('',(-5.77082039325,-2.541267819554,23.8));
#2361 = PCURVE('',#346,#2362);
#2362 = DEFINITIONAL_REPRESENTATION('',(#2363),#2367);
#2363 = LINE('',#2364,#2365);
#2364 = CARTESIAN_POINT('',(0.,0.));
#2365 = VECTOR('',#2366,1.);
#2366 = DIRECTION('',(0.,1.));
#2367 = ( GEOMETRIC_REPRESENTATION_CONTEXT(2) 
PARAMETRIC_REPRESENTATION_CONTEXT() REPRESENTATION_CONTEXT('2D SPACE',''
  ) );
#2368 = PCURVE('',#374,#2369);
#2369 = DEFINITIONAL_REPRESENTATION('',(#2370),#2374);
#2370 = LINE('',#2371,#2372);
#2371 = CARTESIAN_POINT('',(0.625737860161,0.));
#2372 = VECTOR('',#2373,1.);
#2373 = DIRECTION('',(0.,1.));
#2374 = ( GEOMETRIC_REPRESENTATION_CONTEXT(2) 
PARAMETRIC_REPRESENTATION_CONTEXT() REPRESENTATION_CONTEXT('2D SPACE',''
  ) );
#2375 = ADVANCED_FACE('',(#2376),#570,.T.);
#2376 = FACE_BOUND('',#2377,.T.);
#2377 = EDGE_LOOP('',(#2378,#2379,#2401,#2421));
#2378 = ORIENTED_EDGE('',*,*,#554,.T.);
#2379 = ORIENTED_EDGE('',*,*,#2380,.T.);
#2380 = EDGE_CURVE('',#527,#2381,#2383,.T.);
#2381 = VERTEX_POINT('',#2382);
#2382 = CARTESIAN_POINT('',(-6.37082039325,11.105342302751,23.8));
#2383 = SURFACE_CURVE('',#2384,(#2387,#2394),.PCURVE_S1.);
#2384 = B_SPLINE_CURVE_WITH_KNOTS('',1,(#2385,#2386),.UNSPECIFIED.,.F.,
  .F.,(2,2),(0.,1.),.PIECEWISE_BEZIER_KNOTS.);
#2385 = CARTESIAN_POINT('',(-8.71803398875,12.775570504585,15.));
#2386 = CARTESIAN_POINT('',(-6.37082039325,11.105342302751,23.8));
#2387 = PCURVE('',#570,#2388);
#2388 = DEFINITIONAL_REPRESENTATION('',(#2389),#2393);
#2389 = LINE('',#2390,#2391);
#2390 = CARTESIAN_POINT('',(0.625737860161,0.));
#2391 = VECTOR('',#2392,1.);
#2392 = DIRECTION('',(0.,1.));
#2393 = ( GEOMETRIC_REPRESENTATION_CONTEXT(2) 
PARAMETRIC_REPRESENTATION_CONTEXT() REPRESENTATION_CONTEXT('2D SPACE',''
  ) );
#2394 = PCURVE('',#542,#2395);
#2395 = DEFINITIONAL_REPRESENTATION('',(#2396),#2400);
#2396 = LINE('',#2397,#2398);
#2397 = CARTESIAN_POINT('',(0.,0.));
#2398 = VECTOR('',#2399,1.);
#2399 = DIRECTION('',(0.,1.));
#2400 = ( GEOMETRIC_REPRESENTATION_CONTEXT(2) 
PARAMETRIC_REPRESENTATION_CONTEXT() REPRESENTATION_CONTEXT('2D SPACE',''
  ) );
#2401 = ORIENTED_EDGE('',*,*,#2402,.F.);
#2402 = EDGE_CURVE('',#2287,#2381,#2403,.T.);
#2403 = SURFACE_CURVE('',#2404,(#2408,#2414),.PCURVE_S1.);
#2404 = LINE('',#2405,#2406);
#2405 = CARTESIAN_POINT('',(-6.105342302751,11.37082039325,23.8));
#2406 = VECTOR('',#2407,1.);
#2407 = DIRECTION('',(-0.707106781187,-0.707106781187,0.));
#2408 = PCURVE('',#570,#2409);
#2409 = DEFINITIONAL_REPRESENTATION('',(#2410),#2413);
#2410 = B_SPLINE_CURVE_WITH_KNOTS('',1,(#2411,#2412),.UNSPECIFIED.,.F.,
  .F.,(2,2),(0.,0.375442716097),.PIECEWISE_BEZIER_KNOTS.);
#2411 = CARTESIAN_POINT('',(0.,1.));
#2412 = CARTESIAN_POINT('',(0.625737860161,1.));
#2413 = ( GEOMETRIC_REPRESENTATION_CONTEXT(2) 
PARAMETRIC_REPRESENTATION_CONTEXT() REPRESENTATION_CONTEXT('2D SPACE',''
  ) );
#2414 = PCURVE('',#2003,#2415);
#2415 = DEFINITIONAL_REPRESENTATION('',(#2416),#2420);
#2416 = LINE('',#2417,#2418);
#2417 = CARTESIAN_POINT('',(8.472836899459,9.517313178686));
#2418 = VECTOR('',#2419,1.);
#2419 = DIRECTION('',(0.999833124821,-1.826807354438E-02));
#2420 = ( GEOMETRIC_REPRESENTATION_CONTEXT(2) 
PARAMETRIC_REPRESENTATION_CONTEXT() REPRESENTATION_CONTEXT('2D SPACE',''
  ) );
#2421 = ORIENTED_EDGE('',*,*,#2286,.F.);
#2422 = ADVANCED_FACE('',(#2423),#374,.T.);
#2423 = FACE_BOUND('',#2424,.T.);
#2424 = EDGE_LOOP('',(#2425,#2426,#2427,#2449));
#2425 = ORIENTED_EDGE('',*,*,#358,.T.);
#2426 = ORIENTED_EDGE('',*,*,#2356,.T.);
#2427 = ORIENTED_EDGE('',*,*,#2428,.F.);
#2428 = EDGE_CURVE('',#2429,#2335,#2431,.T.);
#2429 = VERTEX_POINT('',#2430);
#2430 = CARTESIAN_POINT('',(-6.105342302751,-2.37082039325,23.8));
#2431 = SURFACE_CURVE('',#2432,(#2436,#2442),.PCURVE_S1.);
#2432 = LINE('',#2433,#2434);
#2433 = CARTESIAN_POINT('',(-6.105342302751,-2.37082039325,23.8));
#2434 = VECTOR('',#2435,1.);
#2435 = DIRECTION('',(0.891006524188,-0.45399049974,0.));
#2436 = PCURVE('',#374,#2437);
#2437 = DEFINITIONAL_REPRESENTATION('',(#2438),#2441);
#2438 = B_SPLINE_CURVE_WITH_KNOTS('',1,(#2439,#2440),.UNSPECIFIED.,.F.,
  .F.,(2,2),(0.,0.375442716097),.PIECEWISE_BEZIER_KNOTS.);
#2439 = CARTESIAN_POINT('',(0.,1.));
#2440 = CARTESIAN_POINT('',(0.625737860161,1.));
#2441 = ( GEOMETRIC_REPRESENTATION_CONTEXT(2) 
PARAMETRIC_REPRESENTATION_CONTEXT() REPRESENTATION_CONTEXT('2D SPACE',''
  ) );
#2442 = PCURVE('',#2270,#2443);
#2443 = DEFINITIONAL_REPRESENTATION('',(#2444),#2448);
#2444 = LINE('',#2445,#2446);
#2445 = CARTESIAN_POINT('',(18.010515438328,-0.375380064026));
#2446 = VECTOR('',#2447,1.);
#2447 = DIRECTION('',(-0.326339397493,-0.945252663389));
#2448 = ( GEOMETRIC_REPRESENTATION_CONTEXT(2) 
PARAMETRIC_REPRESENTATION_CONTEXT() REPRESENTATION_CONTEXT('2D SPACE',''
  ) );
#2449 = ORIENTED_EDGE('',*,*,#2450,.F.);
#2450 = EDGE_CURVE('',#359,#2429,#2451,.T.);
#2451 = SURFACE_CURVE('',#2452,(#2455,#2462),.PCURVE_S1.);
#2452 = B_SPLINE_CURVE_WITH_KNOTS('',1,(#2453,#2454),.UNSPECIFIED.,.F.,
  .F.,(2,2),(0.,1.),.PIECEWISE_BEZIER_KNOTS.);
#2453 = CARTESIAN_POINT('',(-8.275570504585,-4.21803398875,15.));
#2454 = CARTESIAN_POINT('',(-6.105342302751,-2.37082039325,23.8));
#2455 = PCURVE('',#374,#2456);
#2456 = DEFINITIONAL_REPRESENTATION('',(#2457),#2461);
#2457 = LINE('',#2458,#2459);
#2458 = CARTESIAN_POINT('',(0.,0.));
#2459 = VECTOR('',#2460,1.);
#2460 = DIRECTION('',(0.,1.));
#2461 = ( GEOMETRIC_REPRESENTATION_CONTEXT(2) 
PARAMETRIC_REPRESENTATION_CONTEXT() REPRESENTATION_CONTEXT('2D SPACE',''
  ) );
#2462 = PCURVE('',#402,#2463);
#2463 = DEFINITIONAL_REPRESENTATION('',(#2464),#2468);
#2464 = LINE('',#2465,#2466);
#2465 = CARTESIAN_POINT('',(0.625737860161,0.));
#2466 = VECTOR('',#2467,1.);
#2467 = DIRECTION('',(0.,1.));
#2468 = ( GEOMETRIC_REPRESENTATION_CONTEXT(2) 
PARAMETRIC_REPRESENTATION_CONTEXT() REPRESENTATION_CONTEXT('2D SPACE',''
  ) );
#2469 = ADVANCED_FACE('',(#2470),#542,.T.);
#2470 = FACE_BOUND('',#2471,.T.);
#2471 = EDGE_LOOP('',(#2472,#2473,#2495,#2515));
#2472 = ORIENTED_EDGE('',*,*,#526,.T.);
#2473 = ORIENTED_EDGE('',*,*,#2474,.T.);
#2474 = EDGE_CURVE('',#499,#2475,#2477,.T.);
#2475 = VERTEX_POINT('',#2476);
#2476 = CARTESIAN_POINT('',(-6.541267819554,10.77082039325,23.8));
#2477 = SURFACE_CURVE('',#2478,(#2481,#2488),.PCURVE_S1.);
#2478 = B_SPLINE_CURVE_WITH_KNOTS('',1,(#2479,#2480),.UNSPECIFIED.,.F.,
  .F.,(2,2),(0.,1.),.PIECEWISE_BEZIER_KNOTS.);
#2479 = CARTESIAN_POINT('',(-9.00211303259,12.21803398875,15.));
#2480 = CARTESIAN_POINT('',(-6.541267819554,10.77082039325,23.8));
#2481 = PCURVE('',#542,#2482);
#2482 = DEFINITIONAL_REPRESENTATION('',(#2483),#2487);
#2483 = LINE('',#2484,#2485);
#2484 = CARTESIAN_POINT('',(0.625737860161,0.));
#2485 = VECTOR('',#2486,1.);
#2486 = DIRECTION('',(0.,1.));
#2487 = ( GEOMETRIC_REPRESENTATION_CONTEXT(2) 
PARAMETRIC_REPRESENTATION_CONTEXT() REPRESENTATION_CONTEXT('2D SPACE',''
  ) );
#2488 = PCURVE('',#514,#2489);
#2489 = DEFINITIONAL_REPRESENTATION('',(#2490),#2494);
#2490 = LINE('',#2491,#2492);
#2491 = CARTESIAN_POINT('',(0.,0.));
#2492 = VECTOR('',#2493,1.);
#2493 = DIRECTION('',(0.,1.));
#2494 = ( GEOMETRIC_REPRESENTATION_CONTEXT(2) 
PARAMETRIC_REPRESENTATION_CONTEXT() REPRESENTATION_CONTEXT('2D SPACE',''
  ) );
#2495 = ORIENTED_EDGE('',*,*,#2496,.F.);
#2496 = EDGE_CURVE('',#2381,#2475,#2497,.T.);
#2497 = SURFACE_CURVE('',#2498,(#2502,#2508),.PCURVE_S1.);
#2498 = LINE('',#2499,#2500);
#2499 = CARTESIAN_POINT('',(-6.37082039325,11.105342302751,23.8));
#2500 = VECTOR('',#2501,1.);
#2501 = DIRECTION('',(-0.45399049974,-0.891006524188,0.));
#2502 = PCURVE('',#542,#2503);
#2503 = DEFINITIONAL_REPRESENTATION('',(#2504),#2507);
#2504 = B_SPLINE_CURVE_WITH_KNOTS('',1,(#2505,#2506),.UNSPECIFIED.,.F.,
  .F.,(2,2),(0.,0.375442716097),.PIECEWISE_BEZIER_KNOTS.);
#2505 = CARTESIAN_POINT('',(0.,1.));
#2506 = CARTESIAN_POINT('',(0.625737860161,1.));
#2507 = ( GEOMETRIC_REPRESENTATION_CONTEXT(2) 
PARAMETRIC_REPRESENTATION_CONTEXT() REPRESENTATION_CONTEXT('2D SPACE',''
  ) );
#2508 = PCURVE('',#2003,#2509);
#2509 = DEFINITIONAL_REPRESENTATION('',(#2510),#2514);
#2510 = LINE('',#2511,#2512);
#2511 = CARTESIAN_POINT('',(8.848216963485,9.510454563536));
#2512 = VECTOR('',#2513,1.);
#2513 = DIRECTION('',(0.945252663389,-0.326339397493));
#2514 = ( GEOMETRIC_REPRESENTATION_CONTEXT(2) 
PARAMETRIC_REPRESENTATION_CONTEXT() REPRESENTATION_CONTEXT('2D SPACE',''
  ) );
#2515 = ORIENTED_EDGE('',*,*,#2380,.F.);
#2516 = ADVANCED_FACE('',(#2517),#402,.T.);
#2517 = FACE_BOUND('',#2518,.T.);
#2518 = EDGE_LOOP('',(#2519,#2520,#2521,#2543));
#2519 = ORIENTED_EDGE('',*,*,#386,.T.);
#2520 = ORIENTED_EDGE('',*,*,#2450,.T.);
#2521 = ORIENTED_EDGE('',*,*,#2522,.F.);
#2522 = EDGE_CURVE('',#2523,#2429,#2525,.T.);
#2523 = VERTEX_POINT('',#2524);
#2524 = CARTESIAN_POINT('',(-6.37082039325,-2.105342302751,23.8));
#2525 = SURFACE_CURVE('',#2526,(#2530,#2536),.PCURVE_S1.);
#2526 = LINE('',#2527,#2528);
#2527 = CARTESIAN_POINT('',(-6.37082039325,-2.105342302751,23.8));
#2528 = VECTOR('',#2529,1.);
#2529 = DIRECTION('',(0.707106781187,-0.707106781187,0.));
#2530 = PCURVE('',#402,#2531);
#2531 = DEFINITIONAL_REPRESENTATION('',(#2532),#2535);
#2532 = B_SPLINE_CURVE_WITH_KNOTS('',1,(#2533,#2534),.UNSPECIFIED.,.F.,
  .F.,(2,2),(0.,0.375442716097),.PIECEWISE_BEZIER_KNOTS.);
#2533 = CARTESIAN_POINT('',(0.,1.));
#2534 = CARTESIAN_POINT('',(0.625737860161,1.));
#2535 = ( GEOMETRIC_REPRESENTATION_CONTEXT(2) 
PARAMETRIC_REPRESENTATION_CONTEXT() REPRESENTATION_CONTEXT('2D SPACE',''
  ) );
#2536 = PCURVE('',#2270,#2537);
#2537 = DEFINITIONAL_REPRESENTATION('',(#2538),#2542);
#2538 = LINE('',#2539,#2540);
#2539 = CARTESIAN_POINT('',(18.017374053477,1.863967921434E-15));
#2540 = VECTOR('',#2541,1.);
#2541 = DIRECTION('',(-1.826807354438E-02,-0.999833124821));
#2542 = ( GEOMETRIC_REPRESENTATION_CONTEXT(2) 
PARAMETRIC_REPRESENTATION_CONTEXT() REPRESENTATION_CONTEXT('2D SPACE',''
  ) );
#2543 = ORIENTED_EDGE('',*,*,#2544,.F.);
#2544 = EDGE_CURVE('',#387,#2523,#2545,.T.);
#2545 = SURFACE_CURVE('',#2546,(#2549,#2556),.PCURVE_S1.);
#2546 = B_SPLINE_CURVE_WITH_KNOTS('',1,(#2547,#2548),.UNSPECIFIED.,.F.,
  .F.,(2,2),(0.,1.),.PIECEWISE_BEZIER_KNOTS.);
#2547 = CARTESIAN_POINT('',(-8.71803398875,-3.775570504585,15.));
#2548 = CARTESIAN_POINT('',(-6.37082039325,-2.105342302751,23.8));
#2549 = PCURVE('',#402,#2550);
#2550 = DEFINITIONAL_REPRESENTATION('',(#2551),#2555);
#2551 = LINE('',#2552,#2553);
#2552 = CARTESIAN_POINT('',(0.,0.));
#2553 = VECTOR('',#2554,1.);
#2554 = DIRECTION('',(0.,1.));
#2555 = ( GEOMETRIC_REPRESENTATION_CONTEXT(2) 
PARAMETRIC_REPRESENTATION_CONTEXT() REPRESENTATION_CONTEXT('2D SPACE',''
  ) );
#2556 = PCURVE('',#430,#2557);
#2557 = DEFINITIONAL_REPRESENTATION('',(#2558),#2562);
#2558 = LINE('',#2559,#2560);
#2559 = CARTESIAN_POINT('',(0.625737860161,0.));
#2560 = VECTOR('',#2561,1.);
#2561 = DIRECTION('',(0.,1.));
#2562 = ( GEOMETRIC_REPRESENTATION_CONTEXT(2) 
PARAMETRIC_REPRESENTATION_CONTEXT() REPRESENTATION_CONTEXT('2D SPACE',''
  ) );
#2563 = ADVANCED_FACE('',(#2564),#514,.T.);
#2564 = FACE_BOUND('',#2565,.T.);
#2565 = EDGE_LOOP('',(#2566,#2567,#2589,#2609));
#2566 = ORIENTED_EDGE('',*,*,#498,.T.);
#2567 = ORIENTED_EDGE('',*,*,#2568,.T.);
#2568 = EDGE_CURVE('',#471,#2569,#2571,.T.);
#2569 = VERTEX_POINT('',#2570);
#2570 = CARTESIAN_POINT('',(-6.6,10.4,23.8));
#2571 = SURFACE_CURVE('',#2572,(#2575,#2582),.PCURVE_S1.);
#2572 = B_SPLINE_CURVE_WITH_KNOTS('',1,(#2573,#2574),.UNSPECIFIED.,.F.,
  .F.,(2,2),(0.,1.),.PIECEWISE_BEZIER_KNOTS.);
#2573 = CARTESIAN_POINT('',(-9.1,11.6,15.));
#2574 = CARTESIAN_POINT('',(-6.6,10.4,23.8));
#2575 = PCURVE('',#514,#2576);
#2576 = DEFINITIONAL_REPRESENTATION('',(#2577),#2581);
#2577 = LINE('',#2578,#2579);
#2578 = CARTESIAN_POINT('',(0.625737860161,0.));
#2579 = VECTOR('',#2580,1.);
#2580 = DIRECTION('',(0.,1.));
#2581 = ( GEOMETRIC_REPRESENTATION_CONTEXT(2) 
PARAMETRIC_REPRESENTATION_CONTEXT() REPRESENTATION_CONTEXT('2D SPACE',''
  ) );
#2582 = PCURVE('',#486,#2583);
#2583 = DEFINITIONAL_REPRESENTATION('',(#2584),#2588);
#2584 = LINE('',#2585,#2586);
#2585 = CARTESIAN_POINT('',(0.,0.));
#2586 = VECTOR('',#2587,1.);
#2587 = DIRECTION('',(0.,1.));
#2588 = ( GEOMETRIC_REPRESENTATION_CONTEXT(2) 
PARAMETRIC_REPRESENTATION_CONTEXT() REPRESENTATION_CONTEXT('2D SPACE',''
  ) );
#2589 = ORIENTED_EDGE('',*,*,#2590,.F.);
#2590 = EDGE_CURVE('',#2475,#2569,#2591,.T.);
#2591 = SURFACE_CURVE('',#2592,(#2596,#2602),.PCURVE_S1.);
#2592 = LINE('',#2593,#2594);
#2593 = CARTESIAN_POINT('',(-6.541267819554,10.77082039325,23.8));
#2594 = VECTOR('',#2595,1.);
#2595 = DIRECTION('',(-0.15643446504,-0.987688340595,0.));
#2596 = PCURVE('',#514,#2597);
#2597 = DEFINITIONAL_REPRESENTATION('',(#2598),#2601);
#2598 = B_SPLINE_CURVE_WITH_KNOTS('',1,(#2599,#2600),.UNSPECIFIED.,.F.,
  .F.,(2,2),(0.,0.375442716097),.PIECEWISE_BEZIER_KNOTS.);
#2599 = CARTESIAN_POINT('',(0.,1.));
#2600 = CARTESIAN_POINT('',(0.625737860161,1.));
#2601 = ( GEOMETRIC_REPRESENTATION_CONTEXT(2) 
PARAMETRIC_REPRESENTATION_CONTEXT() REPRESENTATION_CONTEXT('2D SPACE',''
  ) );
#2602 = PCURVE('',#2003,#2603);
#2603 = DEFINITIONAL_REPRESENTATION('',(#2604),#2608);
#2604 = LINE('',#2605,#2606);
#2605 = CARTESIAN_POINT('',(9.203105190825,9.387932813772));
#2606 = VECTOR('',#2607,1.);
#2607 = DIRECTION('',(0.798144285302,-0.602466347475));
#2608 = ( GEOMETRIC_REPRESENTATION_CONTEXT(2) 
PARAMETRIC_REPRESENTATION_CONTEXT() REPRESENTATION_CONTEXT('2D SPACE',''
  ) );
#2609 = ORIENTED_EDGE('',*,*,#2474,.F.);
#2610 = ADVANCED_FACE('',(#2611),#430,.T.);
#2611 = FACE_BOUND('',#2612,.T.);
#2612 = EDGE_LOOP('',(#2613,#2614,#2615,#2637));
#2613 = ORIENTED_EDGE('',*,*,#414,.T.);
#2614 = ORIENTED_EDGE('',*,*,#2544,.T.);
#2615 = ORIENTED_EDGE('',*,*,#2616,.F.);
#2616 = EDGE_CURVE('',#2617,#2523,#2619,.T.);
#2617 = VERTEX_POINT('',#2618);
#2618 = CARTESIAN_POINT('',(-6.541267819554,-1.77082039325,23.8));
#2619 = SURFACE_CURVE('',#2620,(#2624,#2630),.PCURVE_S1.);
#2620 = LINE('',#2621,#2622);
#2621 = CARTESIAN_POINT('',(-6.541267819554,-1.77082039325,23.8));
#2622 = VECTOR('',#2623,1.);
#2623 = DIRECTION('',(0.45399049974,-0.891006524188,0.));
#2624 = PCURVE('',#430,#2625);
#2625 = DEFINITIONAL_REPRESENTATION('',(#2626),#2629);
#2626 = B_SPLINE_CURVE_WITH_KNOTS('',1,(#2627,#2628),.UNSPECIFIED.,.F.,
  .F.,(2,2),(0.,0.375442716097),.PIECEWISE_BEZIER_KNOTS.);
#2627 = CARTESIAN_POINT('',(0.,1.));
#2628 = CARTESIAN_POINT('',(0.625737860161,1.));
#2629 = ( GEOMETRIC_REPRESENTATION_CONTEXT(2) 
PARAMETRIC_REPRESENTATION_CONTEXT() REPRESENTATION_CONTEXT('2D SPACE',''
  ) );
#2630 = PCURVE('',#2270,#2631);
#2631 = DEFINITIONAL_REPRESENTATION('',(#2632),#2636);
#2632 = LINE('',#2633,#2634);
#2633 = CARTESIAN_POINT('',(17.907898164974,0.359127084618));
#2634 = VECTOR('',#2635,1.);
#2635 = DIRECTION('',(0.291591456724,-0.956542953748));
#2636 = ( GEOMETRIC_REPRESENTATION_CONTEXT(2) 
PARAMETRIC_REPRESENTATION_CONTEXT() REPRESENTATION_CONTEXT('2D SPACE',''
  ) );
#2637 = ORIENTED_EDGE('',*,*,#2638,.F.);
#2638 = EDGE_CURVE('',#415,#2617,#2639,.T.);
#2639 = SURFACE_CURVE('',#2640,(#2643,#2650),.PCURVE_S1.);
#2640 = B_SPLINE_CURVE_WITH_KNOTS('',1,(#2641,#2642),.UNSPECIFIED.,.F.,
  .F.,(2,2),(0.,1.),.PIECEWISE_BEZIER_KNOTS.);
#2641 = CARTESIAN_POINT('',(-9.00211303259,-3.21803398875,15.));
#2642 = CARTESIAN_POINT('',(-6.541267819554,-1.77082039325,23.8));
#2643 = PCURVE('',#430,#2644);
#2644 = DEFINITIONAL_REPRESENTATION('',(#2645),#2649);
#2645 = LINE('',#2646,#2647);
#2646 = CARTESIAN_POINT('',(0.,0.));
#2647 = VECTOR('',#2648,1.);
#2648 = DIRECTION('',(0.,1.));
#2649 = ( GEOMETRIC_REPRESENTATION_CONTEXT(2) 
PARAMETRIC_REPRESENTATION_CONTEXT() REPRESENTATION_CONTEXT('2D SPACE',''
  ) );
#2650 = PCURVE('',#458,#2651);
#2651 = DEFINITIONAL_REPRESENTATION('',(#2652),#2656);
#2652 = LINE('',#2653,#2654);
#2653 = CARTESIAN_POINT('',(0.625737860161,0.));
#2654 = VECTOR('',#2655,1.);
#2655 = DIRECTION('',(0.,1.));
#2656 = ( GEOMETRIC_REPRESENTATION_CONTEXT(2) 
PARAMETRIC_REPRESENTATION_CONTEXT() REPRESENTATION_CONTEXT('2D SPACE',''
  ) );
#2657 = ADVANCED_FACE('',(#2658),#486,.T.);
#2658 = FACE_BOUND('',#2659,.T.);
#2659 = EDGE_LOOP('',(#2660,#2661,#2662,#2684,#2706,#2762));
#2660 = ORIENTED_EDGE('',*,*,#2568,.F.);
#2661 = ORIENTED_EDGE('',*,*,#470,.T.);
#2662 = ORIENTED_EDGE('',*,*,#2663,.T.);
#2663 = EDGE_CURVE('',#443,#2664,#2666,.T.);
#2664 = VERTEX_POINT('',#2665);
#2665 = CARTESIAN_POINT('',(-6.6,-1.4,23.8));
#2666 = SURFACE_CURVE('',#2667,(#2670,#2677),.PCURVE_S1.);
#2667 = B_SPLINE_CURVE_WITH_KNOTS('',1,(#2668,#2669),.UNSPECIFIED.,.F.,
  .F.,(2,2),(0.,1.),.PIECEWISE_BEZIER_KNOTS.);
#2668 = CARTESIAN_POINT('',(-9.1,-2.6,15.));
#2669 = CARTESIAN_POINT('',(-6.6,-1.4,23.8));
#2670 = PCURVE('',#486,#2671);
#2671 = DEFINITIONAL_REPRESENTATION('',(#2672),#2676);
#2672 = LINE('',#2673,#2674);
#2673 = CARTESIAN_POINT('',(14.2,0.));
#2674 = VECTOR('',#2675,1.);
#2675 = DIRECTION('',(0.,1.));
#2676 = ( GEOMETRIC_REPRESENTATION_CONTEXT(2) 
PARAMETRIC_REPRESENTATION_CONTEXT() REPRESENTATION_CONTEXT('2D SPACE',''
  ) );
#2677 = PCURVE('',#458,#2678);
#2678 = DEFINITIONAL_REPRESENTATION('',(#2679),#2683);
#2679 = LINE('',#2680,#2681);
#2680 = CARTESIAN_POINT('',(0.,0.));
#2681 = VECTOR('',#2682,1.);
#2682 = DIRECTION('',(0.,1.));
#2683 = ( GEOMETRIC_REPRESENTATION_CONTEXT(2) 
PARAMETRIC_REPRESENTATION_CONTEXT() REPRESENTATION_CONTEXT('2D SPACE',''
  ) );
#2684 = ORIENTED_EDGE('',*,*,#2685,.F.);
#2685 = EDGE_CURVE('',#2686,#2664,#2688,.T.);
#2686 = VERTEX_POINT('',#2687);
#2687 = CARTESIAN_POINT('',(-6.6,0.847945783535,23.8));
#2688 = SURFACE_CURVE('',#2689,(#2693,#2699),.PCURVE_S1.);
#2689 = LINE('',#2690,#2691);
#2690 = CARTESIAN_POINT('',(-6.6,10.4,23.8));
#2691 = VECTOR('',#2692,1.);
#2692 = DIRECTION('',(0.,-1.,0.));
#2693 = PCURVE('',#486,#2694);
#2694 = DEFINITIONAL_REPRESENTATION('',(#2695),#2698);
#2695 = B_SPLINE_CURVE_WITH_KNOTS('',1,(#2696,#2697),.UNSPECIFIED.,.F.,
  .F.,(2,2),(0.,11.8),.PIECEWISE_BEZIER_KNOTS.);
#2696 = CARTESIAN_POINT('',(0.,1.));
#2697 = CARTESIAN_POINT('',(14.2,1.));
#2698 = ( GEOMETRIC_REPRESENTATION_CONTEXT(2) 
PARAMETRIC_REPRESENTATION_CONTEXT() REPRESENTATION_CONTEXT('2D SPACE',''
  ) );
#2699 = PCURVE('',#2270,#2700);
#2700 = DEFINITIONAL_REPRESENTATION('',(#2701),#2705);
#2701 = LINE('',#2702,#2703);
#2702 = CARTESIAN_POINT('',(9.502762649136,9.161741211919));
#2703 = VECTOR('',#2704,1.);
#2704 = DIRECTION('',(0.694071303933,-0.719906261298));
#2705 = ( GEOMETRIC_REPRESENTATION_CONTEXT(2) 
PARAMETRIC_REPRESENTATION_CONTEXT() REPRESENTATION_CONTEXT('2D SPACE',''
  ) );
#2706 = ORIENTED_EDGE('',*,*,#2707,.T.);
#2707 = EDGE_CURVE('',#2686,#2708,#2710,.T.);
#2708 = VERTEX_POINT('',#2709);
#2709 = CARTESIAN_POINT('',(-6.6,8.152054216465,23.8));
#2710 = SURFACE_CURVE('',#2711,(#2726,#2744),.PCURVE_S1.);
#2711 = B_SPLINE_CURVE_WITH_KNOTS('',7,(#2712,#2713,#2714,#2715,#2716,
    #2717,#2718,#2719,#2720,#2721,#2722,#2723,#2724,#2725),
  .UNSPECIFIED.,.F.,.F.,(8,6,8),(0.,0.500815305805,1.),.UNSPECIFIED.);
#2712 = CARTESIAN_POINT('',(-6.6,0.847945783535,23.8));
#2713 = CARTESIAN_POINT('',(-6.610137163161,1.368963808229,
    23.764317185674));
#2714 = CARTESIAN_POINT('',(-6.618595273412,1.890842594644,
    23.734544637591));
#2715 = CARTESIAN_POINT('',(-6.625364770844,2.413344319349,
    23.710716006627));
#2716 = CARTESIAN_POINT('',(-6.630439972313,2.93625744764,
    23.692851297459));
#2717 = CARTESIAN_POINT('',(-6.633818583895,3.459414638435,
    23.680958584689));
#2718 = CARTESIAN_POINT('',(-6.635499590342,3.982689949776,
    23.675041441995));
#2719 = CARTESIAN_POINT('',(-6.6354664811,5.027532456833,23.675157986527
    ));
#2720 = CARTESIAN_POINT('',(-6.633763401734,5.549102093142,
    23.681152825895));
#2721 = CARTESIAN_POINT('',(-6.630373767123,6.070552747019,
    23.693084339727));
#2722 = CARTESIAN_POINT('',(-6.625298594468,6.591759325898,
    23.710948947473));
#2723 = CARTESIAN_POINT('',(-6.618540177786,7.112555786705,
    23.734738574192));
#2724 = CARTESIAN_POINT('',(-6.610104157265,7.632732590095,
    23.764433366427));
#2725 = CARTESIAN_POINT('',(-6.6,8.152054216465,23.8));
#2726 = PCURVE('',#486,#2727);
#2727 = DEFINITIONAL_REPRESENTATION('',(#2728),#2743);
#2728 = B_SPLINE_CURVE_WITH_KNOTS('',7,(#2729,#2730,#2731,#2732,#2733,
    #2734,#2735,#2736,#2737,#2738,#2739,#2740,#2741,#2742),
  .UNSPECIFIED.,.F.,.F.,(8,6,8),(0.,0.500815305805,1.),.UNSPECIFIED.);
#2729 = CARTESIAN_POINT('',(11.49484490456,1.));
#2730 = CARTESIAN_POINT('',(10.864232602854,0.995945134736));
#2731 = CARTESIAN_POINT('',(10.234398319977,0.992561890635));
#2732 = CARTESIAN_POINT('',(9.60526720101,0.989854091662));
#2733 = CARTESIAN_POINT('',(8.976729591299,0.987824011075));
#2734 = CARTESIAN_POINT('',(8.348622428421,0.986472566442));
#2735 = CARTESIAN_POINT('',(7.720733758117,0.985800163863));
#2736 = CARTESIAN_POINT('',(6.467000111051,0.98581340756));
#2737 = CARTESIAN_POINT('',(5.841152231475,0.986494639306));
#2738 = CARTESIAN_POINT('',(5.215084536895,0.987850493151));
#2739 = CARTESIAN_POINT('',(4.588587582795,0.989880562213));
#2740 = CARTESIAN_POINT('',(3.961500292484,0.992583928885));
#2741 = CARTESIAN_POINT('',(3.333714167505,0.995958337094));
#2742 = CARTESIAN_POINT('',(2.70515509544,1.));
#2743 = ( GEOMETRIC_REPRESENTATION_CONTEXT(2) 
PARAMETRIC_REPRESENTATION_CONTEXT() REPRESENTATION_CONTEXT('2D SPACE',''
  ) );
#2744 = PCURVE('',#1467,#2745);
#2745 = DEFINITIONAL_REPRESENTATION('',(#2746),#2761);
#2746 = B_SPLINE_CURVE_WITH_KNOTS('',7,(#2747,#2748,#2749,#2750,#2751,
    #2752,#2753,#2754,#2755,#2756,#2757,#2758,#2759,#2760),
  .UNSPECIFIED.,.F.,.F.,(8,6,8),(0.,0.500815305805,1.),.UNSPECIFIED.);
#2747 = CARTESIAN_POINT('',(3.646997731932,-1.425224206783));
#2748 = CARTESIAN_POINT('',(3.585909978824,-1.429954766267));
#2749 = CARTESIAN_POINT('',(3.520230068458,-1.434079885253));
#2750 = CARTESIAN_POINT('',(3.450050766432,-1.437513065166));
#2751 = CARTESIAN_POINT('',(3.375781155298,-1.44016645953));
#2752 = CARTESIAN_POINT('',(3.298425085847,-1.441959028956));
#2753 = CARTESIAN_POINT('',(3.219553767115,-1.442850763154));
#2754 = CARTESIAN_POINT('',(3.06209097328,-1.442833199325));
#2755 = CARTESIAN_POINT('',(2.983501296191,-1.441929755989));
#2756 = CARTESIAN_POINT('',(2.906437057052,-1.440131852445));
#2757 = CARTESIAN_POINT('',(2.832449258571,-1.437479509301));
#2758 = CARTESIAN_POINT('',(2.762527568887,-1.434053016561));
#2759 = CARTESIAN_POINT('',(2.697076430895,-1.429939363896));
#2760 = CARTESIAN_POINT('',(2.636187575247,-1.425224206783));
#2761 = ( GEOMETRIC_REPRESENTATION_CONTEXT(2) 
PARAMETRIC_REPRESENTATION_CONTEXT() REPRESENTATION_CONTEXT('2D SPACE',''
  ) );
#2762 = ORIENTED_EDGE('',*,*,#2763,.F.);
#2763 = EDGE_CURVE('',#2569,#2708,#2764,.T.);
#2764 = SURFACE_CURVE('',#2765,(#2769,#2775),.PCURVE_S1.);
#2765 = LINE('',#2766,#2767);
#2766 = CARTESIAN_POINT('',(-6.6,10.4,23.8));
#2767 = VECTOR('',#2768,1.);
#2768 = DIRECTION('',(0.,-1.,0.));
#2769 = PCURVE('',#486,#2770);
#2770 = DEFINITIONAL_REPRESENTATION('',(#2771),#2774);
#2771 = B_SPLINE_CURVE_WITH_KNOTS('',1,(#2772,#2773),.UNSPECIFIED.,.F.,
  .F.,(2,2),(0.,11.8),.PIECEWISE_BEZIER_KNOTS.);
#2772 = CARTESIAN_POINT('',(0.,1.));
#2773 = CARTESIAN_POINT('',(14.2,1.));
#2774 = ( GEOMETRIC_REPRESENTATION_CONTEXT(2) 
PARAMETRIC_REPRESENTATION_CONTEXT() REPRESENTATION_CONTEXT('2D SPACE',''
  ) );
#2775 = PCURVE('',#2003,#2776);
#2776 = DEFINITIONAL_REPRESENTATION('',(#2777),#2781);
#2777 = LINE('',#2778,#2779);
#2778 = CARTESIAN_POINT('',(9.502762649136,9.161741211919));
#2779 = VECTOR('',#2780,1.);
#2780 = DIRECTION('',(0.694071303933,-0.719906261298));
#2781 = ( GEOMETRIC_REPRESENTATION_CONTEXT(2) 
PARAMETRIC_REPRESENTATION_CONTEXT() REPRESENTATION_CONTEXT('2D SPACE',''
  ) );
#2782 = ADVANCED_FACE('',(#2783),#458,.T.);
#2783 = FACE_BOUND('',#2784,.T.);
#2784 = EDGE_LOOP('',(#2785,#2786,#2787,#2807));
#2785 = ORIENTED_EDGE('',*,*,#442,.T.);
#2786 = ORIENTED_EDGE('',*,*,#2638,.T.);
#2787 = ORIENTED_EDGE('',*,*,#2788,.F.);
#2788 = EDGE_CURVE('',#2664,#2617,#2789,.T.);
#2789 = SURFACE_CURVE('',#2790,(#2794,#2800),.PCURVE_S1.);
#2790 = LINE('',#2791,#2792);
#2791 = CARTESIAN_POINT('',(-6.6,-1.4,23.8));
#2792 = VECTOR('',#2793,1.);
#2793 = DIRECTION('',(0.15643446504,-0.987688340595,0.));
#2794 = PCURVE('',#458,#2795);
#2795 = DEFINITIONAL_REPRESENTATION('',(#2796),#2799);
#2796 = B_SPLINE_CURVE_WITH_KNOTS('',1,(#2797,#2798),.UNSPECIFIED.,.F.,
  .F.,(2,2),(0.,0.375442716097),.PIECEWISE_BEZIER_KNOTS.);
#2797 = CARTESIAN_POINT('',(0.,1.));
#2798 = CARTESIAN_POINT('',(0.625737860161,1.));
#2799 = ( GEOMETRIC_REPRESENTATION_CONTEXT(2) 
PARAMETRIC_REPRESENTATION_CONTEXT() REPRESENTATION_CONTEXT('2D SPACE',''
  ) );
#2800 = PCURVE('',#2270,#2801);
#2801 = DEFINITIONAL_REPRESENTATION('',(#2802),#2806);
#2802 = LINE('',#2803,#2804);
#2803 = CARTESIAN_POINT('',(17.692804035549,0.666847328601));
#2804 = VECTOR('',#2805,1.);
#2805 = DIRECTION('',(0.572907983571,-0.819619693736));
#2806 = ( GEOMETRIC_REPRESENTATION_CONTEXT(2) 
PARAMETRIC_REPRESENTATION_CONTEXT() REPRESENTATION_CONTEXT('2D SPACE',''
  ) );
#2807 = ORIENTED_EDGE('',*,*,#2663,.F.);
#2808 = ADVANCED_FACE('',(#2809),#789,.F.);
#2809 = FACE_BOUND('',#2810,.F.);
#2810 = EDGE_LOOP('',(#2811,#2833,#2834,#2856));
#2811 = ORIENTED_EDGE('',*,*,#2812,.F.);
#2812 = EDGE_CURVE('',#776,#2813,#2815,.T.);
#2813 = VERTEX_POINT('',#2814);
#2814 = CARTESIAN_POINT('',(5.4,9.4,20.4));
#2815 = SURFACE_CURVE('',#2816,(#2819,#2826),.PCURVE_S1.);
#2816 = B_SPLINE_CURVE_WITH_KNOTS('',1,(#2817,#2818),.UNSPECIFIED.,.F.,
  .F.,(2,2),(0.,1.),.PIECEWISE_BEZIER_KNOTS.);
#2817 = CARTESIAN_POINT('',(7.7,10.6,14.9));
#2818 = CARTESIAN_POINT('',(5.4,9.4,20.4));
#2819 = PCURVE('',#789,#2820);
#2820 = DEFINITIONAL_REPRESENTATION('',(#2821),#2825);
#2821 = LINE('',#2822,#2823);
#2822 = CARTESIAN_POINT('',(0.,0.));
#2823 = VECTOR('',#2824,1.);
#2824 = DIRECTION('',(0.,1.));
#2825 = ( GEOMETRIC_REPRESENTATION_CONTEXT(2) 
PARAMETRIC_REPRESENTATION_CONTEXT() REPRESENTATION_CONTEXT('2D SPACE',''
  ) );
#2826 = PCURVE('',#1362,#2827);
#2827 = DEFINITIONAL_REPRESENTATION('',(#2828),#2832);
#2828 = LINE('',#2829,#2830);
#2829 = CARTESIAN_POINT('',(12.2,0.));
#2830 = VECTOR('',#2831,1.);
#2831 = DIRECTION('',(0.,1.));
#2832 = ( GEOMETRIC_REPRESENTATION_CONTEXT(2) 
PARAMETRIC_REPRESENTATION_CONTEXT() REPRESENTATION_CONTEXT('2D SPACE',''
  ) );
#2833 = ORIENTED_EDGE('',*,*,#773,.F.);
#2834 = ORIENTED_EDGE('',*,*,#2835,.T.);
#2835 = EDGE_CURVE('',#774,#2836,#2838,.T.);
#2836 = VERTEX_POINT('',#2837);
#2837 = CARTESIAN_POINT('',(5.351056516295,9.709016994375,20.4));
#2838 = SURFACE_CURVE('',#2839,(#2842,#2849),.PCURVE_S1.);
#2839 = B_SPLINE_CURVE_WITH_KNOTS('',1,(#2840,#2841),.UNSPECIFIED.,.F.,
  .F.,(2,2),(0.,1.),.PIECEWISE_BEZIER_KNOTS.);
#2840 = CARTESIAN_POINT('',(7.621690426072,11.094427191,14.9));
#2841 = CARTESIAN_POINT('',(5.351056516295,9.709016994375,20.4));
#2842 = PCURVE('',#789,#2843);
#2843 = DEFINITIONAL_REPRESENTATION('',(#2844),#2848);
#2844 = LINE('',#2845,#2846);
#2845 = CARTESIAN_POINT('',(0.500590288129,0.));
#2846 = VECTOR('',#2847,1.);
#2847 = DIRECTION('',(0.,1.));
#2848 = ( GEOMETRIC_REPRESENTATION_CONTEXT(2) 
PARAMETRIC_REPRESENTATION_CONTEXT() REPRESENTATION_CONTEXT('2D SPACE',''
  ) );
#2849 = PCURVE('',#814,#2850);
#2850 = DEFINITIONAL_REPRESENTATION('',(#2851),#2855);
#2851 = LINE('',#2852,#2853);
#2852 = CARTESIAN_POINT('',(0.,0.));
#2853 = VECTOR('',#2854,1.);
#2854 = DIRECTION('',(0.,1.));
#2855 = ( GEOMETRIC_REPRESENTATION_CONTEXT(2) 
PARAMETRIC_REPRESENTATION_CONTEXT() REPRESENTATION_CONTEXT('2D SPACE',''
  ) );
#2856 = ORIENTED_EDGE('',*,*,#2857,.F.);
#2857 = EDGE_CURVE('',#2813,#2836,#2858,.T.);
#2858 = SURFACE_CURVE('',#2859,(#2863,#2869),.PCURVE_S1.);
#2859 = LINE('',#2860,#2861);
#2860 = CARTESIAN_POINT('',(5.4,9.4,20.4));
#2861 = VECTOR('',#2862,1.);
#2862 = DIRECTION('',(-0.15643446504,0.987688340595,0.));
#2863 = PCURVE('',#789,#2864);
#2864 = DEFINITIONAL_REPRESENTATION('',(#2865),#2868);
#2865 = B_SPLINE_CURVE_WITH_KNOTS('',1,(#2866,#2867),.UNSPECIFIED.,.F.,
  .F.,(2,2),(0.,0.31286893008),.PIECEWISE_BEZIER_KNOTS.);
#2866 = CARTESIAN_POINT('',(0.,1.));
#2867 = CARTESIAN_POINT('',(0.500590288129,1.));
#2868 = ( GEOMETRIC_REPRESENTATION_CONTEXT(2) 
PARAMETRIC_REPRESENTATION_CONTEXT() REPRESENTATION_CONTEXT('2D SPACE',''
  ) );
#2869 = PCURVE('',#2870,#2875);
#2870 = PLANE('',#2871);
#2871 = AXIS2_PLACEMENT_3D('',#2872,#2873,#2874);
#2872 = CARTESIAN_POINT('',(5.4,9.4,20.4));
#2873 = DIRECTION('',(-0.,0.,-1.));
#2874 = DIRECTION('',(-0.714517515317,-0.699617552885,0.));
#2875 = DEFINITIONAL_REPRESENTATION('',(#2876),#2880);
#2876 = LINE('',#2877,#2878);
#2877 = CARTESIAN_POINT('',(0.,0.));
#2878 = VECTOR('',#2879,1.);
#2879 = DIRECTION('',(-0.57922893459,0.815164916648));
#2880 = ( GEOMETRIC_REPRESENTATION_CONTEXT(2) 
PARAMETRIC_REPRESENTATION_CONTEXT() REPRESENTATION_CONTEXT('2D SPACE',''
  ) );
#2881 = ADVANCED_FACE('',(#2882),#1362,.F.);
#2882 = FACE_BOUND('',#2883,.F.);
#2883 = EDGE_LOOP('',(#2884,#2906,#2907,#2908));
#2884 = ORIENTED_EDGE('',*,*,#2885,.F.);
#2885 = EDGE_CURVE('',#1326,#2886,#2888,.T.);
#2886 = VERTEX_POINT('',#2887);
#2887 = CARTESIAN_POINT('',(5.4,-0.4,20.4));
#2888 = SURFACE_CURVE('',#2889,(#2892,#2899),.PCURVE_S1.);
#2889 = B_SPLINE_CURVE_WITH_KNOTS('',1,(#2890,#2891),.UNSPECIFIED.,.F.,
  .F.,(2,2),(0.,1.),.PIECEWISE_BEZIER_KNOTS.);
#2890 = CARTESIAN_POINT('',(7.7,-1.6,14.9));
#2891 = CARTESIAN_POINT('',(5.4,-0.4,20.4));
#2892 = PCURVE('',#1362,#2893);
#2893 = DEFINITIONAL_REPRESENTATION('',(#2894),#2898);
#2894 = LINE('',#2895,#2896);
#2895 = CARTESIAN_POINT('',(0.,0.));
#2896 = VECTOR('',#2897,1.);
#2897 = DIRECTION('',(0.,1.));
#2898 = ( GEOMETRIC_REPRESENTATION_CONTEXT(2) 
PARAMETRIC_REPRESENTATION_CONTEXT() REPRESENTATION_CONTEXT('2D SPACE',''
  ) );
#2899 = PCURVE('',#1339,#2900);
#2900 = DEFINITIONAL_REPRESENTATION('',(#2901),#2905);
#2901 = LINE('',#2902,#2903);
#2902 = CARTESIAN_POINT('',(0.500590288129,0.));
#2903 = VECTOR('',#2904,1.);
#2904 = DIRECTION('',(0.,1.));
#2905 = ( GEOMETRIC_REPRESENTATION_CONTEXT(2) 
PARAMETRIC_REPRESENTATION_CONTEXT() REPRESENTATION_CONTEXT('2D SPACE',''
  ) );
#2906 = ORIENTED_EDGE('',*,*,#1350,.F.);
#2907 = ORIENTED_EDGE('',*,*,#2812,.T.);
#2908 = ORIENTED_EDGE('',*,*,#2909,.F.);
#2909 = EDGE_CURVE('',#2886,#2813,#2910,.T.);
#2910 = SURFACE_CURVE('',#2911,(#2915,#2921),.PCURVE_S1.);
#2911 = LINE('',#2912,#2913);
#2912 = CARTESIAN_POINT('',(5.4,-0.4,20.4));
#2913 = VECTOR('',#2914,1.);
#2914 = DIRECTION('',(0.,1.,0.));
#2915 = PCURVE('',#1362,#2916);
#2916 = DEFINITIONAL_REPRESENTATION('',(#2917),#2920);
#2917 = B_SPLINE_CURVE_WITH_KNOTS('',1,(#2918,#2919),.UNSPECIFIED.,.F.,
  .F.,(2,2),(0.,9.8),.PIECEWISE_BEZIER_KNOTS.);
#2918 = CARTESIAN_POINT('',(0.,1.));
#2919 = CARTESIAN_POINT('',(12.2,1.));
#2920 = ( GEOMETRIC_REPRESENTATION_CONTEXT(2) 
PARAMETRIC_REPRESENTATION_CONTEXT() REPRESENTATION_CONTEXT('2D SPACE',''
  ) );
#2921 = PCURVE('',#2870,#2922);
#2922 = DEFINITIONAL_REPRESENTATION('',(#2923),#2927);
#2923 = LINE('',#2924,#2925);
#2924 = CARTESIAN_POINT('',(6.856252018272,-7.002271650111));
#2925 = VECTOR('',#2926,1.);
#2926 = DIRECTION('',(-0.699617552885,0.714517515317));
#2927 = ( GEOMETRIC_REPRESENTATION_CONTEXT(2) 
PARAMETRIC_REPRESENTATION_CONTEXT() REPRESENTATION_CONTEXT('2D SPACE',''
  ) );
#2928 = ADVANCED_FACE('',(#2929),#1339,.F.);
#2929 = FACE_BOUND('',#2930,.F.);
#2930 = EDGE_LOOP('',(#2931,#2953,#2954,#2955));
#2931 = ORIENTED_EDGE('',*,*,#2932,.F.);
#2932 = EDGE_CURVE('',#1301,#2933,#2935,.T.);
#2933 = VERTEX_POINT('',#2934);
#2934 = CARTESIAN_POINT('',(5.351056516295,-0.709016994375,20.4));
#2935 = SURFACE_CURVE('',#2936,(#2939,#2946),.PCURVE_S1.);
#2936 = B_SPLINE_CURVE_WITH_KNOTS('',1,(#2937,#2938),.UNSPECIFIED.,.F.,
  .F.,(2,2),(0.,1.),.PIECEWISE_BEZIER_KNOTS.);
#2937 = CARTESIAN_POINT('',(7.621690426072,-2.094427191,14.9));
#2938 = CARTESIAN_POINT('',(5.351056516295,-0.709016994375,20.4));
#2939 = PCURVE('',#1339,#2940);
#2940 = DEFINITIONAL_REPRESENTATION('',(#2941),#2945);
#2941 = LINE('',#2942,#2943);
#2942 = CARTESIAN_POINT('',(0.,0.));
#2943 = VECTOR('',#2944,1.);
#2944 = DIRECTION('',(0.,1.));
#2945 = ( GEOMETRIC_REPRESENTATION_CONTEXT(2) 
PARAMETRIC_REPRESENTATION_CONTEXT() REPRESENTATION_CONTEXT('2D SPACE',''
  ) );
#2946 = PCURVE('',#1314,#2947);
#2947 = DEFINITIONAL_REPRESENTATION('',(#2948),#2952);
#2948 = LINE('',#2949,#2950);
#2949 = CARTESIAN_POINT('',(0.500590288129,0.));
#2950 = VECTOR('',#2951,1.);
#2951 = DIRECTION('',(0.,1.));
#2952 = ( GEOMETRIC_REPRESENTATION_CONTEXT(2) 
PARAMETRIC_REPRESENTATION_CONTEXT() REPRESENTATION_CONTEXT('2D SPACE',''
  ) );
#2953 = ORIENTED_EDGE('',*,*,#1325,.F.);
#2954 = ORIENTED_EDGE('',*,*,#2885,.T.);
#2955 = ORIENTED_EDGE('',*,*,#2956,.F.);
#2956 = EDGE_CURVE('',#2933,#2886,#2957,.T.);
#2957 = SURFACE_CURVE('',#2958,(#2962,#2968),.PCURVE_S1.);
#2958 = LINE('',#2959,#2960);
#2959 = CARTESIAN_POINT('',(5.351056516295,-0.709016994375,20.4));
#2960 = VECTOR('',#2961,1.);
#2961 = DIRECTION('',(0.15643446504,0.987688340595,0.));
#2962 = PCURVE('',#1339,#2963);
#2963 = DEFINITIONAL_REPRESENTATION('',(#2964),#2967);
#2964 = B_SPLINE_CURVE_WITH_KNOTS('',1,(#2965,#2966),.UNSPECIFIED.,.F.,
  .F.,(2,2),(0.,0.31286893008),.PIECEWISE_BEZIER_KNOTS.);
#2965 = CARTESIAN_POINT('',(0.,1.));
#2966 = CARTESIAN_POINT('',(0.500590288129,1.));
#2967 = ( GEOMETRIC_REPRESENTATION_CONTEXT(2) 
PARAMETRIC_REPRESENTATION_CONTEXT() REPRESENTATION_CONTEXT('2D SPACE',''
  ) );
#2968 = PCURVE('',#2870,#2969);
#2969 = DEFINITIONAL_REPRESENTATION('',(#2970),#2974);
#2970 = LINE('',#2971,#2972);
#2971 = CARTESIAN_POINT('',(7.107416708044,-7.188827984823));
#2972 = VECTOR('',#2973,1.);
#2973 = DIRECTION('',(-0.802779265131,0.596276321412));
#2974 = ( GEOMETRIC_REPRESENTATION_CONTEXT(2) 
PARAMETRIC_REPRESENTATION_CONTEXT() REPRESENTATION_CONTEXT('2D SPACE',''
  ) );
#2975 = ADVANCED_FACE('',(#2976),#1314,.F.);
#2976 = FACE_BOUND('',#2977,.F.);
#2977 = EDGE_LOOP('',(#2978,#3000,#3001,#3002));
#2978 = ORIENTED_EDGE('',*,*,#2979,.F.);
#2979 = EDGE_CURVE('',#1276,#2980,#2982,.T.);
#2980 = VERTEX_POINT('',#2981);
#2981 = CARTESIAN_POINT('',(5.209016994375,-0.987785252292,20.4));
#2982 = SURFACE_CURVE('',#2983,(#2986,#2993),.PCURVE_S1.);
#2983 = B_SPLINE_CURVE_WITH_KNOTS('',1,(#2984,#2985),.UNSPECIFIED.,.F.,
  .F.,(2,2),(0.,1.),.PIECEWISE_BEZIER_KNOTS.);
#2984 = CARTESIAN_POINT('',(7.394427191,-2.540456403668,14.9));
#2985 = CARTESIAN_POINT('',(5.209016994375,-0.987785252292,20.4));
#2986 = PCURVE('',#1314,#2987);
#2987 = DEFINITIONAL_REPRESENTATION('',(#2988),#2992);
#2988 = LINE('',#2989,#2990);
#2989 = CARTESIAN_POINT('',(0.,0.));
#2990 = VECTOR('',#2991,1.);
#2991 = DIRECTION('',(0.,1.));
#2992 = ( GEOMETRIC_REPRESENTATION_CONTEXT(2) 
PARAMETRIC_REPRESENTATION_CONTEXT() REPRESENTATION_CONTEXT('2D SPACE',''
  ) );
#2993 = PCURVE('',#1289,#2994);
#2994 = DEFINITIONAL_REPRESENTATION('',(#2995),#2999);
#2995 = LINE('',#2996,#2997);
#2996 = CARTESIAN_POINT('',(0.500590288129,0.));
#2997 = VECTOR('',#2998,1.);
#2998 = DIRECTION('',(0.,1.));
#2999 = ( GEOMETRIC_REPRESENTATION_CONTEXT(2) 
PARAMETRIC_REPRESENTATION_CONTEXT() REPRESENTATION_CONTEXT('2D SPACE',''
  ) );
#3000 = ORIENTED_EDGE('',*,*,#1300,.F.);
#3001 = ORIENTED_EDGE('',*,*,#2932,.T.);
#3002 = ORIENTED_EDGE('',*,*,#3003,.F.);
#3003 = EDGE_CURVE('',#2980,#2933,#3004,.T.);
#3004 = SURFACE_CURVE('',#3005,(#3009,#3015),.PCURVE_S1.);
#3005 = LINE('',#3006,#3007);
#3006 = CARTESIAN_POINT('',(5.209016994375,-0.987785252292,20.4));
#3007 = VECTOR('',#3008,1.);
#3008 = DIRECTION('',(0.45399049974,0.891006524188,0.));
#3009 = PCURVE('',#1314,#3010);
#3010 = DEFINITIONAL_REPRESENTATION('',(#3011),#3014);
#3011 = B_SPLINE_CURVE_WITH_KNOTS('',1,(#3012,#3013),.UNSPECIFIED.,.F.,
  .F.,(2,2),(0.,0.31286893008),.PIECEWISE_BEZIER_KNOTS.);
#3012 = CARTESIAN_POINT('',(0.,1.));
#3013 = CARTESIAN_POINT('',(0.500590288129,1.));
#3014 = ( GEOMETRIC_REPRESENTATION_CONTEXT(2) 
PARAMETRIC_REPRESENTATION_CONTEXT() REPRESENTATION_CONTEXT('2D SPACE',''
  ) );
#3015 = PCURVE('',#2870,#3016);
#3016 = DEFINITIONAL_REPRESENTATION('',(#3017),#3021);
#3017 = LINE('',#3018,#3019);
#3018 = CARTESIAN_POINT('',(7.40393760075,-7.288639445081));
#3019 = VECTOR('',#3020,1.);
#3020 = DIRECTION('',(-0.947747967909,0.319020045334));
#3021 = ( GEOMETRIC_REPRESENTATION_CONTEXT(2) 
PARAMETRIC_REPRESENTATION_CONTEXT() REPRESENTATION_CONTEXT('2D SPACE',''
  ) );
#3022 = ADVANCED_FACE('',(#3023),#1289,.F.);
#3023 = FACE_BOUND('',#3024,.F.);
#3024 = EDGE_LOOP('',(#3025,#3047,#3048,#3049));
#3025 = ORIENTED_EDGE('',*,*,#3026,.F.);
#3026 = EDGE_CURVE('',#1251,#3027,#3029,.T.);
#3027 = VERTEX_POINT('',#3028);
#3028 = CARTESIAN_POINT('',(4.987785252292,-1.209016994375,20.4));
#3029 = SURFACE_CURVE('',#3030,(#3033,#3040),.PCURVE_S1.);
#3030 = B_SPLINE_CURVE_WITH_KNOTS('',1,(#3031,#3032),.UNSPECIFIED.,.F.,
  .F.,(2,2),(0.,1.),.PIECEWISE_BEZIER_KNOTS.);
#3031 = CARTESIAN_POINT('',(7.040456403668,-2.894427191,14.9));
#3032 = CARTESIAN_POINT('',(4.987785252292,-1.209016994375,20.4));
#3033 = PCURVE('',#1289,#3034);
#3034 = DEFINITIONAL_REPRESENTATION('',(#3035),#3039);
#3035 = LINE('',#3036,#3037);
#3036 = CARTESIAN_POINT('',(0.,0.));
#3037 = VECTOR('',#3038,1.);
#3038 = DIRECTION('',(0.,1.));
#3039 = ( GEOMETRIC_REPRESENTATION_CONTEXT(2) 
PARAMETRIC_REPRESENTATION_CONTEXT() REPRESENTATION_CONTEXT('2D SPACE',''
  ) );
#3040 = PCURVE('',#1264,#3041);
#3041 = DEFINITIONAL_REPRESENTATION('',(#3042),#3046);
#3042 = LINE('',#3043,#3044);
#3043 = CARTESIAN_POINT('',(0.500590288129,0.));
#3044 = VECTOR('',#3045,1.);
#3045 = DIRECTION('',(0.,1.));
#3046 = ( GEOMETRIC_REPRESENTATION_CONTEXT(2) 
PARAMETRIC_REPRESENTATION_CONTEXT() REPRESENTATION_CONTEXT('2D SPACE',''
  ) );
#3047 = ORIENTED_EDGE('',*,*,#1275,.F.);
#3048 = ORIENTED_EDGE('',*,*,#2979,.T.);
#3049 = ORIENTED_EDGE('',*,*,#3050,.F.);
#3050 = EDGE_CURVE('',#3027,#2980,#3051,.T.);
#3051 = SURFACE_CURVE('',#3052,(#3056,#3062),.PCURVE_S1.);
#3052 = LINE('',#3053,#3054);
#3053 = CARTESIAN_POINT('',(4.987785252292,-1.209016994375,20.4));
#3054 = VECTOR('',#3055,1.);
#3055 = DIRECTION('',(0.707106781187,0.707106781187,0.));
#3056 = PCURVE('',#1289,#3057);
#3057 = DEFINITIONAL_REPRESENTATION('',(#3058),#3061);
#3058 = B_SPLINE_CURVE_WITH_KNOTS('',1,(#3059,#3060),.UNSPECIFIED.,.F.,
  .F.,(2,2),(0.,0.31286893008),.PIECEWISE_BEZIER_KNOTS.);
#3059 = CARTESIAN_POINT('',(0.,1.));
#3060 = CARTESIAN_POINT('',(0.500590288129,1.));
#3061 = ( GEOMETRIC_REPRESENTATION_CONTEXT(2) 
PARAMETRIC_REPRESENTATION_CONTEXT() REPRESENTATION_CONTEXT('2D SPACE',''
  ) );
#3062 = PCURVE('',#2870,#3063);
#3063 = DEFINITIONAL_REPRESENTATION('',(#3064),#3068);
#3064 = LINE('',#3065,#3066);
#3065 = CARTESIAN_POINT('',(7.716789165428,-7.291935789727));
#3066 = VECTOR('',#3067,1.);
#3067 = DIRECTION('',(-0.99994449624,1.053586447546E-02));
#3068 = ( GEOMETRIC_REPRESENTATION_CONTEXT(2) 
PARAMETRIC_REPRESENTATION_CONTEXT() REPRESENTATION_CONTEXT('2D SPACE',''
  ) );
#3069 = ADVANCED_FACE('',(#3070),#1264,.F.);
#3070 = FACE_BOUND('',#3071,.F.);
#3071 = EDGE_LOOP('',(#3072,#3094,#3095,#3096));
#3072 = ORIENTED_EDGE('',*,*,#3073,.F.);
#3073 = EDGE_CURVE('',#1226,#3074,#3076,.T.);
#3074 = VERTEX_POINT('',#3075);
#3075 = CARTESIAN_POINT('',(4.709016994375,-1.351056516295,20.4));
#3076 = SURFACE_CURVE('',#3077,(#3080,#3087),.PCURVE_S1.);
#3077 = B_SPLINE_CURVE_WITH_KNOTS('',1,(#3078,#3079),.UNSPECIFIED.,.F.,
  .F.,(2,2),(0.,1.),.PIECEWISE_BEZIER_KNOTS.);
#3078 = CARTESIAN_POINT('',(6.594427191,-3.121690426072,14.9));
#3079 = CARTESIAN_POINT('',(4.709016994375,-1.351056516295,20.4));
#3080 = PCURVE('',#1264,#3081);
#3081 = DEFINITIONAL_REPRESENTATION('',(#3082),#3086);
#3082 = LINE('',#3083,#3084);
#3083 = CARTESIAN_POINT('',(0.,0.));
#3084 = VECTOR('',#3085,1.);
#3085 = DIRECTION('',(0.,1.));
#3086 = ( GEOMETRIC_REPRESENTATION_CONTEXT(2) 
PARAMETRIC_REPRESENTATION_CONTEXT() REPRESENTATION_CONTEXT('2D SPACE',''
  ) );
#3087 = PCURVE('',#1239,#3088);
#3088 = DEFINITIONAL_REPRESENTATION('',(#3089),#3093);
#3089 = LINE('',#3090,#3091);
#3090 = CARTESIAN_POINT('',(0.500590288129,0.));
#3091 = VECTOR('',#3092,1.);
#3092 = DIRECTION('',(0.,1.));
#3093 = ( GEOMETRIC_REPRESENTATION_CONTEXT(2) 
PARAMETRIC_REPRESENTATION_CONTEXT() REPRESENTATION_CONTEXT('2D SPACE',''
  ) );
#3094 = ORIENTED_EDGE('',*,*,#1250,.F.);
#3095 = ORIENTED_EDGE('',*,*,#3026,.T.);
#3096 = ORIENTED_EDGE('',*,*,#3097,.F.);
#3097 = EDGE_CURVE('',#3074,#3027,#3098,.T.);
#3098 = SURFACE_CURVE('',#3099,(#3103,#3109),.PCURVE_S1.);
#3099 = LINE('',#3100,#3101);
#3100 = CARTESIAN_POINT('',(4.709016994375,-1.351056516295,20.4));
#3101 = VECTOR('',#3102,1.);
#3102 = DIRECTION('',(0.891006524188,0.45399049974,0.));
#3103 = PCURVE('',#1264,#3104);
#3104 = DEFINITIONAL_REPRESENTATION('',(#3105),#3108);
#3105 = B_SPLINE_CURVE_WITH_KNOTS('',1,(#3106,#3107),.UNSPECIFIED.,.F.,
  .F.,(2,2),(0.,0.31286893008),.PIECEWISE_BEZIER_KNOTS.);
#3106 = CARTESIAN_POINT('',(0.,1.));
#3107 = CARTESIAN_POINT('',(0.500590288129,1.));
#3108 = ( GEOMETRIC_REPRESENTATION_CONTEXT(2) 
PARAMETRIC_REPRESENTATION_CONTEXT() REPRESENTATION_CONTEXT('2D SPACE',''
  ) );
#3109 = PCURVE('',#2870,#3110);
#3110 = DEFINITIONAL_REPRESENTATION('',(#3111),#3115);
#3111 = LINE('',#3112,#3113);
#3112 = CARTESIAN_POINT('',(8.015347311163,-7.19839434958));
#3113 = VECTOR('',#3114,1.);
#3114 = DIRECTION('',(-0.954259490255,-0.298979640206));
#3115 = ( GEOMETRIC_REPRESENTATION_CONTEXT(2) 
PARAMETRIC_REPRESENTATION_CONTEXT() REPRESENTATION_CONTEXT('2D SPACE',''
  ) );
#3116 = ADVANCED_FACE('',(#3117),#1239,.F.);
#3117 = FACE_BOUND('',#3118,.F.);
#3118 = EDGE_LOOP('',(#3119,#3141,#3142,#3143));
#3119 = ORIENTED_EDGE('',*,*,#3120,.F.);
#3120 = EDGE_CURVE('',#1201,#3121,#3123,.T.);
#3121 = VERTEX_POINT('',#3122);
#3122 = CARTESIAN_POINT('',(4.4,-1.4,20.4));
#3123 = SURFACE_CURVE('',#3124,(#3127,#3134),.PCURVE_S1.);
#3124 = B_SPLINE_CURVE_WITH_KNOTS('',1,(#3125,#3126),.UNSPECIFIED.,.F.,
  .F.,(2,2),(0.,1.),.PIECEWISE_BEZIER_KNOTS.);
#3125 = CARTESIAN_POINT('',(6.1,-3.2,14.9));
#3126 = CARTESIAN_POINT('',(4.4,-1.4,20.4));
#3127 = PCURVE('',#1239,#3128);
#3128 = DEFINITIONAL_REPRESENTATION('',(#3129),#3133);
#3129 = LINE('',#3130,#3131);
#3130 = CARTESIAN_POINT('',(0.,0.));
#3131 = VECTOR('',#3132,1.);
#3132 = DIRECTION('',(0.,1.));
#3133 = ( GEOMETRIC_REPRESENTATION_CONTEXT(2) 
PARAMETRIC_REPRESENTATION_CONTEXT() REPRESENTATION_CONTEXT('2D SPACE',''
  ) );
#3134 = PCURVE('',#1214,#3135);
#3135 = DEFINITIONAL_REPRESENTATION('',(#3136),#3140);
#3136 = LINE('',#3137,#3138);
#3137 = CARTESIAN_POINT('',(12.2,0.));
#3138 = VECTOR('',#3139,1.);
#3139 = DIRECTION('',(0.,1.));
#3140 = ( GEOMETRIC_REPRESENTATION_CONTEXT(2) 
PARAMETRIC_REPRESENTATION_CONTEXT() REPRESENTATION_CONTEXT('2D SPACE',''
  ) );
#3141 = ORIENTED_EDGE('',*,*,#1225,.F.);
#3142 = ORIENTED_EDGE('',*,*,#3073,.T.);
#3143 = ORIENTED_EDGE('',*,*,#3144,.F.);
#3144 = EDGE_CURVE('',#3121,#3074,#3145,.T.);
#3145 = SURFACE_CURVE('',#3146,(#3150,#3156),.PCURVE_S1.);
#3146 = LINE('',#3147,#3148);
#3147 = CARTESIAN_POINT('',(4.4,-1.4,20.4));
#3148 = VECTOR('',#3149,1.);
#3149 = DIRECTION('',(0.987688340595,0.15643446504,0.));
#3150 = PCURVE('',#1239,#3151);
#3151 = DEFINITIONAL_REPRESENTATION('',(#3152),#3155);
#3152 = B_SPLINE_CURVE_WITH_KNOTS('',1,(#3153,#3154),.UNSPECIFIED.,.F.,
  .F.,(2,2),(0.,0.31286893008),.PIECEWISE_BEZIER_KNOTS.);
#3153 = CARTESIAN_POINT('',(0.,1.));
#3154 = CARTESIAN_POINT('',(0.500590288129,1.));
#3155 = ( GEOMETRIC_REPRESENTATION_CONTEXT(2) 
PARAMETRIC_REPRESENTATION_CONTEXT() REPRESENTATION_CONTEXT('2D SPACE',''
  ) );
#3156 = PCURVE('',#2870,#3157);
#3157 = DEFINITIONAL_REPRESENTATION('',(#3158),#3162);
#3158 = LINE('',#3159,#3160);
#3159 = CARTESIAN_POINT('',(8.270387086474,-7.017171612543));
#3160 = VECTOR('',#3161,1.);
#3161 = DIRECTION('',(-0.815164916648,-0.57922893459));
#3162 = ( GEOMETRIC_REPRESENTATION_CONTEXT(2) 
PARAMETRIC_REPRESENTATION_CONTEXT() REPRESENTATION_CONTEXT('2D SPACE',''
  ) );
#3163 = ADVANCED_FACE('',(#3164),#1214,.F.);
#3164 = FACE_BOUND('',#3165,.F.);
#3165 = EDGE_LOOP('',(#3166,#3188,#3189,#3190));
#3166 = ORIENTED_EDGE('',*,*,#3167,.F.);
#3167 = EDGE_CURVE('',#1176,#3168,#3170,.T.);
#3168 = VERTEX_POINT('',#3169);
#3169 = CARTESIAN_POINT('',(-4.4,-1.4,20.4));
#3170 = SURFACE_CURVE('',#3171,(#3174,#3181),.PCURVE_S1.);
#3171 = B_SPLINE_CURVE_WITH_KNOTS('',1,(#3172,#3173),.UNSPECIFIED.,.F.,
  .F.,(2,2),(0.,1.),.PIECEWISE_BEZIER_KNOTS.);
#3172 = CARTESIAN_POINT('',(-6.1,-3.2,14.9));
#3173 = CARTESIAN_POINT('',(-4.4,-1.4,20.4));
#3174 = PCURVE('',#1214,#3175);
#3175 = DEFINITIONAL_REPRESENTATION('',(#3176),#3180);
#3176 = LINE('',#3177,#3178);
#3177 = CARTESIAN_POINT('',(0.,0.));
#3178 = VECTOR('',#3179,1.);
#3179 = DIRECTION('',(0.,1.));
#3180 = ( GEOMETRIC_REPRESENTATION_CONTEXT(2) 
PARAMETRIC_REPRESENTATION_CONTEXT() REPRESENTATION_CONTEXT('2D SPACE',''
  ) );
#3181 = PCURVE('',#1189,#3182);
#3182 = DEFINITIONAL_REPRESENTATION('',(#3183),#3187);
#3183 = LINE('',#3184,#3185);
#3184 = CARTESIAN_POINT('',(0.500590288129,0.));
#3185 = VECTOR('',#3186,1.);
#3186 = DIRECTION('',(0.,1.));
#3187 = ( GEOMETRIC_REPRESENTATION_CONTEXT(2) 
PARAMETRIC_REPRESENTATION_CONTEXT() REPRESENTATION_CONTEXT('2D SPACE',''
  ) );
#3188 = ORIENTED_EDGE('',*,*,#1200,.F.);
#3189 = ORIENTED_EDGE('',*,*,#3120,.T.);
#3190 = ORIENTED_EDGE('',*,*,#3191,.F.);
#3191 = EDGE_CURVE('',#3168,#3121,#3192,.T.);
#3192 = SURFACE_CURVE('',#3193,(#3197,#3203),.PCURVE_S1.);
#3193 = LINE('',#3194,#3195);
#3194 = CARTESIAN_POINT('',(-4.4,-1.4,20.4));
#3195 = VECTOR('',#3196,1.);
#3196 = DIRECTION('',(1.,0.,0.));
#3197 = PCURVE('',#1214,#3198);
#3198 = DEFINITIONAL_REPRESENTATION('',(#3199),#3202);
#3199 = B_SPLINE_CURVE_WITH_KNOTS('',1,(#3200,#3201),.UNSPECIFIED.,.F.,
  .F.,(2,2),(0.,8.8),.PIECEWISE_BEZIER_KNOTS.);
#3200 = CARTESIAN_POINT('',(0.,1.));
#3201 = CARTESIAN_POINT('',(12.2,1.));
#3202 = ( GEOMETRIC_REPRESENTATION_CONTEXT(2) 
PARAMETRIC_REPRESENTATION_CONTEXT() REPRESENTATION_CONTEXT('2D SPACE',''
  ) );
#3203 = PCURVE('',#2870,#3204);
#3204 = DEFINITIONAL_REPRESENTATION('',(#3205),#3209);
#3205 = LINE('',#3206,#3207);
#3206 = CARTESIAN_POINT('',(14.558141221267,-0.860537147156));
#3207 = VECTOR('',#3208,1.);
#3208 = DIRECTION('',(-0.714517515317,-0.699617552885));
#3209 = ( GEOMETRIC_REPRESENTATION_CONTEXT(2) 
PARAMETRIC_REPRESENTATION_CONTEXT() REPRESENTATION_CONTEXT('2D SPACE',''
  ) );
#3210 = ADVANCED_FACE('',(#3211),#1189,.F.);
#3211 = FACE_BOUND('',#3212,.F.);
#3212 = EDGE_LOOP('',(#3213,#3235,#3236,#3237));
#3213 = ORIENTED_EDGE('',*,*,#3214,.F.);
#3214 = EDGE_CURVE('',#1151,#3215,#3217,.T.);
#3215 = VERTEX_POINT('',#3216);
#3216 = CARTESIAN_POINT('',(-4.709016994375,-1.351056516295,20.4));
#3217 = SURFACE_CURVE('',#3218,(#3221,#3228),.PCURVE_S1.);
#3218 = B_SPLINE_CURVE_WITH_KNOTS('',1,(#3219,#3220),.UNSPECIFIED.,.F.,
  .F.,(2,2),(0.,1.),.PIECEWISE_BEZIER_KNOTS.);
#3219 = CARTESIAN_POINT('',(-6.594427191,-3.121690426072,14.9));
#3220 = CARTESIAN_POINT('',(-4.709016994375,-1.351056516295,20.4));
#3221 = PCURVE('',#1189,#3222);
#3222 = DEFINITIONAL_REPRESENTATION('',(#3223),#3227);
#3223 = LINE('',#3224,#3225);
#3224 = CARTESIAN_POINT('',(0.,0.));
#3225 = VECTOR('',#3226,1.);
#3226 = DIRECTION('',(0.,1.));
#3227 = ( GEOMETRIC_REPRESENTATION_CONTEXT(2) 
PARAMETRIC_REPRESENTATION_CONTEXT() REPRESENTATION_CONTEXT('2D SPACE',''
  ) );
#3228 = PCURVE('',#1164,#3229);
#3229 = DEFINITIONAL_REPRESENTATION('',(#3230),#3234);
#3230 = LINE('',#3231,#3232);
#3231 = CARTESIAN_POINT('',(0.500590288129,0.));
#3232 = VECTOR('',#3233,1.);
#3233 = DIRECTION('',(0.,1.));
#3234 = ( GEOMETRIC_REPRESENTATION_CONTEXT(2) 
PARAMETRIC_REPRESENTATION_CONTEXT() REPRESENTATION_CONTEXT('2D SPACE',''
  ) );
#3235 = ORIENTED_EDGE('',*,*,#1175,.F.);
#3236 = ORIENTED_EDGE('',*,*,#3167,.T.);
#3237 = ORIENTED_EDGE('',*,*,#3238,.F.);
#3238 = EDGE_CURVE('',#3215,#3168,#3239,.T.);
#3239 = SURFACE_CURVE('',#3240,(#3244,#3250),.PCURVE_S1.);
#3240 = LINE('',#3241,#3242);
#3241 = CARTESIAN_POINT('',(-4.709016994375,-1.351056516295,20.4));
#3242 = VECTOR('',#3243,1.);
#3243 = DIRECTION('',(0.987688340595,-0.15643446504,0.));
#3244 = PCURVE('',#1189,#3245);
#3245 = DEFINITIONAL_REPRESENTATION('',(#3246),#3249);
#3246 = B_SPLINE_CURVE_WITH_KNOTS('',1,(#3247,#3248),.UNSPECIFIED.,.F.,
  .F.,(2,2),(0.,0.31286893008),.PIECEWISE_BEZIER_KNOTS.);
#3247 = CARTESIAN_POINT('',(0.,1.));
#3248 = CARTESIAN_POINT('',(0.500590288129,1.));
#3249 = ( GEOMETRIC_REPRESENTATION_CONTEXT(2) 
PARAMETRIC_REPRESENTATION_CONTEXT() REPRESENTATION_CONTEXT('2D SPACE',''
  ) );
#3250 = PCURVE('',#2870,#3251);
#3251 = DEFINITIONAL_REPRESENTATION('',(#3252),#3256);
#3252 = LINE('',#3253,#3254);
#3253 = CARTESIAN_POINT('',(14.74469755598,-0.609372457384));
#3254 = VECTOR('',#3255,1.);
#3255 = DIRECTION('',(-0.596276321412,-0.802779265131));
#3256 = ( GEOMETRIC_REPRESENTATION_CONTEXT(2) 
PARAMETRIC_REPRESENTATION_CONTEXT() REPRESENTATION_CONTEXT('2D SPACE',''
  ) );
#3257 = ADVANCED_FACE('',(#3258),#1164,.F.);
#3258 = FACE_BOUND('',#3259,.F.);
#3259 = EDGE_LOOP('',(#3260,#3282,#3283,#3284));
#3260 = ORIENTED_EDGE('',*,*,#3261,.F.);
#3261 = EDGE_CURVE('',#1126,#3262,#3264,.T.);
#3262 = VERTEX_POINT('',#3263);
#3263 = CARTESIAN_POINT('',(-4.987785252292,-1.209016994375,20.4));
#3264 = SURFACE_CURVE('',#3265,(#3268,#3275),.PCURVE_S1.);
#3265 = B_SPLINE_CURVE_WITH_KNOTS('',1,(#3266,#3267),.UNSPECIFIED.,.F.,
  .F.,(2,2),(0.,1.),.PIECEWISE_BEZIER_KNOTS.);
#3266 = CARTESIAN_POINT('',(-7.040456403668,-2.894427191,14.9));
#3267 = CARTESIAN_POINT('',(-4.987785252292,-1.209016994375,20.4));
#3268 = PCURVE('',#1164,#3269);
#3269 = DEFINITIONAL_REPRESENTATION('',(#3270),#3274);
#3270 = LINE('',#3271,#3272);
#3271 = CARTESIAN_POINT('',(0.,0.));
#3272 = VECTOR('',#3273,1.);
#3273 = DIRECTION('',(0.,1.));
#3274 = ( GEOMETRIC_REPRESENTATION_CONTEXT(2) 
PARAMETRIC_REPRESENTATION_CONTEXT() REPRESENTATION_CONTEXT('2D SPACE',''
  ) );
#3275 = PCURVE('',#1139,#3276);
#3276 = DEFINITIONAL_REPRESENTATION('',(#3277),#3281);
#3277 = LINE('',#3278,#3279);
#3278 = CARTESIAN_POINT('',(0.500590288129,0.));
#3279 = VECTOR('',#3280,1.);
#3280 = DIRECTION('',(0.,1.));
#3281 = ( GEOMETRIC_REPRESENTATION_CONTEXT(2) 
PARAMETRIC_REPRESENTATION_CONTEXT() REPRESENTATION_CONTEXT('2D SPACE',''
  ) );
#3282 = ORIENTED_EDGE('',*,*,#1150,.F.);
#3283 = ORIENTED_EDGE('',*,*,#3214,.T.);
#3284 = ORIENTED_EDGE('',*,*,#3285,.F.);
#3285 = EDGE_CURVE('',#3262,#3215,#3286,.T.);
#3286 = SURFACE_CURVE('',#3287,(#3291,#3297),.PCURVE_S1.);
#3287 = LINE('',#3288,#3289);
#3288 = CARTESIAN_POINT('',(-4.987785252292,-1.209016994375,20.4));
#3289 = VECTOR('',#3290,1.);
#3290 = DIRECTION('',(0.891006524188,-0.45399049974,0.));
#3291 = PCURVE('',#1164,#3292);
#3292 = DEFINITIONAL_REPRESENTATION('',(#3293),#3296);
#3293 = B_SPLINE_CURVE_WITH_KNOTS('',1,(#3294,#3295),.UNSPECIFIED.,.F.,
  .F.,(2,2),(0.,0.31286893008),.PIECEWISE_BEZIER_KNOTS.);
#3294 = CARTESIAN_POINT('',(0.,1.));
#3295 = CARTESIAN_POINT('',(0.500590288129,1.));
#3296 = ( GEOMETRIC_REPRESENTATION_CONTEXT(2) 
PARAMETRIC_REPRESENTATION_CONTEXT() REPRESENTATION_CONTEXT('2D SPACE',''
  ) );
#3297 = PCURVE('',#2870,#3298);
#3298 = DEFINITIONAL_REPRESENTATION('',(#3299),#3303);
#3299 = LINE('',#3300,#3301);
#3300 = CARTESIAN_POINT('',(14.844509016238,-0.312851564678));
#3301 = VECTOR('',#3302,1.);
#3302 = DIRECTION('',(-0.319020045334,-0.947747967909));
#3303 = ( GEOMETRIC_REPRESENTATION_CONTEXT(2) 
PARAMETRIC_REPRESENTATION_CONTEXT() REPRESENTATION_CONTEXT('2D SPACE',''
  ) );
#3304 = ADVANCED_FACE('',(#3305),#1139,.F.);
#3305 = FACE_BOUND('',#3306,.F.);
#3306 = EDGE_LOOP('',(#3307,#3329,#3330,#3331));
#3307 = ORIENTED_EDGE('',*,*,#3308,.F.);
#3308 = EDGE_CURVE('',#1101,#3309,#3311,.T.);
#3309 = VERTEX_POINT('',#3310);
#3310 = CARTESIAN_POINT('',(-5.209016994375,-0.987785252292,20.4));
#3311 = SURFACE_CURVE('',#3312,(#3315,#3322),.PCURVE_S1.);
#3312 = B_SPLINE_CURVE_WITH_KNOTS('',1,(#3313,#3314),.UNSPECIFIED.,.F.,
  .F.,(2,2),(0.,1.),.PIECEWISE_BEZIER_KNOTS.);
#3313 = CARTESIAN_POINT('',(-7.394427191,-2.540456403668,14.9));
#3314 = CARTESIAN_POINT('',(-5.209016994375,-0.987785252292,20.4));
#3315 = PCURVE('',#1139,#3316);
#3316 = DEFINITIONAL_REPRESENTATION('',(#3317),#3321);
#3317 = LINE('',#3318,#3319);
#3318 = CARTESIAN_POINT('',(0.,0.));
#3319 = VECTOR('',#3320,1.);
#3320 = DIRECTION('',(0.,1.));
#3321 = ( GEOMETRIC_REPRESENTATION_CONTEXT(2) 
PARAMETRIC_REPRESENTATION_CONTEXT() REPRESENTATION_CONTEXT('2D SPACE',''
  ) );
#3322 = PCURVE('',#1114,#3323);
#3323 = DEFINITIONAL_REPRESENTATION('',(#3324),#3328);
#3324 = LINE('',#3325,#3326);
#3325 = CARTESIAN_POINT('',(0.500590288129,0.));
#3326 = VECTOR('',#3327,1.);
#3327 = DIRECTION('',(0.,1.));
#3328 = ( GEOMETRIC_REPRESENTATION_CONTEXT(2) 
PARAMETRIC_REPRESENTATION_CONTEXT() REPRESENTATION_CONTEXT('2D SPACE',''
  ) );
#3329 = ORIENTED_EDGE('',*,*,#1125,.F.);
#3330 = ORIENTED_EDGE('',*,*,#3261,.T.);
#3331 = ORIENTED_EDGE('',*,*,#3332,.F.);
#3332 = EDGE_CURVE('',#3309,#3262,#3333,.T.);
#3333 = SURFACE_CURVE('',#3334,(#3338,#3344),.PCURVE_S1.);
#3334 = LINE('',#3335,#3336);
#3335 = CARTESIAN_POINT('',(-5.209016994375,-0.987785252292,20.4));
#3336 = VECTOR('',#3337,1.);
#3337 = DIRECTION('',(0.707106781187,-0.707106781187,0.));
#3338 = PCURVE('',#1139,#3339);
#3339 = DEFINITIONAL_REPRESENTATION('',(#3340),#3343);
#3340 = B_SPLINE_CURVE_WITH_KNOTS('',1,(#3341,#3342),.UNSPECIFIED.,.F.,
  .F.,(2,2),(0.,0.31286893008),.PIECEWISE_BEZIER_KNOTS.);
#3341 = CARTESIAN_POINT('',(0.,1.));
#3342 = CARTESIAN_POINT('',(0.500590288129,1.));
#3343 = ( GEOMETRIC_REPRESENTATION_CONTEXT(2) 
PARAMETRIC_REPRESENTATION_CONTEXT() REPRESENTATION_CONTEXT('2D SPACE',''
  ) );
#3344 = PCURVE('',#2870,#3345);
#3345 = DEFINITIONAL_REPRESENTATION('',(#3346),#3350);
#3346 = LINE('',#3347,#3348);
#3347 = CARTESIAN_POINT('',(14.847805360884,7.235691149725E-16));
#3348 = VECTOR('',#3349,1.);
#3349 = DIRECTION('',(-1.053586447546E-02,-0.99994449624));
#3350 = ( GEOMETRIC_REPRESENTATION_CONTEXT(2) 
PARAMETRIC_REPRESENTATION_CONTEXT() REPRESENTATION_CONTEXT('2D SPACE',''
  ) );
#3351 = ADVANCED_FACE('',(#3352),#1114,.F.);
#3352 = FACE_BOUND('',#3353,.F.);
#3353 = EDGE_LOOP('',(#3354,#3376,#3377,#3378));
#3354 = ORIENTED_EDGE('',*,*,#3355,.F.);
#3355 = EDGE_CURVE('',#1076,#3356,#3358,.T.);
#3356 = VERTEX_POINT('',#3357);
#3357 = CARTESIAN_POINT('',(-5.351056516295,-0.709016994375,20.4));
#3358 = SURFACE_CURVE('',#3359,(#3362,#3369),.PCURVE_S1.);
#3359 = B_SPLINE_CURVE_WITH_KNOTS('',1,(#3360,#3361),.UNSPECIFIED.,.F.,
  .F.,(2,2),(0.,1.),.PIECEWISE_BEZIER_KNOTS.);
#3360 = CARTESIAN_POINT('',(-7.621690426072,-2.094427191,14.9));
#3361 = CARTESIAN_POINT('',(-5.351056516295,-0.709016994375,20.4));
#3362 = PCURVE('',#1114,#3363);
#3363 = DEFINITIONAL_REPRESENTATION('',(#3364),#3368);
#3364 = LINE('',#3365,#3366);
#3365 = CARTESIAN_POINT('',(0.,0.));
#3366 = VECTOR('',#3367,1.);
#3367 = DIRECTION('',(0.,1.));
#3368 = ( GEOMETRIC_REPRESENTATION_CONTEXT(2) 
PARAMETRIC_REPRESENTATION_CONTEXT() REPRESENTATION_CONTEXT('2D SPACE',''
  ) );
#3369 = PCURVE('',#1089,#3370);
#3370 = DEFINITIONAL_REPRESENTATION('',(#3371),#3375);
#3371 = LINE('',#3372,#3373);
#3372 = CARTESIAN_POINT('',(0.500590288129,0.));
#3373 = VECTOR('',#3374,1.);
#3374 = DIRECTION('',(0.,1.));
#3375 = ( GEOMETRIC_REPRESENTATION_CONTEXT(2) 
PARAMETRIC_REPRESENTATION_CONTEXT() REPRESENTATION_CONTEXT('2D SPACE',''
  ) );
#3376 = ORIENTED_EDGE('',*,*,#1100,.F.);
#3377 = ORIENTED_EDGE('',*,*,#3308,.T.);
#3378 = ORIENTED_EDGE('',*,*,#3379,.F.);
#3379 = EDGE_CURVE('',#3356,#3309,#3380,.T.);
#3380 = SURFACE_CURVE('',#3381,(#3385,#3391),.PCURVE_S1.);
#3381 = LINE('',#3382,#3383);
#3382 = CARTESIAN_POINT('',(-5.351056516295,-0.709016994375,20.4));
#3383 = VECTOR('',#3384,1.);
#3384 = DIRECTION('',(0.45399049974,-0.891006524188,0.));
#3385 = PCURVE('',#1114,#3386);
#3386 = DEFINITIONAL_REPRESENTATION('',(#3387),#3390);
#3387 = B_SPLINE_CURVE_WITH_KNOTS('',1,(#3388,#3389),.UNSPECIFIED.,.F.,
  .F.,(2,2),(0.,0.31286893008),.PIECEWISE_BEZIER_KNOTS.);
#3388 = CARTESIAN_POINT('',(0.,1.));
#3389 = CARTESIAN_POINT('',(0.500590288129,1.));
#3390 = ( GEOMETRIC_REPRESENTATION_CONTEXT(2) 
PARAMETRIC_REPRESENTATION_CONTEXT() REPRESENTATION_CONTEXT('2D SPACE',''
  ) );
#3391 = PCURVE('',#2870,#3392);
#3392 = DEFINITIONAL_REPRESENTATION('',(#3393),#3397);
#3393 = LINE('',#3394,#3395);
#3394 = CARTESIAN_POINT('',(14.754263920737,0.298558145735));
#3395 = VECTOR('',#3396,1.);
#3396 = DIRECTION('',(0.298979640206,-0.954259490255));
#3397 = ( GEOMETRIC_REPRESENTATION_CONTEXT(2) 
PARAMETRIC_REPRESENTATION_CONTEXT() REPRESENTATION_CONTEXT('2D SPACE',''
  ) );
#3398 = ADVANCED_FACE('',(#3399),#1089,.F.);
#3399 = FACE_BOUND('',#3400,.F.);
#3400 = EDGE_LOOP('',(#3401,#3423,#3424,#3425));
#3401 = ORIENTED_EDGE('',*,*,#3402,.F.);
#3402 = EDGE_CURVE('',#1051,#3403,#3405,.T.);
#3403 = VERTEX_POINT('',#3404);
#3404 = CARTESIAN_POINT('',(-5.4,-0.4,20.4));
#3405 = SURFACE_CURVE('',#3406,(#3409,#3416),.PCURVE_S1.);
#3406 = B_SPLINE_CURVE_WITH_KNOTS('',1,(#3407,#3408),.UNSPECIFIED.,.F.,
  .F.,(2,2),(0.,1.),.PIECEWISE_BEZIER_KNOTS.);
#3407 = CARTESIAN_POINT('',(-7.7,-1.6,14.9));
#3408 = CARTESIAN_POINT('',(-5.4,-0.4,20.4));
#3409 = PCURVE('',#1089,#3410);
#3410 = DEFINITIONAL_REPRESENTATION('',(#3411),#3415);
#3411 = LINE('',#3412,#3413);
#3412 = CARTESIAN_POINT('',(0.,0.));
#3413 = VECTOR('',#3414,1.);
#3414 = DIRECTION('',(0.,1.));
#3415 = ( GEOMETRIC_REPRESENTATION_CONTEXT(2) 
PARAMETRIC_REPRESENTATION_CONTEXT() REPRESENTATION_CONTEXT('2D SPACE',''
  ) );
#3416 = PCURVE('',#1064,#3417);
#3417 = DEFINITIONAL_REPRESENTATION('',(#3418),#3422);
#3418 = LINE('',#3419,#3420);
#3419 = CARTESIAN_POINT('',(12.2,0.));
#3420 = VECTOR('',#3421,1.);
#3421 = DIRECTION('',(0.,1.));
#3422 = ( GEOMETRIC_REPRESENTATION_CONTEXT(2) 
PARAMETRIC_REPRESENTATION_CONTEXT() REPRESENTATION_CONTEXT('2D SPACE',''
  ) );
#3423 = ORIENTED_EDGE('',*,*,#1075,.F.);
#3424 = ORIENTED_EDGE('',*,*,#3355,.T.);
#3425 = ORIENTED_EDGE('',*,*,#3426,.F.);
#3426 = EDGE_CURVE('',#3403,#3356,#3427,.T.);
#3427 = SURFACE_CURVE('',#3428,(#3432,#3438),.PCURVE_S1.);
#3428 = LINE('',#3429,#3430);
#3429 = CARTESIAN_POINT('',(-5.4,-0.4,20.4));
#3430 = VECTOR('',#3431,1.);
#3431 = DIRECTION('',(0.15643446504,-0.987688340595,0.));
#3432 = PCURVE('',#1089,#3433);
#3433 = DEFINITIONAL_REPRESENTATION('',(#3434),#3437);
#3434 = B_SPLINE_CURVE_WITH_KNOTS('',1,(#3435,#3436),.UNSPECIFIED.,.F.,
  .F.,(2,2),(0.,0.31286893008),.PIECEWISE_BEZIER_KNOTS.);
#3435 = CARTESIAN_POINT('',(0.,1.));
#3436 = CARTESIAN_POINT('',(0.500590288129,1.));
#3437 = ( GEOMETRIC_REPRESENTATION_CONTEXT(2) 
PARAMETRIC_REPRESENTATION_CONTEXT() REPRESENTATION_CONTEXT('2D SPACE',''
  ) );
#3438 = PCURVE('',#2870,#3439);
#3439 = DEFINITIONAL_REPRESENTATION('',(#3440),#3444);
#3440 = LINE('',#3441,#3442);
#3441 = CARTESIAN_POINT('',(14.5730411837,0.553597921046));
#3442 = VECTOR('',#3443,1.);
#3443 = DIRECTION('',(0.57922893459,-0.815164916648));
#3444 = ( GEOMETRIC_REPRESENTATION_CONTEXT(2) 
PARAMETRIC_REPRESENTATION_CONTEXT() REPRESENTATION_CONTEXT('2D SPACE',''
  ) );
#3445 = ADVANCED_FACE('',(#3446),#1064,.F.);
#3446 = FACE_BOUND('',#3447,.F.);
#3447 = EDGE_LOOP('',(#3448,#3470,#3471,#3472));
#3448 = ORIENTED_EDGE('',*,*,#3449,.F.);
#3449 = EDGE_CURVE('',#1026,#3450,#3452,.T.);
#3450 = VERTEX_POINT('',#3451);
#3451 = CARTESIAN_POINT('',(-5.4,9.4,20.4));
#3452 = SURFACE_CURVE('',#3453,(#3456,#3463),.PCURVE_S1.);
#3453 = B_SPLINE_CURVE_WITH_KNOTS('',1,(#3454,#3455),.UNSPECIFIED.,.F.,
  .F.,(2,2),(0.,1.),.PIECEWISE_BEZIER_KNOTS.);
#3454 = CARTESIAN_POINT('',(-7.7,10.6,14.9));
#3455 = CARTESIAN_POINT('',(-5.4,9.4,20.4));
#3456 = PCURVE('',#1064,#3457);
#3457 = DEFINITIONAL_REPRESENTATION('',(#3458),#3462);
#3458 = LINE('',#3459,#3460);
#3459 = CARTESIAN_POINT('',(0.,0.));
#3460 = VECTOR('',#3461,1.);
#3461 = DIRECTION('',(0.,1.));
#3462 = ( GEOMETRIC_REPRESENTATION_CONTEXT(2) 
PARAMETRIC_REPRESENTATION_CONTEXT() REPRESENTATION_CONTEXT('2D SPACE',''
  ) );
#3463 = PCURVE('',#1039,#3464);
#3464 = DEFINITIONAL_REPRESENTATION('',(#3465),#3469);
#3465 = LINE('',#3466,#3467);
#3466 = CARTESIAN_POINT('',(0.500590288129,0.));
#3467 = VECTOR('',#3468,1.);
#3468 = DIRECTION('',(0.,1.));
#3469 = ( GEOMETRIC_REPRESENTATION_CONTEXT(2) 
PARAMETRIC_REPRESENTATION_CONTEXT() REPRESENTATION_CONTEXT('2D SPACE',''
  ) );
#3470 = ORIENTED_EDGE('',*,*,#1050,.F.);
#3471 = ORIENTED_EDGE('',*,*,#3402,.T.);
#3472 = ORIENTED_EDGE('',*,*,#3473,.F.);
#3473 = EDGE_CURVE('',#3450,#3403,#3474,.T.);
#3474 = SURFACE_CURVE('',#3475,(#3479,#3485),.PCURVE_S1.);
#3475 = LINE('',#3476,#3477);
#3476 = CARTESIAN_POINT('',(-5.4,9.4,20.4));
#3477 = VECTOR('',#3478,1.);
#3478 = DIRECTION('',(0.,-1.,0.));
#3479 = PCURVE('',#1064,#3480);
#3480 = DEFINITIONAL_REPRESENTATION('',(#3481),#3484);
#3481 = B_SPLINE_CURVE_WITH_KNOTS('',1,(#3482,#3483),.UNSPECIFIED.,.F.,
  .F.,(2,2),(0.,9.8),.PIECEWISE_BEZIER_KNOTS.);
#3482 = CARTESIAN_POINT('',(0.,1.));
#3483 = CARTESIAN_POINT('',(12.2,1.));
#3484 = ( GEOMETRIC_REPRESENTATION_CONTEXT(2) 
PARAMETRIC_REPRESENTATION_CONTEXT() REPRESENTATION_CONTEXT('2D SPACE',''
  ) );
#3485 = PCURVE('',#2870,#3486);
#3486 = DEFINITIONAL_REPRESENTATION('',(#3487),#3491);
#3487 = LINE('',#3488,#3489);
#3488 = CARTESIAN_POINT('',(7.716789165428,7.555869571157));
#3489 = VECTOR('',#3490,1.);
#3490 = DIRECTION('',(0.699617552885,-0.714517515317));
#3491 = ( GEOMETRIC_REPRESENTATION_CONTEXT(2) 
PARAMETRIC_REPRESENTATION_CONTEXT() REPRESENTATION_CONTEXT('2D SPACE',''
  ) );
#3492 = ADVANCED_FACE('',(#3493),#1039,.F.);
#3493 = FACE_BOUND('',#3494,.F.);
#3494 = EDGE_LOOP('',(#3495,#3517,#3518,#3519));
#3495 = ORIENTED_EDGE('',*,*,#3496,.F.);
#3496 = EDGE_CURVE('',#1001,#3497,#3499,.T.);
#3497 = VERTEX_POINT('',#3498);
#3498 = CARTESIAN_POINT('',(-5.351056516295,9.709016994375,20.4));
#3499 = SURFACE_CURVE('',#3500,(#3503,#3510),.PCURVE_S1.);
#3500 = B_SPLINE_CURVE_WITH_KNOTS('',1,(#3501,#3502),.UNSPECIFIED.,.F.,
  .F.,(2,2),(0.,1.),.PIECEWISE_BEZIER_KNOTS.);
#3501 = CARTESIAN_POINT('',(-7.621690426072,11.094427191,14.9));
#3502 = CARTESIAN_POINT('',(-5.351056516295,9.709016994375,20.4));
#3503 = PCURVE('',#1039,#3504);
#3504 = DEFINITIONAL_REPRESENTATION('',(#3505),#3509);
#3505 = LINE('',#3506,#3507);
#3506 = CARTESIAN_POINT('',(0.,0.));
#3507 = VECTOR('',#3508,1.);
#3508 = DIRECTION('',(0.,1.));
#3509 = ( GEOMETRIC_REPRESENTATION_CONTEXT(2) 
PARAMETRIC_REPRESENTATION_CONTEXT() REPRESENTATION_CONTEXT('2D SPACE',''
  ) );
#3510 = PCURVE('',#1014,#3511);
#3511 = DEFINITIONAL_REPRESENTATION('',(#3512),#3516);
#3512 = LINE('',#3513,#3514);
#3513 = CARTESIAN_POINT('',(0.500590288129,0.));
#3514 = VECTOR('',#3515,1.);
#3515 = DIRECTION('',(0.,1.));
#3516 = ( GEOMETRIC_REPRESENTATION_CONTEXT(2) 
PARAMETRIC_REPRESENTATION_CONTEXT() REPRESENTATION_CONTEXT('2D SPACE',''
  ) );
#3517 = ORIENTED_EDGE('',*,*,#1025,.F.);
#3518 = ORIENTED_EDGE('',*,*,#3449,.T.);
#3519 = ORIENTED_EDGE('',*,*,#3520,.F.);
#3520 = EDGE_CURVE('',#3497,#3450,#3521,.T.);
#3521 = SURFACE_CURVE('',#3522,(#3526,#3532),.PCURVE_S1.);
#3522 = LINE('',#3523,#3524);
#3523 = CARTESIAN_POINT('',(-5.351056516295,9.709016994375,20.4));
#3524 = VECTOR('',#3525,1.);
#3525 = DIRECTION('',(-0.15643446504,-0.987688340595,0.));
#3526 = PCURVE('',#1039,#3527);
#3527 = DEFINITIONAL_REPRESENTATION('',(#3528),#3531);
#3528 = B_SPLINE_CURVE_WITH_KNOTS('',1,(#3529,#3530),.UNSPECIFIED.,.F.,
  .F.,(2,2),(0.,0.31286893008),.PIECEWISE_BEZIER_KNOTS.);
#3529 = CARTESIAN_POINT('',(0.,1.));
#3530 = CARTESIAN_POINT('',(0.500590288129,1.));
#3531 = ( GEOMETRIC_REPRESENTATION_CONTEXT(2) 
PARAMETRIC_REPRESENTATION_CONTEXT() REPRESENTATION_CONTEXT('2D SPACE',''
  ) );
#3532 = PCURVE('',#2870,#3533);
#3533 = DEFINITIONAL_REPRESENTATION('',(#3534),#3538);
#3534 = LINE('',#3535,#3536);
#3535 = CARTESIAN_POINT('',(7.465624475656,7.742425905869));
#3536 = VECTOR('',#3537,1.);
#3537 = DIRECTION('',(0.802779265131,-0.596276321412));
#3538 = ( GEOMETRIC_REPRESENTATION_CONTEXT(2) 
PARAMETRIC_REPRESENTATION_CONTEXT() REPRESENTATION_CONTEXT('2D SPACE',''
  ) );
#3539 = ADVANCED_FACE('',(#3540),#1014,.F.);
#3540 = FACE_BOUND('',#3541,.F.);
#3541 = EDGE_LOOP('',(#3542,#3564,#3565,#3566));
#3542 = ORIENTED_EDGE('',*,*,#3543,.F.);
#3543 = EDGE_CURVE('',#976,#3544,#3546,.T.);
#3544 = VERTEX_POINT('',#3545);
#3545 = CARTESIAN_POINT('',(-5.209016994375,9.987785252292,20.4));
#3546 = SURFACE_CURVE('',#3547,(#3550,#3557),.PCURVE_S1.);
#3547 = B_SPLINE_CURVE_WITH_KNOTS('',1,(#3548,#3549),.UNSPECIFIED.,.F.,
  .F.,(2,2),(0.,1.),.PIECEWISE_BEZIER_KNOTS.);
#3548 = CARTESIAN_POINT('',(-7.394427191,11.540456403668,14.9));
#3549 = CARTESIAN_POINT('',(-5.209016994375,9.987785252292,20.4));
#3550 = PCURVE('',#1014,#3551);
#3551 = DEFINITIONAL_REPRESENTATION('',(#3552),#3556);
#3552 = LINE('',#3553,#3554);
#3553 = CARTESIAN_POINT('',(0.,0.));
#3554 = VECTOR('',#3555,1.);
#3555 = DIRECTION('',(0.,1.));
#3556 = ( GEOMETRIC_REPRESENTATION_CONTEXT(2) 
PARAMETRIC_REPRESENTATION_CONTEXT() REPRESENTATION_CONTEXT('2D SPACE',''
  ) );
#3557 = PCURVE('',#989,#3558);
#3558 = DEFINITIONAL_REPRESENTATION('',(#3559),#3563);
#3559 = LINE('',#3560,#3561);
#3560 = CARTESIAN_POINT('',(0.500590288129,0.));
#3561 = VECTOR('',#3562,1.);
#3562 = DIRECTION('',(0.,1.));
#3563 = ( GEOMETRIC_REPRESENTATION_CONTEXT(2) 
PARAMETRIC_REPRESENTATION_CONTEXT() REPRESENTATION_CONTEXT('2D SPACE',''
  ) );
#3564 = ORIENTED_EDGE('',*,*,#1000,.F.);
#3565 = ORIENTED_EDGE('',*,*,#3496,.T.);
#3566 = ORIENTED_EDGE('',*,*,#3567,.F.);
#3567 = EDGE_CURVE('',#3544,#3497,#3568,.T.);
#3568 = SURFACE_CURVE('',#3569,(#3573,#3579),.PCURVE_S1.);
#3569 = LINE('',#3570,#3571);
#3570 = CARTESIAN_POINT('',(-5.209016994375,9.987785252292,20.4));
#3571 = VECTOR('',#3572,1.);
#3572 = DIRECTION('',(-0.45399049974,-0.891006524188,0.));
#3573 = PCURVE('',#1014,#3574);
#3574 = DEFINITIONAL_REPRESENTATION('',(#3575),#3578);
#3575 = B_SPLINE_CURVE_WITH_KNOTS('',1,(#3576,#3577),.UNSPECIFIED.,.F.,
  .F.,(2,2),(0.,0.31286893008),.PIECEWISE_BEZIER_KNOTS.);
#3576 = CARTESIAN_POINT('',(0.,1.));
#3577 = CARTESIAN_POINT('',(0.500590288129,1.));
#3578 = ( GEOMETRIC_REPRESENTATION_CONTEXT(2) 
PARAMETRIC_REPRESENTATION_CONTEXT() REPRESENTATION_CONTEXT('2D SPACE',''
  ) );
#3579 = PCURVE('',#2870,#3580);
#3580 = DEFINITIONAL_REPRESENTATION('',(#3581),#3585);
#3581 = LINE('',#3582,#3583);
#3582 = CARTESIAN_POINT('',(7.16910358295,7.842237366127));
#3583 = VECTOR('',#3584,1.);
#3584 = DIRECTION('',(0.947747967909,-0.319020045334));
#3585 = ( GEOMETRIC_REPRESENTATION_CONTEXT(2) 
PARAMETRIC_REPRESENTATION_CONTEXT() REPRESENTATION_CONTEXT('2D SPACE',''
  ) );
#3586 = ADVANCED_FACE('',(#3587),#989,.F.);
#3587 = FACE_BOUND('',#3588,.F.);
#3588 = EDGE_LOOP('',(#3589,#3611,#3612,#3613));
#3589 = ORIENTED_EDGE('',*,*,#3590,.F.);
#3590 = EDGE_CURVE('',#951,#3591,#3593,.T.);
#3591 = VERTEX_POINT('',#3592);
#3592 = CARTESIAN_POINT('',(-4.987785252292,10.209016994375,20.4));
#3593 = SURFACE_CURVE('',#3594,(#3597,#3604),.PCURVE_S1.);
#3594 = B_SPLINE_CURVE_WITH_KNOTS('',1,(#3595,#3596),.UNSPECIFIED.,.F.,
  .F.,(2,2),(0.,1.),.PIECEWISE_BEZIER_KNOTS.);
#3595 = CARTESIAN_POINT('',(-7.040456403668,11.894427191,14.9));
#3596 = CARTESIAN_POINT('',(-4.987785252292,10.209016994375,20.4));
#3597 = PCURVE('',#989,#3598);
#3598 = DEFINITIONAL_REPRESENTATION('',(#3599),#3603);
#3599 = LINE('',#3600,#3601);
#3600 = CARTESIAN_POINT('',(0.,0.));
#3601 = VECTOR('',#3602,1.);
#3602 = DIRECTION('',(0.,1.));
#3603 = ( GEOMETRIC_REPRESENTATION_CONTEXT(2) 
PARAMETRIC_REPRESENTATION_CONTEXT() REPRESENTATION_CONTEXT('2D SPACE',''
  ) );
#3604 = PCURVE('',#964,#3605);
#3605 = DEFINITIONAL_REPRESENTATION('',(#3606),#3610);
#3606 = LINE('',#3607,#3608);
#3607 = CARTESIAN_POINT('',(0.500590288129,0.));
#3608 = VECTOR('',#3609,1.);
#3609 = DIRECTION('',(0.,1.));
#3610 = ( GEOMETRIC_REPRESENTATION_CONTEXT(2) 
PARAMETRIC_REPRESENTATION_CONTEXT() REPRESENTATION_CONTEXT('2D SPACE',''
  ) );
#3611 = ORIENTED_EDGE('',*,*,#975,.F.);
#3612 = ORIENTED_EDGE('',*,*,#3543,.T.);
#3613 = ORIENTED_EDGE('',*,*,#3614,.F.);
#3614 = EDGE_CURVE('',#3591,#3544,#3615,.T.);
#3615 = SURFACE_CURVE('',#3616,(#3620,#3626),.PCURVE_S1.);
#3616 = LINE('',#3617,#3618);
#3617 = CARTESIAN_POINT('',(-4.987785252292,10.209016994375,20.4));
#3618 = VECTOR('',#3619,1.);
#3619 = DIRECTION('',(-0.707106781187,-0.707106781187,0.));
#3620 = PCURVE('',#989,#3621);
#3621 = DEFINITIONAL_REPRESENTATION('',(#3622),#3625);
#3622 = B_SPLINE_CURVE_WITH_KNOTS('',1,(#3623,#3624),.UNSPECIFIED.,.F.,
  .F.,(2,2),(0.,0.31286893008),.PIECEWISE_BEZIER_KNOTS.);
#3623 = CARTESIAN_POINT('',(0.,1.));
#3624 = CARTESIAN_POINT('',(0.500590288129,1.));
#3625 = ( GEOMETRIC_REPRESENTATION_CONTEXT(2) 
PARAMETRIC_REPRESENTATION_CONTEXT() REPRESENTATION_CONTEXT('2D SPACE',''
  ) );
#3626 = PCURVE('',#2870,#3627);
#3627 = DEFINITIONAL_REPRESENTATION('',(#3628),#3632);
#3628 = LINE('',#3629,#3630);
#3629 = CARTESIAN_POINT('',(6.856252018272,7.845533710773));
#3630 = VECTOR('',#3631,1.);
#3631 = DIRECTION('',(0.99994449624,-1.053586447546E-02));
#3632 = ( GEOMETRIC_REPRESENTATION_CONTEXT(2) 
PARAMETRIC_REPRESENTATION_CONTEXT() REPRESENTATION_CONTEXT('2D SPACE',''
  ) );
#3633 = ADVANCED_FACE('',(#3634),#964,.F.);
#3634 = FACE_BOUND('',#3635,.F.);
#3635 = EDGE_LOOP('',(#3636,#3658,#3659,#3660));
#3636 = ORIENTED_EDGE('',*,*,#3637,.F.);
#3637 = EDGE_CURVE('',#926,#3638,#3640,.T.);
#3638 = VERTEX_POINT('',#3639);
#3639 = CARTESIAN_POINT('',(-4.709016994375,10.351056516295,20.4));
#3640 = SURFACE_CURVE('',#3641,(#3644,#3651),.PCURVE_S1.);
#3641 = B_SPLINE_CURVE_WITH_KNOTS('',1,(#3642,#3643),.UNSPECIFIED.,.F.,
  .F.,(2,2),(0.,1.),.PIECEWISE_BEZIER_KNOTS.);
#3642 = CARTESIAN_POINT('',(-6.594427191,12.121690426072,14.9));
#3643 = CARTESIAN_POINT('',(-4.709016994375,10.351056516295,20.4));
#3644 = PCURVE('',#964,#3645);
#3645 = DEFINITIONAL_REPRESENTATION('',(#3646),#3650);
#3646 = LINE('',#3647,#3648);
#3647 = CARTESIAN_POINT('',(0.,0.));
#3648 = VECTOR('',#3649,1.);
#3649 = DIRECTION('',(0.,1.));
#3650 = ( GEOMETRIC_REPRESENTATION_CONTEXT(2) 
PARAMETRIC_REPRESENTATION_CONTEXT() REPRESENTATION_CONTEXT('2D SPACE',''
  ) );
#3651 = PCURVE('',#939,#3652);
#3652 = DEFINITIONAL_REPRESENTATION('',(#3653),#3657);
#3653 = LINE('',#3654,#3655);
#3654 = CARTESIAN_POINT('',(0.500590288129,0.));
#3655 = VECTOR('',#3656,1.);
#3656 = DIRECTION('',(0.,1.));
#3657 = ( GEOMETRIC_REPRESENTATION_CONTEXT(2) 
PARAMETRIC_REPRESENTATION_CONTEXT() REPRESENTATION_CONTEXT('2D SPACE',''
  ) );
#3658 = ORIENTED_EDGE('',*,*,#950,.F.);
#3659 = ORIENTED_EDGE('',*,*,#3590,.T.);
#3660 = ORIENTED_EDGE('',*,*,#3661,.F.);
#3661 = EDGE_CURVE('',#3638,#3591,#3662,.T.);
#3662 = SURFACE_CURVE('',#3663,(#3667,#3673),.PCURVE_S1.);
#3663 = LINE('',#3664,#3665);
#3664 = CARTESIAN_POINT('',(-4.709016994375,10.351056516295,20.4));
#3665 = VECTOR('',#3666,1.);
#3666 = DIRECTION('',(-0.891006524188,-0.45399049974,0.));
#3667 = PCURVE('',#964,#3668);
#3668 = DEFINITIONAL_REPRESENTATION('',(#3669),#3672);
#3669 = B_SPLINE_CURVE_WITH_KNOTS('',1,(#3670,#3671),.UNSPECIFIED.,.F.,
  .F.,(2,2),(0.,0.31286893008),.PIECEWISE_BEZIER_KNOTS.);
#3670 = CARTESIAN_POINT('',(0.,1.));
#3671 = CARTESIAN_POINT('',(0.500590288129,1.));
#3672 = ( GEOMETRIC_REPRESENTATION_CONTEXT(2) 
PARAMETRIC_REPRESENTATION_CONTEXT() REPRESENTATION_CONTEXT('2D SPACE',''
  ) );
#3673 = PCURVE('',#2870,#3674);
#3674 = DEFINITIONAL_REPRESENTATION('',(#3675),#3679);
#3675 = LINE('',#3676,#3677);
#3676 = CARTESIAN_POINT('',(6.557693872537,7.751992270626));
#3677 = VECTOR('',#3678,1.);
#3678 = DIRECTION('',(0.954259490255,0.298979640206));
#3679 = ( GEOMETRIC_REPRESENTATION_CONTEXT(2) 
PARAMETRIC_REPRESENTATION_CONTEXT() REPRESENTATION_CONTEXT('2D SPACE',''
  ) );
#3680 = ADVANCED_FACE('',(#3681),#939,.F.);
#3681 = FACE_BOUND('',#3682,.F.);
#3682 = EDGE_LOOP('',(#3683,#3705,#3706,#3707));
#3683 = ORIENTED_EDGE('',*,*,#3684,.F.);
#3684 = EDGE_CURVE('',#901,#3685,#3687,.T.);
#3685 = VERTEX_POINT('',#3686);
#3686 = CARTESIAN_POINT('',(-4.4,10.4,20.4));
#3687 = SURFACE_CURVE('',#3688,(#3691,#3698),.PCURVE_S1.);
#3688 = B_SPLINE_CURVE_WITH_KNOTS('',1,(#3689,#3690),.UNSPECIFIED.,.F.,
  .F.,(2,2),(0.,1.),.PIECEWISE_BEZIER_KNOTS.);
#3689 = CARTESIAN_POINT('',(-6.1,12.2,14.9));
#3690 = CARTESIAN_POINT('',(-4.4,10.4,20.4));
#3691 = PCURVE('',#939,#3692);
#3692 = DEFINITIONAL_REPRESENTATION('',(#3693),#3697);
#3693 = LINE('',#3694,#3695);
#3694 = CARTESIAN_POINT('',(0.,0.));
#3695 = VECTOR('',#3696,1.);
#3696 = DIRECTION('',(0.,1.));
#3697 = ( GEOMETRIC_REPRESENTATION_CONTEXT(2) 
PARAMETRIC_REPRESENTATION_CONTEXT() REPRESENTATION_CONTEXT('2D SPACE',''
  ) );
#3698 = PCURVE('',#914,#3699);
#3699 = DEFINITIONAL_REPRESENTATION('',(#3700),#3704);
#3700 = LINE('',#3701,#3702);
#3701 = CARTESIAN_POINT('',(12.2,0.));
#3702 = VECTOR('',#3703,1.);
#3703 = DIRECTION('',(0.,1.));
#3704 = ( GEOMETRIC_REPRESENTATION_CONTEXT(2) 
PARAMETRIC_REPRESENTATION_CONTEXT() REPRESENTATION_CONTEXT('2D SPACE',''
  ) );
#3705 = ORIENTED_EDGE('',*,*,#925,.F.);
#3706 = ORIENTED_EDGE('',*,*,#3637,.T.);
#3707 = ORIENTED_EDGE('',*,*,#3708,.F.);
#3708 = EDGE_CURVE('',#3685,#3638,#3709,.T.);
#3709 = SURFACE_CURVE('',#3710,(#3714,#3720),.PCURVE_S1.);
#3710 = LINE('',#3711,#3712);
#3711 = CARTESIAN_POINT('',(-4.4,10.4,20.4));
#3712 = VECTOR('',#3713,1.);
#3713 = DIRECTION('',(-0.987688340595,-0.15643446504,0.));
#3714 = PCURVE('',#939,#3715);
#3715 = DEFINITIONAL_REPRESENTATION('',(#3716),#3719);
#3716 = B_SPLINE_CURVE_WITH_KNOTS('',1,(#3717,#3718),.UNSPECIFIED.,.F.,
  .F.,(2,2),(0.,0.31286893008),.PIECEWISE_BEZIER_KNOTS.);
#3717 = CARTESIAN_POINT('',(0.,1.));
#3718 = CARTESIAN_POINT('',(0.500590288129,1.));
#3719 = ( GEOMETRIC_REPRESENTATION_CONTEXT(2) 
PARAMETRIC_REPRESENTATION_CONTEXT() REPRESENTATION_CONTEXT('2D SPACE',''
  ) );
#3720 = PCURVE('',#2870,#3721);
#3721 = DEFINITIONAL_REPRESENTATION('',(#3722),#3726);
#3722 = LINE('',#3723,#3724);
#3723 = CARTESIAN_POINT('',(6.302654097226,7.570769533589));
#3724 = VECTOR('',#3725,1.);
#3725 = DIRECTION('',(0.815164916648,0.57922893459));
#3726 = ( GEOMETRIC_REPRESENTATION_CONTEXT(2) 
PARAMETRIC_REPRESENTATION_CONTEXT() REPRESENTATION_CONTEXT('2D SPACE',''
  ) );
#3727 = ADVANCED_FACE('',(#3728),#914,.F.);
#3728 = FACE_BOUND('',#3729,.F.);
#3729 = EDGE_LOOP('',(#3730,#3752,#3753,#3754));
#3730 = ORIENTED_EDGE('',*,*,#3731,.F.);
#3731 = EDGE_CURVE('',#876,#3732,#3734,.T.);
#3732 = VERTEX_POINT('',#3733);
#3733 = CARTESIAN_POINT('',(4.4,10.4,20.4));
#3734 = SURFACE_CURVE('',#3735,(#3738,#3745),.PCURVE_S1.);
#3735 = B_SPLINE_CURVE_WITH_KNOTS('',1,(#3736,#3737),.UNSPECIFIED.,.F.,
  .F.,(2,2),(0.,1.),.PIECEWISE_BEZIER_KNOTS.);
#3736 = CARTESIAN_POINT('',(6.1,12.2,14.9));
#3737 = CARTESIAN_POINT('',(4.4,10.4,20.4));
#3738 = PCURVE('',#914,#3739);
#3739 = DEFINITIONAL_REPRESENTATION('',(#3740),#3744);
#3740 = LINE('',#3741,#3742);
#3741 = CARTESIAN_POINT('',(0.,0.));
#3742 = VECTOR('',#3743,1.);
#3743 = DIRECTION('',(0.,1.));
#3744 = ( GEOMETRIC_REPRESENTATION_CONTEXT(2) 
PARAMETRIC_REPRESENTATION_CONTEXT() REPRESENTATION_CONTEXT('2D SPACE',''
  ) );
#3745 = PCURVE('',#889,#3746);
#3746 = DEFINITIONAL_REPRESENTATION('',(#3747),#3751);
#3747 = LINE('',#3748,#3749);
#3748 = CARTESIAN_POINT('',(0.500590288129,0.));
#3749 = VECTOR('',#3750,1.);
#3750 = DIRECTION('',(0.,1.));
#3751 = ( GEOMETRIC_REPRESENTATION_CONTEXT(2) 
PARAMETRIC_REPRESENTATION_CONTEXT() REPRESENTATION_CONTEXT('2D SPACE',''
  ) );
#3752 = ORIENTED_EDGE('',*,*,#900,.F.);
#3753 = ORIENTED_EDGE('',*,*,#3684,.T.);
#3754 = ORIENTED_EDGE('',*,*,#3755,.F.);
#3755 = EDGE_CURVE('',#3732,#3685,#3756,.T.);
#3756 = SURFACE_CURVE('',#3757,(#3761,#3767),.PCURVE_S1.);
#3757 = LINE('',#3758,#3759);
#3758 = CARTESIAN_POINT('',(4.4,10.4,20.4));
#3759 = VECTOR('',#3760,1.);
#3760 = DIRECTION('',(-1.,0.,0.));
#3761 = PCURVE('',#914,#3762);
#3762 = DEFINITIONAL_REPRESENTATION('',(#3763),#3766);
#3763 = B_SPLINE_CURVE_WITH_KNOTS('',1,(#3764,#3765),.UNSPECIFIED.,.F.,
  .F.,(2,2),(0.,8.8),.PIECEWISE_BEZIER_KNOTS.);
#3764 = CARTESIAN_POINT('',(0.,1.));
#3765 = CARTESIAN_POINT('',(12.2,1.));
#3766 = ( GEOMETRIC_REPRESENTATION_CONTEXT(2) 
PARAMETRIC_REPRESENTATION_CONTEXT() REPRESENTATION_CONTEXT('2D SPACE',''
  ) );
#3767 = PCURVE('',#2870,#3768);
#3768 = DEFINITIONAL_REPRESENTATION('',(#3769),#3773);
#3769 = LINE('',#3770,#3771);
#3770 = CARTESIAN_POINT('',(1.489996243252E-02,1.414135068202));
#3771 = VECTOR('',#3772,1.);
#3772 = DIRECTION('',(0.714517515317,0.699617552885));
#3773 = ( GEOMETRIC_REPRESENTATION_CONTEXT(2) 
PARAMETRIC_REPRESENTATION_CONTEXT() REPRESENTATION_CONTEXT('2D SPACE',''
  ) );
#3774 = ADVANCED_FACE('',(#3775),#889,.F.);
#3775 = FACE_BOUND('',#3776,.F.);
#3776 = EDGE_LOOP('',(#3777,#3799,#3800,#3801));
#3777 = ORIENTED_EDGE('',*,*,#3778,.F.);
#3778 = EDGE_CURVE('',#851,#3779,#3781,.T.);
#3779 = VERTEX_POINT('',#3780);
#3780 = CARTESIAN_POINT('',(4.709016994375,10.351056516295,20.4));
#3781 = SURFACE_CURVE('',#3782,(#3785,#3792),.PCURVE_S1.);
#3782 = B_SPLINE_CURVE_WITH_KNOTS('',1,(#3783,#3784),.UNSPECIFIED.,.F.,
  .F.,(2,2),(0.,1.),.PIECEWISE_BEZIER_KNOTS.);
#3783 = CARTESIAN_POINT('',(6.594427191,12.121690426072,14.9));
#3784 = CARTESIAN_POINT('',(4.709016994375,10.351056516295,20.4));
#3785 = PCURVE('',#889,#3786);
#3786 = DEFINITIONAL_REPRESENTATION('',(#3787),#3791);
#3787 = LINE('',#3788,#3789);
#3788 = CARTESIAN_POINT('',(0.,0.));
#3789 = VECTOR('',#3790,1.);
#3790 = DIRECTION('',(0.,1.));
#3791 = ( GEOMETRIC_REPRESENTATION_CONTEXT(2) 
PARAMETRIC_REPRESENTATION_CONTEXT() REPRESENTATION_CONTEXT('2D SPACE',''
  ) );
#3792 = PCURVE('',#864,#3793);
#3793 = DEFINITIONAL_REPRESENTATION('',(#3794),#3798);
#3794 = LINE('',#3795,#3796);
#3795 = CARTESIAN_POINT('',(0.500590288129,0.));
#3796 = VECTOR('',#3797,1.);
#3797 = DIRECTION('',(0.,1.));
#3798 = ( GEOMETRIC_REPRESENTATION_CONTEXT(2) 
PARAMETRIC_REPRESENTATION_CONTEXT() REPRESENTATION_CONTEXT('2D SPACE',''
  ) );
#3799 = ORIENTED_EDGE('',*,*,#875,.F.);
#3800 = ORIENTED_EDGE('',*,*,#3731,.T.);
#3801 = ORIENTED_EDGE('',*,*,#3802,.F.);
#3802 = EDGE_CURVE('',#3779,#3732,#3803,.T.);
#3803 = SURFACE_CURVE('',#3804,(#3808,#3814),.PCURVE_S1.);
#3804 = LINE('',#3805,#3806);
#3805 = CARTESIAN_POINT('',(4.709016994375,10.351056516295,20.4));
#3806 = VECTOR('',#3807,1.);
#3807 = DIRECTION('',(-0.987688340595,0.15643446504,0.));
#3808 = PCURVE('',#889,#3809);
#3809 = DEFINITIONAL_REPRESENTATION('',(#3810),#3813);
#3810 = B_SPLINE_CURVE_WITH_KNOTS('',1,(#3811,#3812),.UNSPECIFIED.,.F.,
  .F.,(2,2),(0.,0.31286893008),.PIECEWISE_BEZIER_KNOTS.);
#3811 = CARTESIAN_POINT('',(0.,1.));
#3812 = CARTESIAN_POINT('',(0.500590288129,1.));
#3813 = ( GEOMETRIC_REPRESENTATION_CONTEXT(2) 
PARAMETRIC_REPRESENTATION_CONTEXT() REPRESENTATION_CONTEXT('2D SPACE',''
  ) );
#3814 = PCURVE('',#2870,#3815);
#3815 = DEFINITIONAL_REPRESENTATION('',(#3816),#3820);
#3816 = LINE('',#3817,#3818);
#3817 = CARTESIAN_POINT('',(-0.17165637228,1.16297037843));
#3818 = VECTOR('',#3819,1.);
#3819 = DIRECTION('',(0.596276321412,0.802779265131));
#3820 = ( GEOMETRIC_REPRESENTATION_CONTEXT(2) 
PARAMETRIC_REPRESENTATION_CONTEXT() REPRESENTATION_CONTEXT('2D SPACE',''
  ) );
#3821 = ADVANCED_FACE('',(#3822),#864,.F.);
#3822 = FACE_BOUND('',#3823,.F.);
#3823 = EDGE_LOOP('',(#3824,#3846,#3847,#3848));
#3824 = ORIENTED_EDGE('',*,*,#3825,.F.);
#3825 = EDGE_CURVE('',#826,#3826,#3828,.T.);
#3826 = VERTEX_POINT('',#3827);
#3827 = CARTESIAN_POINT('',(4.987785252292,10.209016994375,20.4));
#3828 = SURFACE_CURVE('',#3829,(#3832,#3839),.PCURVE_S1.);
#3829 = B_SPLINE_CURVE_WITH_KNOTS('',1,(#3830,#3831),.UNSPECIFIED.,.F.,
  .F.,(2,2),(0.,1.),.PIECEWISE_BEZIER_KNOTS.);
#3830 = CARTESIAN_POINT('',(7.040456403668,11.894427191,14.9));
#3831 = CARTESIAN_POINT('',(4.987785252292,10.209016994375,20.4));
#3832 = PCURVE('',#864,#3833);
#3833 = DEFINITIONAL_REPRESENTATION('',(#3834),#3838);
#3834 = LINE('',#3835,#3836);
#3835 = CARTESIAN_POINT('',(0.,0.));
#3836 = VECTOR('',#3837,1.);
#3837 = DIRECTION('',(0.,1.));
#3838 = ( GEOMETRIC_REPRESENTATION_CONTEXT(2) 
PARAMETRIC_REPRESENTATION_CONTEXT() REPRESENTATION_CONTEXT('2D SPACE',''
  ) );
#3839 = PCURVE('',#839,#3840);
#3840 = DEFINITIONAL_REPRESENTATION('',(#3841),#3845);
#3841 = LINE('',#3842,#3843);
#3842 = CARTESIAN_POINT('',(0.500590288129,0.));
#3843 = VECTOR('',#3844,1.);
#3844 = DIRECTION('',(0.,1.));
#3845 = ( GEOMETRIC_REPRESENTATION_CONTEXT(2) 
PARAMETRIC_REPRESENTATION_CONTEXT() REPRESENTATION_CONTEXT('2D SPACE',''
  ) );
#3846 = ORIENTED_EDGE('',*,*,#850,.F.);
#3847 = ORIENTED_EDGE('',*,*,#3778,.T.);
#3848 = ORIENTED_EDGE('',*,*,#3849,.F.);
#3849 = EDGE_CURVE('',#3826,#3779,#3850,.T.);
#3850 = SURFACE_CURVE('',#3851,(#3855,#3861),.PCURVE_S1.);
#3851 = LINE('',#3852,#3853);
#3852 = CARTESIAN_POINT('',(4.987785252292,10.209016994375,20.4));
#3853 = VECTOR('',#3854,1.);
#3854 = DIRECTION('',(-0.891006524188,0.45399049974,0.));
#3855 = PCURVE('',#864,#3856);
#3856 = DEFINITIONAL_REPRESENTATION('',(#3857),#3860);
#3857 = B_SPLINE_CURVE_WITH_KNOTS('',1,(#3858,#3859),.UNSPECIFIED.,.F.,
  .F.,(2,2),(0.,0.31286893008),.PIECEWISE_BEZIER_KNOTS.);
#3858 = CARTESIAN_POINT('',(0.,1.));
#3859 = CARTESIAN_POINT('',(0.500590288129,1.));
#3860 = ( GEOMETRIC_REPRESENTATION_CONTEXT(2) 
PARAMETRIC_REPRESENTATION_CONTEXT() REPRESENTATION_CONTEXT('2D SPACE',''
  ) );
#3861 = PCURVE('',#2870,#3862);
#3862 = DEFINITIONAL_REPRESENTATION('',(#3863),#3867);
#3863 = LINE('',#3864,#3865);
#3864 = CARTESIAN_POINT('',(-0.271467832538,0.866449485725));
#3865 = VECTOR('',#3866,1.);
#3866 = DIRECTION('',(0.319020045334,0.947747967909));
#3867 = ( GEOMETRIC_REPRESENTATION_CONTEXT(2) 
PARAMETRIC_REPRESENTATION_CONTEXT() REPRESENTATION_CONTEXT('2D SPACE',''
  ) );
#3868 = ADVANCED_FACE('',(#3869),#839,.F.);
#3869 = FACE_BOUND('',#3870,.F.);
#3870 = EDGE_LOOP('',(#3871,#3893,#3894,#3895));
#3871 = ORIENTED_EDGE('',*,*,#3872,.F.);
#3872 = EDGE_CURVE('',#801,#3873,#3875,.T.);
#3873 = VERTEX_POINT('',#3874);
#3874 = CARTESIAN_POINT('',(5.209016994375,9.987785252292,20.4));
#3875 = SURFACE_CURVE('',#3876,(#3879,#3886),.PCURVE_S1.);
#3876 = B_SPLINE_CURVE_WITH_KNOTS('',1,(#3877,#3878),.UNSPECIFIED.,.F.,
  .F.,(2,2),(0.,1.),.PIECEWISE_BEZIER_KNOTS.);
#3877 = CARTESIAN_POINT('',(7.394427191,11.540456403668,14.9));
#3878 = CARTESIAN_POINT('',(5.209016994375,9.987785252292,20.4));
#3879 = PCURVE('',#839,#3880);
#3880 = DEFINITIONAL_REPRESENTATION('',(#3881),#3885);
#3881 = LINE('',#3882,#3883);
#3882 = CARTESIAN_POINT('',(0.,0.));
#3883 = VECTOR('',#3884,1.);
#3884 = DIRECTION('',(0.,1.));
#3885 = ( GEOMETRIC_REPRESENTATION_CONTEXT(2) 
PARAMETRIC_REPRESENTATION_CONTEXT() REPRESENTATION_CONTEXT('2D SPACE',''
  ) );
#3886 = PCURVE('',#814,#3887);
#3887 = DEFINITIONAL_REPRESENTATION('',(#3888),#3892);
#3888 = LINE('',#3889,#3890);
#3889 = CARTESIAN_POINT('',(0.500590288129,0.));
#3890 = VECTOR('',#3891,1.);
#3891 = DIRECTION('',(0.,1.));
#3892 = ( GEOMETRIC_REPRESENTATION_CONTEXT(2) 
PARAMETRIC_REPRESENTATION_CONTEXT() REPRESENTATION_CONTEXT('2D SPACE',''
  ) );
#3893 = ORIENTED_EDGE('',*,*,#825,.F.);
#3894 = ORIENTED_EDGE('',*,*,#3825,.T.);
#3895 = ORIENTED_EDGE('',*,*,#3896,.F.);
#3896 = EDGE_CURVE('',#3873,#3826,#3897,.T.);
#3897 = SURFACE_CURVE('',#3898,(#3902,#3908),.PCURVE_S1.);
#3898 = LINE('',#3899,#3900);
#3899 = CARTESIAN_POINT('',(5.209016994375,9.987785252292,20.4));
#3900 = VECTOR('',#3901,1.);
#3901 = DIRECTION('',(-0.707106781187,0.707106781187,0.));
#3902 = PCURVE('',#839,#3903);
#3903 = DEFINITIONAL_REPRESENTATION('',(#3904),#3907);
#3904 = B_SPLINE_CURVE_WITH_KNOTS('',1,(#3905,#3906),.UNSPECIFIED.,.F.,
  .F.,(2,2),(0.,0.31286893008),.PIECEWISE_BEZIER_KNOTS.);
#3905 = CARTESIAN_POINT('',(0.,1.));
#3906 = CARTESIAN_POINT('',(0.500590288129,1.));
#3907 = ( GEOMETRIC_REPRESENTATION_CONTEXT(2) 
PARAMETRIC_REPRESENTATION_CONTEXT() REPRESENTATION_CONTEXT('2D SPACE',''
  ) );
#3908 = PCURVE('',#2870,#3909);
#3909 = DEFINITIONAL_REPRESENTATION('',(#3910),#3914);
#3910 = LINE('',#3911,#3912);
#3911 = CARTESIAN_POINT('',(-0.274764177184,0.553597921046));
#3912 = VECTOR('',#3913,1.);
#3913 = DIRECTION('',(1.053586447546E-02,0.99994449624));
#3914 = ( GEOMETRIC_REPRESENTATION_CONTEXT(2) 
PARAMETRIC_REPRESENTATION_CONTEXT() REPRESENTATION_CONTEXT('2D SPACE',''
  ) );
#3915 = ADVANCED_FACE('',(#3916),#814,.F.);
#3916 = FACE_BOUND('',#3917,.F.);
#3917 = EDGE_LOOP('',(#3918,#3919,#3920,#3921));
#3918 = ORIENTED_EDGE('',*,*,#2835,.F.);
#3919 = ORIENTED_EDGE('',*,*,#800,.F.);
#3920 = ORIENTED_EDGE('',*,*,#3872,.T.);
#3921 = ORIENTED_EDGE('',*,*,#3922,.F.);
#3922 = EDGE_CURVE('',#2836,#3873,#3923,.T.);
#3923 = SURFACE_CURVE('',#3924,(#3928,#3934),.PCURVE_S1.);
#3924 = LINE('',#3925,#3926);
#3925 = CARTESIAN_POINT('',(5.351056516295,9.709016994375,20.4));
#3926 = VECTOR('',#3927,1.);
#3927 = DIRECTION('',(-0.45399049974,0.891006524188,0.));
#3928 = PCURVE('',#814,#3929);
#3929 = DEFINITIONAL_REPRESENTATION('',(#3930),#3933);
#3930 = B_SPLINE_CURVE_WITH_KNOTS('',1,(#3931,#3932),.UNSPECIFIED.,.F.,
  .F.,(2,2),(0.,0.31286893008),.PIECEWISE_BEZIER_KNOTS.);
#3931 = CARTESIAN_POINT('',(0.,1.));
#3932 = CARTESIAN_POINT('',(0.500590288129,1.));
#3933 = ( GEOMETRIC_REPRESENTATION_CONTEXT(2) 
PARAMETRIC_REPRESENTATION_CONTEXT() REPRESENTATION_CONTEXT('2D SPACE',''
  ) );
#3934 = PCURVE('',#2870,#3935);
#3935 = DEFINITIONAL_REPRESENTATION('',(#3936),#3940);
#3936 = LINE('',#3937,#3938);
#3937 = CARTESIAN_POINT('',(-0.181222737037,0.255039775311));
#3938 = VECTOR('',#3939,1.);
#3939 = DIRECTION('',(-0.298979640206,0.954259490255));
#3940 = ( GEOMETRIC_REPRESENTATION_CONTEXT(2) 
PARAMETRIC_REPRESENTATION_CONTEXT() REPRESENTATION_CONTEXT('2D SPACE',''
  ) );
#3941 = ADVANCED_FACE('',(#3942),#1467,.F.);
#3942 = FACE_BOUND('',#3943,.F.);
#3943 = EDGE_LOOP('',(#3944,#3945,#3969,#3970,#3971,#3997,#3998,#4024,
    #4025,#4051,#4052));
#3944 = ORIENTED_EDGE('',*,*,#1594,.T.);
#3945 = ORIENTED_EDGE('',*,*,#3946,.F.);
#3946 = EDGE_CURVE('',#3947,#1595,#3949,.T.);
#3947 = VERTEX_POINT('',#3948);
#3948 = CARTESIAN_POINT('',(3.184081677783E-15,4.5,23.25));
#3949 = SEAM_CURVE('',#3950,(#3955,#3962),.PCURVE_S1.);
#3950 = CIRCLE('',#3951,52.);
#3951 = AXIS2_PLACEMENT_3D('',#3952,#3953,#3954);
#3952 = CARTESIAN_POINT('',(0.,4.5,75.25));
#3953 = DIRECTION('',(-2.449293598295E-16,-1.,0.));
#3954 = DIRECTION('',(1.,-2.449293598295E-16,0.));
#3955 = PCURVE('',#1467,#3956);
#3956 = DEFINITIONAL_REPRESENTATION('',(#3957),#3961);
#3957 = LINE('',#3958,#3959);
#3958 = CARTESIAN_POINT('',(6.28318530718,-6.28318530718));
#3959 = VECTOR('',#3960,1.);
#3960 = DIRECTION('',(0.,1.));
#3961 = ( GEOMETRIC_REPRESENTATION_CONTEXT(2) 
PARAMETRIC_REPRESENTATION_CONTEXT() REPRESENTATION_CONTEXT('2D SPACE',''
  ) );
#3962 = PCURVE('',#1467,#3963);
#3963 = DEFINITIONAL_REPRESENTATION('',(#3964),#3968);
#3964 = LINE('',#3965,#3966);
#3965 = CARTESIAN_POINT('',(0.,-6.28318530718));
#3966 = VECTOR('',#3967,1.);
#3967 = DIRECTION('',(0.,1.));
#3968 = ( GEOMETRIC_REPRESENTATION_CONTEXT(2) 
PARAMETRIC_REPRESENTATION_CONTEXT() REPRESENTATION_CONTEXT('2D SPACE',''
  ) );
#3969 = ORIENTED_EDGE('',*,*,#3946,.T.);
#3970 = ORIENTED_EDGE('',*,*,#1632,.T.);
#3971 = ORIENTED_EDGE('',*,*,#3972,.F.);
#3972 = EDGE_CURVE('',#2186,#1633,#3973,.T.);
#3973 = SURFACE_CURVE('',#3974,(#3979,#3986),.PCURVE_S1.);
#3974 = CIRCLE('',#3975,7.543043152468);
#3975 = AXIS2_PLACEMENT_3D('',#3976,#3977,#3978);
#3976 = CARTESIAN_POINT('',(0.,4.5,23.8));
#3977 = DIRECTION('',(0.,0.,1.));
#3978 = DIRECTION('',(1.,0.,-0.));
#3979 = PCURVE('',#1467,#3980);
#3980 = DEFINITIONAL_REPRESENTATION('',(#3981),#3985);
#3981 = LINE('',#3982,#3983);
#3982 = CARTESIAN_POINT('',(0.,-1.425224206783));
#3983 = VECTOR('',#3984,1.);
#3984 = DIRECTION('',(1.,0.));
#3985 = ( GEOMETRIC_REPRESENTATION_CONTEXT(2) 
PARAMETRIC_REPRESENTATION_CONTEXT() REPRESENTATION_CONTEXT('2D SPACE',''
  ) );
#3986 = PCURVE('',#1683,#3987);
#3987 = DEFINITIONAL_REPRESENTATION('',(#3988),#3996);
#3988 = ( BOUNDED_CURVE() B_SPLINE_CURVE(2,(#3989,#3990,#3991,#3992,
#3993,#3994,#3995),.UNSPECIFIED.,.T.,.F.) B_SPLINE_CURVE_WITH_KNOTS((1,2
    ,2,2,2,1),(-2.094395102393,0.,2.094395102393,4.188790204786,
6.28318530718,8.377580409573),.UNSPECIFIED.) CURVE() 
GEOMETRIC_REPRESENTATION_ITEM() RATIONAL_B_SPLINE_CURVE((1.,0.5,1.,0.5,
1.,0.5,1.)) REPRESENTATION_ITEM('') );
#3989 = CARTESIAN_POINT('',(3.41611802307,-4.901986132158));
#3990 = CARTESIAN_POINT('',(-5.65187774284,4.503541646198));
#3991 = CARTESIAN_POINT('',(7.027546132171,7.653892451708));
#3992 = CARTESIAN_POINT('',(19.706970007183,10.804243257218));
#3993 = CARTESIAN_POINT('',(16.095541898082,-1.751635326648));
#3994 = CARTESIAN_POINT('',(12.484113788981,-14.30751391051));
#3995 = CARTESIAN_POINT('',(3.41611802307,-4.901986132158));
#3996 = ( GEOMETRIC_REPRESENTATION_CONTEXT(2) 
PARAMETRIC_REPRESENTATION_CONTEXT() REPRESENTATION_CONTEXT('2D SPACE',''
  ) );
#3997 = ORIENTED_EDGE('',*,*,#2207,.T.);
#3998 = ORIENTED_EDGE('',*,*,#3999,.F.);
#3999 = EDGE_CURVE('',#2686,#2208,#4000,.T.);
#4000 = SURFACE_CURVE('',#4001,(#4006,#4013),.PCURVE_S1.);
#4001 = CIRCLE('',#4002,7.543043152468);
#4002 = AXIS2_PLACEMENT_3D('',#4003,#4004,#4005);
#4003 = CARTESIAN_POINT('',(0.,4.5,23.8));
#4004 = DIRECTION('',(0.,0.,1.));
#4005 = DIRECTION('',(1.,0.,-0.));
#4006 = PCURVE('',#1467,#4007);
#4007 = DEFINITIONAL_REPRESENTATION('',(#4008),#4012);
#4008 = LINE('',#4009,#4010);
#4009 = CARTESIAN_POINT('',(0.,-1.425224206783));
#4010 = VECTOR('',#4011,1.);
#4011 = DIRECTION('',(1.,0.));
#4012 = ( GEOMETRIC_REPRESENTATION_CONTEXT(2) 
PARAMETRIC_REPRESENTATION_CONTEXT() REPRESENTATION_CONTEXT('2D SPACE',''
  ) );
#4013 = PCURVE('',#2270,#4014);
#4014 = DEFINITIONAL_REPRESENTATION('',(#4015),#4023);
#4015 = ( BOUNDED_CURVE() B_SPLINE_CURVE(2,(#4016,#4017,#4018,#4019,
#4020,#4021,#4022),.UNSPECIFIED.,.T.,.F.) B_SPLINE_CURVE_WITH_KNOTS((1,2
    ,2,2,2,1),(-2.094395102393,0.,2.094395102393,4.188790204786,
6.28318530718,8.377580409573),.UNSPECIFIED.) CURVE() 
GEOMETRIC_REPRESENTATION_ITEM() RATIONAL_B_SPLINE_CURVE((1.,0.5,1.,0.5,
1.,0.5,1.)) REPRESENTATION_ITEM('') );
#4016 = CARTESIAN_POINT('',(3.41611802307,-4.901986132158));
#4017 = CARTESIAN_POINT('',(-5.65187774284,4.503541646198));
#4018 = CARTESIAN_POINT('',(7.027546132171,7.653892451708));
#4019 = CARTESIAN_POINT('',(19.706970007183,10.804243257218));
#4020 = CARTESIAN_POINT('',(16.095541898082,-1.751635326648));
#4021 = CARTESIAN_POINT('',(12.484113788981,-14.30751391051));
#4022 = CARTESIAN_POINT('',(3.41611802307,-4.901986132158));
#4023 = ( GEOMETRIC_REPRESENTATION_CONTEXT(2) 
PARAMETRIC_REPRESENTATION_CONTEXT() REPRESENTATION_CONTEXT('2D SPACE',''
  ) );
#4024 = ORIENTED_EDGE('',*,*,#2707,.T.);
#4025 = ORIENTED_EDGE('',*,*,#4026,.F.);
#4026 = EDGE_CURVE('',#1989,#2708,#4027,.T.);
#4027 = SURFACE_CURVE('',#4028,(#4033,#4040),.PCURVE_S1.);
#4028 = CIRCLE('',#4029,7.543043152468);
#4029 = AXIS2_PLACEMENT_3D('',#4030,#4031,#4032);
#4030 = CARTESIAN_POINT('',(0.,4.5,23.8));
#4031 = DIRECTION('',(0.,0.,1.));
#4032 = DIRECTION('',(1.,0.,-0.));
#4033 = PCURVE('',#1467,#4034);
#4034 = DEFINITIONAL_REPRESENTATION('',(#4035),#4039);
#4035 = LINE('',#4036,#4037);
#4036 = CARTESIAN_POINT('',(0.,-1.425224206783));
#4037 = VECTOR('',#4038,1.);
#4038 = DIRECTION('',(1.,0.));
#4039 = ( GEOMETRIC_REPRESENTATION_CONTEXT(2) 
PARAMETRIC_REPRESENTATION_CONTEXT() REPRESENTATION_CONTEXT('2D SPACE',''
  ) );
#4040 = PCURVE('',#2003,#4041);
#4041 = DEFINITIONAL_REPRESENTATION('',(#4042),#4050);
#4042 = ( BOUNDED_CURVE() B_SPLINE_CURVE(2,(#4043,#4044,#4045,#4046,
#4047,#4048,#4049),.UNSPECIFIED.,.T.,.F.) B_SPLINE_CURVE_WITH_KNOTS((1,2
    ,2,2,2,1),(-2.094395102393,0.,2.094395102393,4.188790204786,
6.28318530718,8.377580409573),.UNSPECIFIED.) CURVE() 
GEOMETRIC_REPRESENTATION_ITEM() RATIONAL_B_SPLINE_CURVE((1.,0.5,1.,0.5,
1.,0.5,1.)) REPRESENTATION_ITEM('') );
#4043 = CARTESIAN_POINT('',(3.41611802307,-4.901986132158));
#4044 = CARTESIAN_POINT('',(-5.65187774284,4.503541646198));
#4045 = CARTESIAN_POINT('',(7.027546132171,7.653892451708));
#4046 = CARTESIAN_POINT('',(19.706970007183,10.804243257218));
#4047 = CARTESIAN_POINT('',(16.095541898082,-1.751635326648));
#4048 = CARTESIAN_POINT('',(12.484113788981,-14.30751391051));
#4049 = CARTESIAN_POINT('',(3.41611802307,-4.901986132158));
#4050 = ( GEOMETRIC_REPRESENTATION_CONTEXT(2) 
PARAMETRIC_REPRESENTATION_CONTEXT() REPRESENTATION_CONTEXT('2D SPACE',''
  ) );
#4051 = ORIENTED_EDGE('',*,*,#2015,.T.);
#4052 = ORIENTED_EDGE('',*,*,#1446,.F.);
#4053 = ADVANCED_FACE('',(#4054),#1683,.F.);
#4054 = FACE_BOUND('',#4055,.F.);
#4055 = EDGE_LOOP('',(#4056,#4057,#4058,#4059,#4060,#4061,#4062,#4063));
#4056 = ORIENTED_EDGE('',*,*,#3972,.T.);
#4057 = ORIENTED_EDGE('',*,*,#1670,.F.);
#4058 = ORIENTED_EDGE('',*,*,#1700,.F.);
#4059 = ORIENTED_EDGE('',*,*,#1773,.F.);
#4060 = ORIENTED_EDGE('',*,*,#1846,.F.);
#4061 = ORIENTED_EDGE('',*,*,#1919,.F.);
#4062 = ORIENTED_EDGE('',*,*,#2069,.F.);
#4063 = ORIENTED_EDGE('',*,*,#2185,.F.);
#4064 = ADVANCED_FACE('',(#4065),#2003,.F.);
#4065 = FACE_BOUND('',#4066,.F.);
#4066 = EDGE_LOOP('',(#4067,#4068,#4069,#4070,#4071,#4072,#4073,#4074));
#4067 = ORIENTED_EDGE('',*,*,#1988,.F.);
#4068 = ORIENTED_EDGE('',*,*,#4026,.T.);
#4069 = ORIENTED_EDGE('',*,*,#2763,.F.);
#4070 = ORIENTED_EDGE('',*,*,#2590,.F.);
#4071 = ORIENTED_EDGE('',*,*,#2496,.F.);
#4072 = ORIENTED_EDGE('',*,*,#2402,.F.);
#4073 = ORIENTED_EDGE('',*,*,#2308,.F.);
#4074 = ORIENTED_EDGE('',*,*,#2137,.F.);
#4075 = ADVANCED_FACE('',(#4076),#2270,.F.);
#4076 = FACE_BOUND('',#4077,.F.);
#4077 = EDGE_LOOP('',(#4078,#4079,#4080,#4081,#4082,#4083,#4084,#4085));
#4078 = ORIENTED_EDGE('',*,*,#3999,.T.);
#4079 = ORIENTED_EDGE('',*,*,#2257,.F.);
#4080 = ORIENTED_EDGE('',*,*,#2334,.F.);
#4081 = ORIENTED_EDGE('',*,*,#2428,.F.);
#4082 = ORIENTED_EDGE('',*,*,#2522,.F.);
#4083 = ORIENTED_EDGE('',*,*,#2616,.F.);
#4084 = ORIENTED_EDGE('',*,*,#2788,.F.);
#4085 = ORIENTED_EDGE('',*,*,#2685,.F.);
#4086 = ADVANCED_FACE('',(#4087,#4113),#2870,.T.);
#4087 = FACE_BOUND('',#4088,.T.);
#4088 = EDGE_LOOP('',(#4089,#4090,#4091,#4092,#4093,#4094,#4095,#4096,
    #4097,#4098,#4099,#4100,#4101,#4102,#4103,#4104,#4105,#4106,#4107,
    #4108,#4109,#4110,#4111,#4112));
#4089 = ORIENTED_EDGE('',*,*,#2857,.F.);
#4090 = ORIENTED_EDGE('',*,*,#2909,.F.);
#4091 = ORIENTED_EDGE('',*,*,#2956,.F.);
#4092 = ORIENTED_EDGE('',*,*,#3003,.F.);
#4093 = ORIENTED_EDGE('',*,*,#3050,.F.);
#4094 = ORIENTED_EDGE('',*,*,#3097,.F.);
#4095 = ORIENTED_EDGE('',*,*,#3144,.F.);
#4096 = ORIENTED_EDGE('',*,*,#3191,.F.);
#4097 = ORIENTED_EDGE('',*,*,#3238,.F.);
#4098 = ORIENTED_EDGE('',*,*,#3285,.F.);
#4099 = ORIENTED_EDGE('',*,*,#3332,.F.);
#4100 = ORIENTED_EDGE('',*,*,#3379,.F.);
#4101 = ORIENTED_EDGE('',*,*,#3426,.F.);
#4102 = ORIENTED_EDGE('',*,*,#3473,.F.);
#4103 = ORIENTED_EDGE('',*,*,#3520,.F.);
#4104 = ORIENTED_EDGE('',*,*,#3567,.F.);
#4105 = ORIENTED_EDGE('',*,*,#3614,.F.);
#4106 = ORIENTED_EDGE('',*,*,#3661,.F.);
#4107 = ORIENTED_EDGE('',*,*,#3708,.F.);
#4108 = ORIENTED_EDGE('',*,*,#3755,.F.);
#4109 = ORIENTED_EDGE('',*,*,#3802,.F.);
#4110 = ORIENTED_EDGE('',*,*,#3849,.F.);
#4111 = ORIENTED_EDGE('',*,*,#3896,.F.);
#4112 = ORIENTED_EDGE('',*,*,#3922,.F.);
#4113 = FACE_BOUND('',#4114,.T.);
#4114 = EDGE_LOOP('',(#4115));
#4115 = ORIENTED_EDGE('',*,*,#4116,.F.);
#4116 = EDGE_CURVE('',#4117,#4117,#4119,.T.);
#4117 = VERTEX_POINT('',#4118);
#4118 = CARTESIAN_POINT('',(2.9,4.5,20.4));
#4119 = SURFACE_CURVE('',#4120,(#4125,#4132),.PCURVE_S1.);
#4120 = CIRCLE('',#4121,2.9);
#4121 = AXIS2_PLACEMENT_3D('',#4122,#4123,#4124);
#4122 = CARTESIAN_POINT('',(0.,4.5,20.4));
#4123 = DIRECTION('',(0.,0.,-1.));
#4124 = DIRECTION('',(1.,0.,0.));
#4125 = PCURVE('',#2870,#4126);
#4126 = DEFINITIONAL_REPRESENTATION('',(#4127),#4131);
#4127 = CIRCLE('',#4128,2.9);
#4128 = AXIS2_PLACEMENT_2D('',#4129,#4130);
#4129 = CARTESIAN_POINT('',(7.28652059185,0.276798960523));
#4130 = DIRECTION('',(-0.714517515317,-0.699617552885));
#4131 = ( GEOMETRIC_REPRESENTATION_CONTEXT(2) 
PARAMETRIC_REPRESENTATION_CONTEXT() REPRESENTATION_CONTEXT('2D SPACE',''
  ) );
#4132 = PCURVE('',#4133,#4138);
#4133 = CYLINDRICAL_SURFACE('',#4134,2.9);
#4134 = AXIS2_PLACEMENT_3D('',#4135,#4136,#4137);
#4135 = CARTESIAN_POINT('',(0.,4.5,15.));
#4136 = DIRECTION('',(-0.,-0.,-1.));
#4137 = DIRECTION('',(1.,0.,0.));
#4138 = DEFINITIONAL_REPRESENTATION('',(#4139),#4143);
#4139 = LINE('',#4140,#4141);
#4140 = CARTESIAN_POINT('',(-6.28318530718,-5.4));
#4141 = VECTOR('',#4142,1.);
#4142 = DIRECTION('',(1.,-0.));
#4143 = ( GEOMETRIC_REPRESENTATION_CONTEXT(2) 
PARAMETRIC_REPRESENTATION_CONTEXT() REPRESENTATION_CONTEXT('2D SPACE',''
  ) );
#4144 = ADVANCED_FACE('',(#4145),#4133,.T.);
#4145 = FACE_BOUND('',#4146,.F.);
#4146 = EDGE_LOOP('',(#4147,#4176,#4197,#4198));
#4147 = ORIENTED_EDGE('',*,*,#4148,.F.);
#4148 = EDGE_CURVE('',#4149,#4149,#4151,.T.);
#4149 = VERTEX_POINT('',#4150);
#4150 = CARTESIAN_POINT('',(2.9,4.5,15.));
#4151 = SURFACE_CURVE('',#4152,(#4157,#4164),.PCURVE_S1.);
#4152 = CIRCLE('',#4153,2.9);
#4153 = AXIS2_PLACEMENT_3D('',#4154,#4155,#4156);
#4154 = CARTESIAN_POINT('',(0.,4.5,15.));
#4155 = DIRECTION('',(0.,0.,1.));
#4156 = DIRECTION('',(1.,0.,0.));
#4157 = PCURVE('',#4133,#4158);
#4158 = DEFINITIONAL_REPRESENTATION('',(#4159),#4163);
#4159 = LINE('',#4160,#4161);
#4160 = CARTESIAN_POINT('',(-0.,0.));
#4161 = VECTOR('',#4162,1.);
#4162 = DIRECTION('',(-1.,0.));
#4163 = ( GEOMETRIC_REPRESENTATION_CONTEXT(2) 
PARAMETRIC_REPRESENTATION_CONTEXT() REPRESENTATION_CONTEXT('2D SPACE',''
  ) );
#4164 = PCURVE('',#4165,#4170);
#4165 = PLANE('',#4166);
#4166 = AXIS2_PLACEMENT_3D('',#4167,#4168,#4169);
#4167 = CARTESIAN_POINT('',(-1.768241550698E-16,4.5,15.));
#4168 = DIRECTION('',(0.,0.,1.));
#4169 = DIRECTION('',(1.,0.,-0.));
#4170 = DEFINITIONAL_REPRESENTATION('',(#4171),#4175);
#4171 = CIRCLE('',#4172,2.9);
#4172 = AXIS2_PLACEMENT_2D('',#4173,#4174);
#4173 = CARTESIAN_POINT('',(1.768241550698E-16,0.));
#4174 = DIRECTION('',(1.,0.));
#4175 = ( GEOMETRIC_REPRESENTATION_CONTEXT(2) 
PARAMETRIC_REPRESENTATION_CONTEXT() REPRESENTATION_CONTEXT('2D SPACE',''
  ) );
#4176 = ORIENTED_EDGE('',*,*,#4177,.T.);
#4177 = EDGE_CURVE('',#4149,#4117,#4178,.T.);
#4178 = SEAM_CURVE('',#4179,(#4183,#4190),.PCURVE_S1.);
#4179 = LINE('',#4180,#4181);
#4180 = CARTESIAN_POINT('',(2.9,4.5,15.));
#4181 = VECTOR('',#4182,1.);
#4182 = DIRECTION('',(0.,0.,1.));
#4183 = PCURVE('',#4133,#4184);
#4184 = DEFINITIONAL_REPRESENTATION('',(#4185),#4189);
#4185 = LINE('',#4186,#4187);
#4186 = CARTESIAN_POINT('',(-6.28318530718,0.));
#4187 = VECTOR('',#4188,1.);
#4188 = DIRECTION('',(-0.,-1.));
#4189 = ( GEOMETRIC_REPRESENTATION_CONTEXT(2) 
PARAMETRIC_REPRESENTATION_CONTEXT() REPRESENTATION_CONTEXT('2D SPACE',''
  ) );
#4190 = PCURVE('',#4133,#4191);
#4191 = DEFINITIONAL_REPRESENTATION('',(#4192),#4196);
#4192 = LINE('',#4193,#4194);
#4193 = CARTESIAN_POINT('',(-0.,0.));
#4194 = VECTOR('',#4195,1.);
#4195 = DIRECTION('',(-0.,-1.));
#4196 = ( GEOMETRIC_REPRESENTATION_CONTEXT(2) 
PARAMETRIC_REPRESENTATION_CONTEXT() REPRESENTATION_CONTEXT('2D SPACE',''
  ) );
#4197 = ORIENTED_EDGE('',*,*,#4116,.F.);
#4198 = ORIENTED_EDGE('',*,*,#4177,.F.);
#4199 = ADVANCED_FACE('',(#4200,#4203),#4165,.F.);
#4200 = FACE_BOUND('',#4201,.F.);
#4201 = EDGE_LOOP('',(#4202));
#4202 = ORIENTED_EDGE('',*,*,#4148,.T.);
#4203 = FACE_BOUND('',#4204,.F.);
#4204 = EDGE_LOOP('',(#4205,#4233,#4259,#4285,#4311,#4337,#4363,#4389,
    #4415,#4441,#4467,#4493));
#4205 = ORIENTED_EDGE('',*,*,#4206,.T.);
#4206 = EDGE_CURVE('',#4207,#4209,#4211,.T.);
#4207 = VERTEX_POINT('',#4208);
#4208 = CARTESIAN_POINT('',(-0.675,3.825,15.));
#4209 = VERTEX_POINT('',#4210);
#4210 = CARTESIAN_POINT('',(-2.125,3.825,15.));
#4211 = SURFACE_CURVE('',#4212,(#4216,#4222),.PCURVE_S1.);
#4212 = LINE('',#4213,#4214);
#4213 = CARTESIAN_POINT('',(-1.0625,3.825,15.));
#4214 = VECTOR('',#4215,1.);
#4215 = DIRECTION('',(-1.,0.,0.));
#4216 = PCURVE('',#4165,#4217);
#4217 = DEFINITIONAL_REPRESENTATION('',(#4218),#4221);
#4218 = B_SPLINE_CURVE_WITH_KNOTS('',1,(#4219,#4220),.UNSPECIFIED.,.F.,
  .F.,(2,2),(-0.3875,1.0625),.PIECEWISE_BEZIER_KNOTS.);
#4219 = CARTESIAN_POINT('',(-0.675,-0.675));
#4220 = CARTESIAN_POINT('',(-2.125,-0.675));
#4221 = ( GEOMETRIC_REPRESENTATION_CONTEXT(2) 
PARAMETRIC_REPRESENTATION_CONTEXT() REPRESENTATION_CONTEXT('2D SPACE',''
  ) );
#4222 = PCURVE('',#4223,#4228);
#4223 = PLANE('',#4224);
#4224 = AXIS2_PLACEMENT_3D('',#4225,#4226,#4227);
#4225 = CARTESIAN_POINT('',(-2.125,3.825,14.8));
#4226 = DIRECTION('',(0.,1.,0.));
#4227 = DIRECTION('',(0.,0.,1.));
#4228 = DEFINITIONAL_REPRESENTATION('',(#4229),#4232);
#4229 = B_SPLINE_CURVE_WITH_KNOTS('',1,(#4230,#4231),.UNSPECIFIED.,.F.,
  .F.,(2,2),(-0.3875,1.0625),.PIECEWISE_BEZIER_KNOTS.);
#4230 = CARTESIAN_POINT('',(0.2,1.45));
#4231 = CARTESIAN_POINT('',(0.2,0.));
#4232 = ( GEOMETRIC_REPRESENTATION_CONTEXT(2) 
PARAMETRIC_REPRESENTATION_CONTEXT() REPRESENTATION_CONTEXT('2D SPACE',''
  ) );
#4233 = ORIENTED_EDGE('',*,*,#4234,.T.);
#4234 = EDGE_CURVE('',#4209,#4235,#4237,.T.);
#4235 = VERTEX_POINT('',#4236);
#4236 = CARTESIAN_POINT('',(-2.125,5.175,15.));
#4237 = SURFACE_CURVE('',#4238,(#4242,#4248),.PCURVE_S1.);
#4238 = LINE('',#4239,#4240);
#4239 = CARTESIAN_POINT('',(-2.125,4.1625,15.));
#4240 = VECTOR('',#4241,1.);
#4241 = DIRECTION('',(0.,1.,0.));
#4242 = PCURVE('',#4165,#4243);
#4243 = DEFINITIONAL_REPRESENTATION('',(#4244),#4247);
#4244 = B_SPLINE_CURVE_WITH_KNOTS('',1,(#4245,#4246),.UNSPECIFIED.,.F.,
  .F.,(2,2),(-0.3375,1.0125),.PIECEWISE_BEZIER_KNOTS.);
#4245 = CARTESIAN_POINT('',(-2.125,-0.675));
#4246 = CARTESIAN_POINT('',(-2.125,0.675));
#4247 = ( GEOMETRIC_REPRESENTATION_CONTEXT(2) 
PARAMETRIC_REPRESENTATION_CONTEXT() REPRESENTATION_CONTEXT('2D SPACE',''
  ) );
#4248 = PCURVE('',#4249,#4254);
#4249 = PLANE('',#4250);
#4250 = AXIS2_PLACEMENT_3D('',#4251,#4252,#4253);
#4251 = CARTESIAN_POINT('',(-2.125,3.825,14.8));
#4252 = DIRECTION('',(1.,0.,0.));
#4253 = DIRECTION('',(0.,0.,1.));
#4254 = DEFINITIONAL_REPRESENTATION('',(#4255),#4258);
#4255 = B_SPLINE_CURVE_WITH_KNOTS('',1,(#4256,#4257),.UNSPECIFIED.,.F.,
  .F.,(2,2),(-0.3375,1.0125),.PIECEWISE_BEZIER_KNOTS.);
#4256 = CARTESIAN_POINT('',(0.2,0.));
#4257 = CARTESIAN_POINT('',(0.2,-1.35));
#4258 = ( GEOMETRIC_REPRESENTATION_CONTEXT(2) 
PARAMETRIC_REPRESENTATION_CONTEXT() REPRESENTATION_CONTEXT('2D SPACE',''
  ) );
#4259 = ORIENTED_EDGE('',*,*,#4260,.F.);
#4260 = EDGE_CURVE('',#4261,#4235,#4263,.T.);
#4261 = VERTEX_POINT('',#4262);
#4262 = CARTESIAN_POINT('',(-0.675,5.175,15.));
#4263 = SURFACE_CURVE('',#4264,(#4268,#4274),.PCURVE_S1.);
#4264 = LINE('',#4265,#4266);
#4265 = CARTESIAN_POINT('',(-1.0625,5.175,15.));
#4266 = VECTOR('',#4267,1.);
#4267 = DIRECTION('',(-1.,0.,0.));
#4268 = PCURVE('',#4165,#4269);
#4269 = DEFINITIONAL_REPRESENTATION('',(#4270),#4273);
#4270 = B_SPLINE_CURVE_WITH_KNOTS('',1,(#4271,#4272),.UNSPECIFIED.,.F.,
  .F.,(2,2),(-0.3875,1.0625),.PIECEWISE_BEZIER_KNOTS.);
#4271 = CARTESIAN_POINT('',(-0.675,0.675));
#4272 = CARTESIAN_POINT('',(-2.125,0.675));
#4273 = ( GEOMETRIC_REPRESENTATION_CONTEXT(2) 
PARAMETRIC_REPRESENTATION_CONTEXT() REPRESENTATION_CONTEXT('2D SPACE',''
  ) );
#4274 = PCURVE('',#4275,#4280);
#4275 = PLANE('',#4276);
#4276 = AXIS2_PLACEMENT_3D('',#4277,#4278,#4279);
#4277 = CARTESIAN_POINT('',(-2.125,5.175,14.8));
#4278 = DIRECTION('',(0.,1.,0.));
#4279 = DIRECTION('',(0.,0.,1.));
#4280 = DEFINITIONAL_REPRESENTATION('',(#4281),#4284);
#4281 = B_SPLINE_CURVE_WITH_KNOTS('',1,(#4282,#4283),.UNSPECIFIED.,.F.,
  .F.,(2,2),(-0.3875,1.0625),.PIECEWISE_BEZIER_KNOTS.);
#4282 = CARTESIAN_POINT('',(0.2,1.45));
#4283 = CARTESIAN_POINT('',(0.2,0.));
#4284 = ( GEOMETRIC_REPRESENTATION_CONTEXT(2) 
PARAMETRIC_REPRESENTATION_CONTEXT() REPRESENTATION_CONTEXT('2D SPACE',''
  ) );
#4285 = ORIENTED_EDGE('',*,*,#4286,.T.);
#4286 = EDGE_CURVE('',#4261,#4287,#4289,.T.);
#4287 = VERTEX_POINT('',#4288);
#4288 = CARTESIAN_POINT('',(-0.675,6.625,15.));
#4289 = SURFACE_CURVE('',#4290,(#4294,#4300),.PCURVE_S1.);
#4290 = LINE('',#4291,#4292);
#4291 = CARTESIAN_POINT('',(-0.675,3.4375,15.));
#4292 = VECTOR('',#4293,1.);
#4293 = DIRECTION('',(0.,1.,0.));
#4294 = PCURVE('',#4165,#4295);
#4295 = DEFINITIONAL_REPRESENTATION('',(#4296),#4299);
#4296 = B_SPLINE_CURVE_WITH_KNOTS('',1,(#4297,#4298),.UNSPECIFIED.,.F.,
  .F.,(2,2),(1.7375,3.1875),.PIECEWISE_BEZIER_KNOTS.);
#4297 = CARTESIAN_POINT('',(-0.675,0.675));
#4298 = CARTESIAN_POINT('',(-0.675,2.125));
#4299 = ( GEOMETRIC_REPRESENTATION_CONTEXT(2) 
PARAMETRIC_REPRESENTATION_CONTEXT() REPRESENTATION_CONTEXT('2D SPACE',''
  ) );
#4300 = PCURVE('',#4301,#4306);
#4301 = PLANE('',#4302);
#4302 = AXIS2_PLACEMENT_3D('',#4303,#4304,#4305);
#4303 = CARTESIAN_POINT('',(-0.675,2.375,14.8));
#4304 = DIRECTION('',(1.,0.,0.));
#4305 = DIRECTION('',(0.,0.,1.));
#4306 = DEFINITIONAL_REPRESENTATION('',(#4307),#4310);
#4307 = B_SPLINE_CURVE_WITH_KNOTS('',1,(#4308,#4309),.UNSPECIFIED.,.F.,
  .F.,(2,2),(1.7375,3.1875),.PIECEWISE_BEZIER_KNOTS.);
#4308 = CARTESIAN_POINT('',(0.2,-2.8));
#4309 = CARTESIAN_POINT('',(0.2,-4.25));
#4310 = ( GEOMETRIC_REPRESENTATION_CONTEXT(2) 
PARAMETRIC_REPRESENTATION_CONTEXT() REPRESENTATION_CONTEXT('2D SPACE',''
  ) );
#4311 = ORIENTED_EDGE('',*,*,#4312,.F.);
#4312 = EDGE_CURVE('',#4313,#4287,#4315,.T.);
#4313 = VERTEX_POINT('',#4314);
#4314 = CARTESIAN_POINT('',(0.675,6.625,15.));
#4315 = SURFACE_CURVE('',#4316,(#4320,#4326),.PCURVE_S1.);
#4316 = LINE('',#4317,#4318);
#4317 = CARTESIAN_POINT('',(-0.3375,6.625,15.));
#4318 = VECTOR('',#4319,1.);
#4319 = DIRECTION('',(-1.,0.,0.));
#4320 = PCURVE('',#4165,#4321);
#4321 = DEFINITIONAL_REPRESENTATION('',(#4322),#4325);
#4322 = B_SPLINE_CURVE_WITH_KNOTS('',1,(#4323,#4324),.UNSPECIFIED.,.F.,
  .F.,(2,2),(-1.0125,0.3375),.PIECEWISE_BEZIER_KNOTS.);
#4323 = CARTESIAN_POINT('',(0.675,2.125));
#4324 = CARTESIAN_POINT('',(-0.675,2.125));
#4325 = ( GEOMETRIC_REPRESENTATION_CONTEXT(2) 
PARAMETRIC_REPRESENTATION_CONTEXT() REPRESENTATION_CONTEXT('2D SPACE',''
  ) );
#4326 = PCURVE('',#4327,#4332);
#4327 = PLANE('',#4328);
#4328 = AXIS2_PLACEMENT_3D('',#4329,#4330,#4331);
#4329 = CARTESIAN_POINT('',(-0.675,6.625,14.8));
#4330 = DIRECTION('',(0.,1.,0.));
#4331 = DIRECTION('',(0.,0.,1.));
#4332 = DEFINITIONAL_REPRESENTATION('',(#4333),#4336);
#4333 = B_SPLINE_CURVE_WITH_KNOTS('',1,(#4334,#4335),.UNSPECIFIED.,.F.,
  .F.,(2,2),(-1.0125,0.3375),.PIECEWISE_BEZIER_KNOTS.);
#4334 = CARTESIAN_POINT('',(0.2,1.35));
#4335 = CARTESIAN_POINT('',(0.2,0.));
#4336 = ( GEOMETRIC_REPRESENTATION_CONTEXT(2) 
PARAMETRIC_REPRESENTATION_CONTEXT() REPRESENTATION_CONTEXT('2D SPACE',''
  ) );
#4337 = ORIENTED_EDGE('',*,*,#4338,.F.);
#4338 = EDGE_CURVE('',#4339,#4313,#4341,.T.);
#4339 = VERTEX_POINT('',#4340);
#4340 = CARTESIAN_POINT('',(0.675,5.175,15.));
#4341 = SURFACE_CURVE('',#4342,(#4346,#4352),.PCURVE_S1.);
#4342 = LINE('',#4343,#4344);
#4343 = CARTESIAN_POINT('',(0.675,3.4375,15.));
#4344 = VECTOR('',#4345,1.);
#4345 = DIRECTION('',(0.,1.,0.));
#4346 = PCURVE('',#4165,#4347);
#4347 = DEFINITIONAL_REPRESENTATION('',(#4348),#4351);
#4348 = B_SPLINE_CURVE_WITH_KNOTS('',1,(#4349,#4350),.UNSPECIFIED.,.F.,
  .F.,(2,2),(1.7375,3.1875),.PIECEWISE_BEZIER_KNOTS.);
#4349 = CARTESIAN_POINT('',(0.675,0.675));
#4350 = CARTESIAN_POINT('',(0.675,2.125));
#4351 = ( GEOMETRIC_REPRESENTATION_CONTEXT(2) 
PARAMETRIC_REPRESENTATION_CONTEXT() REPRESENTATION_CONTEXT('2D SPACE',''
  ) );
#4352 = PCURVE('',#4353,#4358);
#4353 = PLANE('',#4354);
#4354 = AXIS2_PLACEMENT_3D('',#4355,#4356,#4357);
#4355 = CARTESIAN_POINT('',(0.675,2.375,14.8));
#4356 = DIRECTION('',(1.,0.,0.));
#4357 = DIRECTION('',(0.,0.,1.));
#4358 = DEFINITIONAL_REPRESENTATION('',(#4359),#4362);
#4359 = B_SPLINE_CURVE_WITH_KNOTS('',1,(#4360,#4361),.UNSPECIFIED.,.F.,
  .F.,(2,2),(1.7375,3.1875),.PIECEWISE_BEZIER_KNOTS.);
#4360 = CARTESIAN_POINT('',(0.2,-2.8));
#4361 = CARTESIAN_POINT('',(0.2,-4.25));
#4362 = ( GEOMETRIC_REPRESENTATION_CONTEXT(2) 
PARAMETRIC_REPRESENTATION_CONTEXT() REPRESENTATION_CONTEXT('2D SPACE',''
  ) );
#4363 = ORIENTED_EDGE('',*,*,#4364,.F.);
#4364 = EDGE_CURVE('',#4365,#4339,#4367,.T.);
#4365 = VERTEX_POINT('',#4366);
#4366 = CARTESIAN_POINT('',(2.125,5.175,15.));
#4367 = SURFACE_CURVE('',#4368,(#4372,#4378),.PCURVE_S1.);
#4368 = LINE('',#4369,#4370);
#4369 = CARTESIAN_POINT('',(-1.0625,5.175,15.));
#4370 = VECTOR('',#4371,1.);
#4371 = DIRECTION('',(-1.,0.,0.));
#4372 = PCURVE('',#4165,#4373);
#4373 = DEFINITIONAL_REPRESENTATION('',(#4374),#4377);
#4374 = B_SPLINE_CURVE_WITH_KNOTS('',1,(#4375,#4376),.UNSPECIFIED.,.F.,
  .F.,(2,2),(-3.1875,-1.7375),.PIECEWISE_BEZIER_KNOTS.);
#4375 = CARTESIAN_POINT('',(2.125,0.675));
#4376 = CARTESIAN_POINT('',(0.675,0.675));
#4377 = ( GEOMETRIC_REPRESENTATION_CONTEXT(2) 
PARAMETRIC_REPRESENTATION_CONTEXT() REPRESENTATION_CONTEXT('2D SPACE',''
  ) );
#4378 = PCURVE('',#4379,#4384);
#4379 = PLANE('',#4380);
#4380 = AXIS2_PLACEMENT_3D('',#4381,#4382,#4383);
#4381 = CARTESIAN_POINT('',(-2.125,5.175,14.8));
#4382 = DIRECTION('',(0.,1.,0.));
#4383 = DIRECTION('',(0.,0.,1.));
#4384 = DEFINITIONAL_REPRESENTATION('',(#4385),#4388);
#4385 = B_SPLINE_CURVE_WITH_KNOTS('',1,(#4386,#4387),.UNSPECIFIED.,.F.,
  .F.,(2,2),(-3.1875,-1.7375),.PIECEWISE_BEZIER_KNOTS.);
#4386 = CARTESIAN_POINT('',(0.2,4.25));
#4387 = CARTESIAN_POINT('',(0.2,2.8));
#4388 = ( GEOMETRIC_REPRESENTATION_CONTEXT(2) 
PARAMETRIC_REPRESENTATION_CONTEXT() REPRESENTATION_CONTEXT('2D SPACE',''
  ) );
#4389 = ORIENTED_EDGE('',*,*,#4390,.F.);
#4390 = EDGE_CURVE('',#4391,#4365,#4393,.T.);
#4391 = VERTEX_POINT('',#4392);
#4392 = CARTESIAN_POINT('',(2.125,3.825,15.));
#4393 = SURFACE_CURVE('',#4394,(#4398,#4404),.PCURVE_S1.);
#4394 = LINE('',#4395,#4396);
#4395 = CARTESIAN_POINT('',(2.125,4.1625,15.));
#4396 = VECTOR('',#4397,1.);
#4397 = DIRECTION('',(0.,1.,0.));
#4398 = PCURVE('',#4165,#4399);
#4399 = DEFINITIONAL_REPRESENTATION('',(#4400),#4403);
#4400 = B_SPLINE_CURVE_WITH_KNOTS('',1,(#4401,#4402),.UNSPECIFIED.,.F.,
  .F.,(2,2),(-0.3375,1.0125),.PIECEWISE_BEZIER_KNOTS.);
#4401 = CARTESIAN_POINT('',(2.125,-0.675));
#4402 = CARTESIAN_POINT('',(2.125,0.675));
#4403 = ( GEOMETRIC_REPRESENTATION_CONTEXT(2) 
PARAMETRIC_REPRESENTATION_CONTEXT() REPRESENTATION_CONTEXT('2D SPACE',''
  ) );
#4404 = PCURVE('',#4405,#4410);
#4405 = PLANE('',#4406);
#4406 = AXIS2_PLACEMENT_3D('',#4407,#4408,#4409);
#4407 = CARTESIAN_POINT('',(2.125,3.825,14.8));
#4408 = DIRECTION('',(1.,0.,0.));
#4409 = DIRECTION('',(0.,0.,1.));
#4410 = DEFINITIONAL_REPRESENTATION('',(#4411),#4414);
#4411 = B_SPLINE_CURVE_WITH_KNOTS('',1,(#4412,#4413),.UNSPECIFIED.,.F.,
  .F.,(2,2),(-0.3375,1.0125),.PIECEWISE_BEZIER_KNOTS.);
#4412 = CARTESIAN_POINT('',(0.2,0.));
#4413 = CARTESIAN_POINT('',(0.2,-1.35));
#4414 = ( GEOMETRIC_REPRESENTATION_CONTEXT(2) 
PARAMETRIC_REPRESENTATION_CONTEXT() REPRESENTATION_CONTEXT('2D SPACE',''
  ) );
#4415 = ORIENTED_EDGE('',*,*,#4416,.T.);
#4416 = EDGE_CURVE('',#4391,#4417,#4419,.T.);
#4417 = VERTEX_POINT('',#4418);
#4418 = CARTESIAN_POINT('',(0.675,3.825,15.));
#4419 = SURFACE_CURVE('',#4420,(#4424,#4430),.PCURVE_S1.);
#4420 = LINE('',#4421,#4422);
#4421 = CARTESIAN_POINT('',(-1.0625,3.825,15.));
#4422 = VECTOR('',#4423,1.);
#4423 = DIRECTION('',(-1.,0.,0.));
#4424 = PCURVE('',#4165,#4425);
#4425 = DEFINITIONAL_REPRESENTATION('',(#4426),#4429);
#4426 = B_SPLINE_CURVE_WITH_KNOTS('',1,(#4427,#4428),.UNSPECIFIED.,.F.,
  .F.,(2,2),(-3.1875,-1.7375),.PIECEWISE_BEZIER_KNOTS.);
#4427 = CARTESIAN_POINT('',(2.125,-0.675));
#4428 = CARTESIAN_POINT('',(0.675,-0.675));
#4429 = ( GEOMETRIC_REPRESENTATION_CONTEXT(2) 
PARAMETRIC_REPRESENTATION_CONTEXT() REPRESENTATION_CONTEXT('2D SPACE',''
  ) );
#4430 = PCURVE('',#4431,#4436);
#4431 = PLANE('',#4432);
#4432 = AXIS2_PLACEMENT_3D('',#4433,#4434,#4435);
#4433 = CARTESIAN_POINT('',(-2.125,3.825,14.8));
#4434 = DIRECTION('',(0.,1.,0.));
#4435 = DIRECTION('',(0.,0.,1.));
#4436 = DEFINITIONAL_REPRESENTATION('',(#4437),#4440);
#4437 = B_SPLINE_CURVE_WITH_KNOTS('',1,(#4438,#4439),.UNSPECIFIED.,.F.,
  .F.,(2,2),(-3.1875,-1.7375),.PIECEWISE_BEZIER_KNOTS.);
#4438 = CARTESIAN_POINT('',(0.2,4.25));
#4439 = CARTESIAN_POINT('',(0.2,2.8));
#4440 = ( GEOMETRIC_REPRESENTATION_CONTEXT(2) 
PARAMETRIC_REPRESENTATION_CONTEXT() REPRESENTATION_CONTEXT('2D SPACE',''
  ) );
#4441 = ORIENTED_EDGE('',*,*,#4442,.F.);
#4442 = EDGE_CURVE('',#4443,#4417,#4445,.T.);
#4443 = VERTEX_POINT('',#4444);
#4444 = CARTESIAN_POINT('',(0.675,2.375,15.));
#4445 = SURFACE_CURVE('',#4446,(#4450,#4456),.PCURVE_S1.);
#4446 = LINE('',#4447,#4448);
#4447 = CARTESIAN_POINT('',(0.675,3.4375,15.));
#4448 = VECTOR('',#4449,1.);
#4449 = DIRECTION('',(0.,1.,0.));
#4450 = PCURVE('',#4165,#4451);
#4451 = DEFINITIONAL_REPRESENTATION('',(#4452),#4455);
#4452 = B_SPLINE_CURVE_WITH_KNOTS('',1,(#4453,#4454),.UNSPECIFIED.,.F.,
  .F.,(2,2),(-1.0625,0.3875),.PIECEWISE_BEZIER_KNOTS.);
#4453 = CARTESIAN_POINT('',(0.675,-2.125));
#4454 = CARTESIAN_POINT('',(0.675,-0.675));
#4455 = ( GEOMETRIC_REPRESENTATION_CONTEXT(2) 
PARAMETRIC_REPRESENTATION_CONTEXT() REPRESENTATION_CONTEXT('2D SPACE',''
  ) );
#4456 = PCURVE('',#4457,#4462);
#4457 = PLANE('',#4458);
#4458 = AXIS2_PLACEMENT_3D('',#4459,#4460,#4461);
#4459 = CARTESIAN_POINT('',(0.675,2.375,14.8));
#4460 = DIRECTION('',(1.,0.,0.));
#4461 = DIRECTION('',(0.,0.,1.));
#4462 = DEFINITIONAL_REPRESENTATION('',(#4463),#4466);
#4463 = B_SPLINE_CURVE_WITH_KNOTS('',1,(#4464,#4465),.UNSPECIFIED.,.F.,
  .F.,(2,2),(-1.0625,0.3875),.PIECEWISE_BEZIER_KNOTS.);
#4464 = CARTESIAN_POINT('',(0.2,0.));
#4465 = CARTESIAN_POINT('',(0.2,-1.45));
#4466 = ( GEOMETRIC_REPRESENTATION_CONTEXT(2) 
PARAMETRIC_REPRESENTATION_CONTEXT() REPRESENTATION_CONTEXT('2D SPACE',''
  ) );
#4467 = ORIENTED_EDGE('',*,*,#4468,.T.);
#4468 = EDGE_CURVE('',#4443,#4469,#4471,.T.);
#4469 = VERTEX_POINT('',#4470);
#4470 = CARTESIAN_POINT('',(-0.675,2.375,15.));
#4471 = SURFACE_CURVE('',#4472,(#4476,#4482),.PCURVE_S1.);
#4472 = LINE('',#4473,#4474);
#4473 = CARTESIAN_POINT('',(-0.3375,2.375,15.));
#4474 = VECTOR('',#4475,1.);
#4475 = DIRECTION('',(-1.,0.,0.));
#4476 = PCURVE('',#4165,#4477);
#4477 = DEFINITIONAL_REPRESENTATION('',(#4478),#4481);
#4478 = B_SPLINE_CURVE_WITH_KNOTS('',1,(#4479,#4480),.UNSPECIFIED.,.F.,
  .F.,(2,2),(-1.0125,0.3375),.PIECEWISE_BEZIER_KNOTS.);
#4479 = CARTESIAN_POINT('',(0.675,-2.125));
#4480 = CARTESIAN_POINT('',(-0.675,-2.125));
#4481 = ( GEOMETRIC_REPRESENTATION_CONTEXT(2) 
PARAMETRIC_REPRESENTATION_CONTEXT() REPRESENTATION_CONTEXT('2D SPACE',''
  ) );
#4482 = PCURVE('',#4483,#4488);
#4483 = PLANE('',#4484);
#4484 = AXIS2_PLACEMENT_3D('',#4485,#4486,#4487);
#4485 = CARTESIAN_POINT('',(-0.675,2.375,14.8));
#4486 = DIRECTION('',(0.,1.,0.));
#4487 = DIRECTION('',(0.,0.,1.));
#4488 = DEFINITIONAL_REPRESENTATION('',(#4489),#4492);
#4489 = B_SPLINE_CURVE_WITH_KNOTS('',1,(#4490,#4491),.UNSPECIFIED.,.F.,
  .F.,(2,2),(-1.0125,0.3375),.PIECEWISE_BEZIER_KNOTS.);
#4490 = CARTESIAN_POINT('',(0.2,1.35));
#4491 = CARTESIAN_POINT('',(0.2,0.));
#4492 = ( GEOMETRIC_REPRESENTATION_CONTEXT(2) 
PARAMETRIC_REPRESENTATION_CONTEXT() REPRESENTATION_CONTEXT('2D SPACE',''
  ) );
#4493 = ORIENTED_EDGE('',*,*,#4494,.T.);
#4494 = EDGE_CURVE('',#4469,#4207,#4495,.T.);
#4495 = SURFACE_CURVE('',#4496,(#4500,#4506),.PCURVE_S1.);
#4496 = LINE('',#4497,#4498);
#4497 = CARTESIAN_POINT('',(-0.675,3.4375,15.));
#4498 = VECTOR('',#4499,1.);
#4499 = DIRECTION('',(0.,1.,0.));
#4500 = PCURVE('',#4165,#4501);
#4501 = DEFINITIONAL_REPRESENTATION('',(#4502),#4505);
#4502 = B_SPLINE_CURVE_WITH_KNOTS('',1,(#4503,#4504),.UNSPECIFIED.,.F.,
  .F.,(2,2),(-1.0625,0.3875),.PIECEWISE_BEZIER_KNOTS.);
#4503 = CARTESIAN_POINT('',(-0.675,-2.125));
#4504 = CARTESIAN_POINT('',(-0.675,-0.675));
#4505 = ( GEOMETRIC_REPRESENTATION_CONTEXT(2) 
PARAMETRIC_REPRESENTATION_CONTEXT() REPRESENTATION_CONTEXT('2D SPACE',''
  ) );
#4506 = PCURVE('',#4507,#4512);
#4507 = PLANE('',#4508);
#4508 = AXIS2_PLACEMENT_3D('',#4509,#4510,#4511);
#4509 = CARTESIAN_POINT('',(-0.675,2.375,14.8));
#4510 = DIRECTION('',(1.,0.,0.));
#4511 = DIRECTION('',(0.,0.,1.));
#4512 = DEFINITIONAL_REPRESENTATION('',(#4513),#4516);
#4513 = B_SPLINE_CURVE_WITH_KNOTS('',1,(#4514,#4515),.UNSPECIFIED.,.F.,
  .F.,(2,2),(-1.0625,0.3875),.PIECEWISE_BEZIER_KNOTS.);
#4514 = CARTESIAN_POINT('',(0.2,0.));
#4515 = CARTESIAN_POINT('',(0.2,-1.45));
#4516 = ( GEOMETRIC_REPRESENTATION_CONTEXT(2) 
PARAMETRIC_REPRESENTATION_CONTEXT() REPRESENTATION_CONTEXT('2D SPACE',''
  ) );
#4517 = ADVANCED_FACE('',(#4518),#4223,.T.);
#4518 = FACE_BOUND('',#4519,.T.);
#4519 = EDGE_LOOP('',(#4520,#4521,#4544,#4572));
#4520 = ORIENTED_EDGE('',*,*,#4206,.T.);
#4521 = ORIENTED_EDGE('',*,*,#4522,.T.);
#4522 = EDGE_CURVE('',#4209,#4523,#4525,.T.);
#4523 = VERTEX_POINT('',#4524);
#4524 = CARTESIAN_POINT('',(-2.125,3.825,20.));
#4525 = SURFACE_CURVE('',#4526,(#4530,#4537),.PCURVE_S1.);
#4526 = LINE('',#4527,#4528);
#4527 = CARTESIAN_POINT('',(-2.125,3.825,14.8));
#4528 = VECTOR('',#4529,1.);
#4529 = DIRECTION('',(0.,0.,1.));
#4530 = PCURVE('',#4223,#4531);
#4531 = DEFINITIONAL_REPRESENTATION('',(#4532),#4536);
#4532 = LINE('',#4533,#4534);
#4533 = CARTESIAN_POINT('',(0.,0.));
#4534 = VECTOR('',#4535,1.);
#4535 = DIRECTION('',(1.,0.));
#4536 = ( GEOMETRIC_REPRESENTATION_CONTEXT(2) 
PARAMETRIC_REPRESENTATION_CONTEXT() REPRESENTATION_CONTEXT('2D SPACE',''
  ) );
#4537 = PCURVE('',#4249,#4538);
#4538 = DEFINITIONAL_REPRESENTATION('',(#4539),#4543);
#4539 = LINE('',#4540,#4541);
#4540 = CARTESIAN_POINT('',(0.,0.));
#4541 = VECTOR('',#4542,1.);
#4542 = DIRECTION('',(1.,0.));
#4543 = ( GEOMETRIC_REPRESENTATION_CONTEXT(2) 
PARAMETRIC_REPRESENTATION_CONTEXT() REPRESENTATION_CONTEXT('2D SPACE',''
  ) );
#4544 = ORIENTED_EDGE('',*,*,#4545,.T.);
#4545 = EDGE_CURVE('',#4523,#4546,#4548,.T.);
#4546 = VERTEX_POINT('',#4547);
#4547 = CARTESIAN_POINT('',(-0.675,3.825,20.));
#4548 = SURFACE_CURVE('',#4549,(#4553,#4560),.PCURVE_S1.);
#4549 = LINE('',#4550,#4551);
#4550 = CARTESIAN_POINT('',(-2.125,3.825,20.));
#4551 = VECTOR('',#4552,1.);
#4552 = DIRECTION('',(1.,0.,0.));
#4553 = PCURVE('',#4223,#4554);
#4554 = DEFINITIONAL_REPRESENTATION('',(#4555),#4559);
#4555 = LINE('',#4556,#4557);
#4556 = CARTESIAN_POINT('',(5.2,0.));
#4557 = VECTOR('',#4558,1.);
#4558 = DIRECTION('',(0.,1.));
#4559 = ( GEOMETRIC_REPRESENTATION_CONTEXT(2) 
PARAMETRIC_REPRESENTATION_CONTEXT() REPRESENTATION_CONTEXT('2D SPACE',''
  ) );
#4560 = PCURVE('',#4561,#4566);
#4561 = PLANE('',#4562);
#4562 = AXIS2_PLACEMENT_3D('',#4563,#4564,#4565);
#4563 = CARTESIAN_POINT('',(-2.125,3.825,20.));
#4564 = DIRECTION('',(0.,0.,1.));
#4565 = DIRECTION('',(1.,0.,0.));
#4566 = DEFINITIONAL_REPRESENTATION('',(#4567),#4571);
#4567 = LINE('',#4568,#4569);
#4568 = CARTESIAN_POINT('',(0.,0.));
#4569 = VECTOR('',#4570,1.);
#4570 = DIRECTION('',(1.,0.));
#4571 = ( GEOMETRIC_REPRESENTATION_CONTEXT(2) 
PARAMETRIC_REPRESENTATION_CONTEXT() REPRESENTATION_CONTEXT('2D SPACE',''
  ) );
#4572 = ORIENTED_EDGE('',*,*,#4573,.T.);
#4573 = EDGE_CURVE('',#4546,#4207,#4574,.T.);
#4574 = SURFACE_CURVE('',#4575,(#4579,#4585),.PCURVE_S1.);
#4575 = LINE('',#4576,#4577);
#4576 = CARTESIAN_POINT('',(-0.675,3.825,14.8));
#4577 = VECTOR('',#4578,1.);
#4578 = DIRECTION('',(0.,0.,-1.));
#4579 = PCURVE('',#4223,#4580);
#4580 = DEFINITIONAL_REPRESENTATION('',(#4581),#4584);
#4581 = B_SPLINE_CURVE_WITH_KNOTS('',1,(#4582,#4583),.UNSPECIFIED.,.F.,
  .F.,(2,2),(-5.2,0.),.PIECEWISE_BEZIER_KNOTS.);
#4582 = CARTESIAN_POINT('',(5.2,1.45));
#4583 = CARTESIAN_POINT('',(0.,1.45));
#4584 = ( GEOMETRIC_REPRESENTATION_CONTEXT(2) 
PARAMETRIC_REPRESENTATION_CONTEXT() REPRESENTATION_CONTEXT('2D SPACE',''
  ) );
#4585 = PCURVE('',#4507,#4586);
#4586 = DEFINITIONAL_REPRESENTATION('',(#4587),#4590);
#4587 = B_SPLINE_CURVE_WITH_KNOTS('',1,(#4588,#4589),.UNSPECIFIED.,.F.,
  .F.,(2,2),(-5.2,0.),.PIECEWISE_BEZIER_KNOTS.);
#4588 = CARTESIAN_POINT('',(5.2,-1.45));
#4589 = CARTESIAN_POINT('',(0.,-1.45));
#4590 = ( GEOMETRIC_REPRESENTATION_CONTEXT(2) 
PARAMETRIC_REPRESENTATION_CONTEXT() REPRESENTATION_CONTEXT('2D SPACE',''
  ) );
#4591 = ADVANCED_FACE('',(#4592),#4507,.T.);
#4592 = FACE_BOUND('',#4593,.T.);
#4593 = EDGE_LOOP('',(#4594,#4617,#4638,#4639));
#4594 = ORIENTED_EDGE('',*,*,#4595,.F.);
#4595 = EDGE_CURVE('',#4596,#4546,#4598,.T.);
#4596 = VERTEX_POINT('',#4597);
#4597 = CARTESIAN_POINT('',(-0.675,2.375,20.));
#4598 = SURFACE_CURVE('',#4599,(#4603,#4610),.PCURVE_S1.);
#4599 = LINE('',#4600,#4601);
#4600 = CARTESIAN_POINT('',(-0.675,2.375,20.));
#4601 = VECTOR('',#4602,1.);
#4602 = DIRECTION('',(0.,1.,0.));
#4603 = PCURVE('',#4507,#4604);
#4604 = DEFINITIONAL_REPRESENTATION('',(#4605),#4609);
#4605 = LINE('',#4606,#4607);
#4606 = CARTESIAN_POINT('',(5.2,0.));
#4607 = VECTOR('',#4608,1.);
#4608 = DIRECTION('',(0.,-1.));
#4609 = ( GEOMETRIC_REPRESENTATION_CONTEXT(2) 
PARAMETRIC_REPRESENTATION_CONTEXT() REPRESENTATION_CONTEXT('2D SPACE',''
  ) );
#4610 = PCURVE('',#4561,#4611);
#4611 = DEFINITIONAL_REPRESENTATION('',(#4612),#4616);
#4612 = LINE('',#4613,#4614);
#4613 = CARTESIAN_POINT('',(1.45,-1.45));
#4614 = VECTOR('',#4615,1.);
#4615 = DIRECTION('',(0.,1.));
#4616 = ( GEOMETRIC_REPRESENTATION_CONTEXT(2) 
PARAMETRIC_REPRESENTATION_CONTEXT() REPRESENTATION_CONTEXT('2D SPACE',''
  ) );
#4617 = ORIENTED_EDGE('',*,*,#4618,.F.);
#4618 = EDGE_CURVE('',#4469,#4596,#4619,.T.);
#4619 = SURFACE_CURVE('',#4620,(#4624,#4631),.PCURVE_S1.);
#4620 = LINE('',#4621,#4622);
#4621 = CARTESIAN_POINT('',(-0.675,2.375,14.8));
#4622 = VECTOR('',#4623,1.);
#4623 = DIRECTION('',(0.,0.,1.));
#4624 = PCURVE('',#4507,#4625);
#4625 = DEFINITIONAL_REPRESENTATION('',(#4626),#4630);
#4626 = LINE('',#4627,#4628);
#4627 = CARTESIAN_POINT('',(0.,0.));
#4628 = VECTOR('',#4629,1.);
#4629 = DIRECTION('',(1.,0.));
#4630 = ( GEOMETRIC_REPRESENTATION_CONTEXT(2) 
PARAMETRIC_REPRESENTATION_CONTEXT() REPRESENTATION_CONTEXT('2D SPACE',''
  ) );
#4631 = PCURVE('',#4483,#4632);
#4632 = DEFINITIONAL_REPRESENTATION('',(#4633),#4637);
#4633 = LINE('',#4634,#4635);
#4634 = CARTESIAN_POINT('',(0.,0.));
#4635 = VECTOR('',#4636,1.);
#4636 = DIRECTION('',(1.,0.));
#4637 = ( GEOMETRIC_REPRESENTATION_CONTEXT(2) 
PARAMETRIC_REPRESENTATION_CONTEXT() REPRESENTATION_CONTEXT('2D SPACE',''
  ) );
#4638 = ORIENTED_EDGE('',*,*,#4494,.T.);
#4639 = ORIENTED_EDGE('',*,*,#4573,.F.);
#4640 = ADVANCED_FACE('',(#4641),#4483,.T.);
#4641 = FACE_BOUND('',#4642,.T.);
#4642 = EDGE_LOOP('',(#4643,#4666,#4667,#4668));
#4643 = ORIENTED_EDGE('',*,*,#4644,.F.);
#4644 = EDGE_CURVE('',#4443,#4645,#4647,.T.);
#4645 = VERTEX_POINT('',#4646);
#4646 = CARTESIAN_POINT('',(0.675,2.375,20.));
#4647 = SURFACE_CURVE('',#4648,(#4652,#4659),.PCURVE_S1.);
#4648 = LINE('',#4649,#4650);
#4649 = CARTESIAN_POINT('',(0.675,2.375,14.8));
#4650 = VECTOR('',#4651,1.);
#4651 = DIRECTION('',(0.,0.,1.));
#4652 = PCURVE('',#4483,#4653);
#4653 = DEFINITIONAL_REPRESENTATION('',(#4654),#4658);
#4654 = LINE('',#4655,#4656);
#4655 = CARTESIAN_POINT('',(0.,1.35));
#4656 = VECTOR('',#4657,1.);
#4657 = DIRECTION('',(1.,0.));
#4658 = ( GEOMETRIC_REPRESENTATION_CONTEXT(2) 
PARAMETRIC_REPRESENTATION_CONTEXT() REPRESENTATION_CONTEXT('2D SPACE',''
  ) );
#4659 = PCURVE('',#4457,#4660);
#4660 = DEFINITIONAL_REPRESENTATION('',(#4661),#4665);
#4661 = LINE('',#4662,#4663);
#4662 = CARTESIAN_POINT('',(0.,0.));
#4663 = VECTOR('',#4664,1.);
#4664 = DIRECTION('',(1.,0.));
#4665 = ( GEOMETRIC_REPRESENTATION_CONTEXT(2) 
PARAMETRIC_REPRESENTATION_CONTEXT() REPRESENTATION_CONTEXT('2D SPACE',''
  ) );
#4666 = ORIENTED_EDGE('',*,*,#4468,.T.);
#4667 = ORIENTED_EDGE('',*,*,#4618,.T.);
#4668 = ORIENTED_EDGE('',*,*,#4669,.T.);
#4669 = EDGE_CURVE('',#4596,#4645,#4670,.T.);
#4670 = SURFACE_CURVE('',#4671,(#4675,#4682),.PCURVE_S1.);
#4671 = LINE('',#4672,#4673);
#4672 = CARTESIAN_POINT('',(-0.675,2.375,20.));
#4673 = VECTOR('',#4674,1.);
#4674 = DIRECTION('',(1.,0.,0.));
#4675 = PCURVE('',#4483,#4676);
#4676 = DEFINITIONAL_REPRESENTATION('',(#4677),#4681);
#4677 = LINE('',#4678,#4679);
#4678 = CARTESIAN_POINT('',(5.2,0.));
#4679 = VECTOR('',#4680,1.);
#4680 = DIRECTION('',(0.,1.));
#4681 = ( GEOMETRIC_REPRESENTATION_CONTEXT(2) 
PARAMETRIC_REPRESENTATION_CONTEXT() REPRESENTATION_CONTEXT('2D SPACE',''
  ) );
#4682 = PCURVE('',#4561,#4683);
#4683 = DEFINITIONAL_REPRESENTATION('',(#4684),#4688);
#4684 = LINE('',#4685,#4686);
#4685 = CARTESIAN_POINT('',(1.45,-1.45));
#4686 = VECTOR('',#4687,1.);
#4687 = DIRECTION('',(1.,0.));
#4688 = ( GEOMETRIC_REPRESENTATION_CONTEXT(2) 
PARAMETRIC_REPRESENTATION_CONTEXT() REPRESENTATION_CONTEXT('2D SPACE',''
  ) );
#4689 = ADVANCED_FACE('',(#4690),#4457,.F.);
#4690 = FACE_BOUND('',#4691,.F.);
#4691 = EDGE_LOOP('',(#4692,#4715,#4716,#4717));
#4692 = ORIENTED_EDGE('',*,*,#4693,.F.);
#4693 = EDGE_CURVE('',#4645,#4694,#4696,.T.);
#4694 = VERTEX_POINT('',#4695);
#4695 = CARTESIAN_POINT('',(0.675,3.825,20.));
#4696 = SURFACE_CURVE('',#4697,(#4701,#4708),.PCURVE_S1.);
#4697 = LINE('',#4698,#4699);
#4698 = CARTESIAN_POINT('',(0.675,2.375,20.));
#4699 = VECTOR('',#4700,1.);
#4700 = DIRECTION('',(0.,1.,0.));
#4701 = PCURVE('',#4457,#4702);
#4702 = DEFINITIONAL_REPRESENTATION('',(#4703),#4707);
#4703 = LINE('',#4704,#4705);
#4704 = CARTESIAN_POINT('',(5.2,0.));
#4705 = VECTOR('',#4706,1.);
#4706 = DIRECTION('',(0.,-1.));
#4707 = ( GEOMETRIC_REPRESENTATION_CONTEXT(2) 
PARAMETRIC_REPRESENTATION_CONTEXT() REPRESENTATION_CONTEXT('2D SPACE',''
  ) );
#4708 = PCURVE('',#4561,#4709);
#4709 = DEFINITIONAL_REPRESENTATION('',(#4710),#4714);
#4710 = LINE('',#4711,#4712);
#4711 = CARTESIAN_POINT('',(2.8,-1.45));
#4712 = VECTOR('',#4713,1.);
#4713 = DIRECTION('',(0.,1.));
#4714 = ( GEOMETRIC_REPRESENTATION_CONTEXT(2) 
PARAMETRIC_REPRESENTATION_CONTEXT() REPRESENTATION_CONTEXT('2D SPACE',''
  ) );
#4715 = ORIENTED_EDGE('',*,*,#4644,.F.);
#4716 = ORIENTED_EDGE('',*,*,#4442,.T.);
#4717 = ORIENTED_EDGE('',*,*,#4718,.F.);
#4718 = EDGE_CURVE('',#4694,#4417,#4719,.T.);
#4719 = SURFACE_CURVE('',#4720,(#4724,#4730),.PCURVE_S1.);
#4720 = LINE('',#4721,#4722);
#4721 = CARTESIAN_POINT('',(0.675,3.825,14.8));
#4722 = VECTOR('',#4723,1.);
#4723 = DIRECTION('',(0.,0.,-1.));
#4724 = PCURVE('',#4457,#4725);
#4725 = DEFINITIONAL_REPRESENTATION('',(#4726),#4729);
#4726 = B_SPLINE_CURVE_WITH_KNOTS('',1,(#4727,#4728),.UNSPECIFIED.,.F.,
  .F.,(2,2),(-5.2,0.),.PIECEWISE_BEZIER_KNOTS.);
#4727 = CARTESIAN_POINT('',(5.2,-1.45));
#4728 = CARTESIAN_POINT('',(0.,-1.45));
#4729 = ( GEOMETRIC_REPRESENTATION_CONTEXT(2) 
PARAMETRIC_REPRESENTATION_CONTEXT() REPRESENTATION_CONTEXT('2D SPACE',''
  ) );
#4730 = PCURVE('',#4431,#4731);
#4731 = DEFINITIONAL_REPRESENTATION('',(#4732),#4735);
#4732 = B_SPLINE_CURVE_WITH_KNOTS('',1,(#4733,#4734),.UNSPECIFIED.,.F.,
  .F.,(2,2),(-5.2,0.),.PIECEWISE_BEZIER_KNOTS.);
#4733 = CARTESIAN_POINT('',(5.2,2.8));
#4734 = CARTESIAN_POINT('',(0.,2.8));
#4735 = ( GEOMETRIC_REPRESENTATION_CONTEXT(2) 
PARAMETRIC_REPRESENTATION_CONTEXT() REPRESENTATION_CONTEXT('2D SPACE',''
  ) );
#4736 = ADVANCED_FACE('',(#4737),#4431,.T.);
#4737 = FACE_BOUND('',#4738,.T.);
#4738 = EDGE_LOOP('',(#4739,#4740,#4741,#4764));
#4739 = ORIENTED_EDGE('',*,*,#4416,.T.);
#4740 = ORIENTED_EDGE('',*,*,#4718,.F.);
#4741 = ORIENTED_EDGE('',*,*,#4742,.T.);
#4742 = EDGE_CURVE('',#4694,#4743,#4745,.T.);
#4743 = VERTEX_POINT('',#4744);
#4744 = CARTESIAN_POINT('',(2.125,3.825,20.));
#4745 = SURFACE_CURVE('',#4746,(#4750,#4757),.PCURVE_S1.);
#4746 = LINE('',#4747,#4748);
#4747 = CARTESIAN_POINT('',(-2.125,3.825,20.));
#4748 = VECTOR('',#4749,1.);
#4749 = DIRECTION('',(1.,0.,0.));
#4750 = PCURVE('',#4431,#4751);
#4751 = DEFINITIONAL_REPRESENTATION('',(#4752),#4756);
#4752 = LINE('',#4753,#4754);
#4753 = CARTESIAN_POINT('',(5.2,0.));
#4754 = VECTOR('',#4755,1.);
#4755 = DIRECTION('',(0.,1.));
#4756 = ( GEOMETRIC_REPRESENTATION_CONTEXT(2) 
PARAMETRIC_REPRESENTATION_CONTEXT() REPRESENTATION_CONTEXT('2D SPACE',''
  ) );
#4757 = PCURVE('',#4561,#4758);
#4758 = DEFINITIONAL_REPRESENTATION('',(#4759),#4763);
#4759 = LINE('',#4760,#4761);
#4760 = CARTESIAN_POINT('',(0.,0.));
#4761 = VECTOR('',#4762,1.);
#4762 = DIRECTION('',(1.,0.));
#4763 = ( GEOMETRIC_REPRESENTATION_CONTEXT(2) 
PARAMETRIC_REPRESENTATION_CONTEXT() REPRESENTATION_CONTEXT('2D SPACE',''
  ) );
#4764 = ORIENTED_EDGE('',*,*,#4765,.F.);
#4765 = EDGE_CURVE('',#4391,#4743,#4766,.T.);
#4766 = SURFACE_CURVE('',#4767,(#4771,#4778),.PCURVE_S1.);
#4767 = LINE('',#4768,#4769);
#4768 = CARTESIAN_POINT('',(2.125,3.825,14.8));
#4769 = VECTOR('',#4770,1.);
#4770 = DIRECTION('',(0.,0.,1.));
#4771 = PCURVE('',#4431,#4772);
#4772 = DEFINITIONAL_REPRESENTATION('',(#4773),#4777);
#4773 = LINE('',#4774,#4775);
#4774 = CARTESIAN_POINT('',(0.,4.25));
#4775 = VECTOR('',#4776,1.);
#4776 = DIRECTION('',(1.,0.));
#4777 = ( GEOMETRIC_REPRESENTATION_CONTEXT(2) 
PARAMETRIC_REPRESENTATION_CONTEXT() REPRESENTATION_CONTEXT('2D SPACE',''
  ) );
#4778 = PCURVE('',#4405,#4779);
#4779 = DEFINITIONAL_REPRESENTATION('',(#4780),#4784);
#4780 = LINE('',#4781,#4782);
#4781 = CARTESIAN_POINT('',(0.,0.));
#4782 = VECTOR('',#4783,1.);
#4783 = DIRECTION('',(1.,0.));
#4784 = ( GEOMETRIC_REPRESENTATION_CONTEXT(2) 
PARAMETRIC_REPRESENTATION_CONTEXT() REPRESENTATION_CONTEXT('2D SPACE',''
  ) );
#4785 = ADVANCED_FACE('',(#4786),#4405,.F.);
#4786 = FACE_BOUND('',#4787,.F.);
#4787 = EDGE_LOOP('',(#4788,#4789,#4790,#4813));
#4788 = ORIENTED_EDGE('',*,*,#4765,.F.);
#4789 = ORIENTED_EDGE('',*,*,#4390,.T.);
#4790 = ORIENTED_EDGE('',*,*,#4791,.T.);
#4791 = EDGE_CURVE('',#4365,#4792,#4794,.T.);
#4792 = VERTEX_POINT('',#4793);
#4793 = CARTESIAN_POINT('',(2.125,5.175,20.));
#4794 = SURFACE_CURVE('',#4795,(#4799,#4806),.PCURVE_S1.);
#4795 = LINE('',#4796,#4797);
#4796 = CARTESIAN_POINT('',(2.125,5.175,14.8));
#4797 = VECTOR('',#4798,1.);
#4798 = DIRECTION('',(0.,0.,1.));
#4799 = PCURVE('',#4405,#4800);
#4800 = DEFINITIONAL_REPRESENTATION('',(#4801),#4805);
#4801 = LINE('',#4802,#4803);
#4802 = CARTESIAN_POINT('',(0.,-1.35));
#4803 = VECTOR('',#4804,1.);
#4804 = DIRECTION('',(1.,0.));
#4805 = ( GEOMETRIC_REPRESENTATION_CONTEXT(2) 
PARAMETRIC_REPRESENTATION_CONTEXT() REPRESENTATION_CONTEXT('2D SPACE',''
  ) );
#4806 = PCURVE('',#4379,#4807);
#4807 = DEFINITIONAL_REPRESENTATION('',(#4808),#4812);
#4808 = LINE('',#4809,#4810);
#4809 = CARTESIAN_POINT('',(0.,4.25));
#4810 = VECTOR('',#4811,1.);
#4811 = DIRECTION('',(1.,0.));
#4812 = ( GEOMETRIC_REPRESENTATION_CONTEXT(2) 
PARAMETRIC_REPRESENTATION_CONTEXT() REPRESENTATION_CONTEXT('2D SPACE',''
  ) );
#4813 = ORIENTED_EDGE('',*,*,#4814,.F.);
#4814 = EDGE_CURVE('',#4743,#4792,#4815,.T.);
#4815 = SURFACE_CURVE('',#4816,(#4820,#4827),.PCURVE_S1.);
#4816 = LINE('',#4817,#4818);
#4817 = CARTESIAN_POINT('',(2.125,3.825,20.));
#4818 = VECTOR('',#4819,1.);
#4819 = DIRECTION('',(0.,1.,0.));
#4820 = PCURVE('',#4405,#4821);
#4821 = DEFINITIONAL_REPRESENTATION('',(#4822),#4826);
#4822 = LINE('',#4823,#4824);
#4823 = CARTESIAN_POINT('',(5.2,0.));
#4824 = VECTOR('',#4825,1.);
#4825 = DIRECTION('',(0.,-1.));
#4826 = ( GEOMETRIC_REPRESENTATION_CONTEXT(2) 
PARAMETRIC_REPRESENTATION_CONTEXT() REPRESENTATION_CONTEXT('2D SPACE',''
  ) );
#4827 = PCURVE('',#4561,#4828);
#4828 = DEFINITIONAL_REPRESENTATION('',(#4829),#4833);
#4829 = LINE('',#4830,#4831);
#4830 = CARTESIAN_POINT('',(4.25,0.));
#4831 = VECTOR('',#4832,1.);
#4832 = DIRECTION('',(0.,1.));
#4833 = ( GEOMETRIC_REPRESENTATION_CONTEXT(2) 
PARAMETRIC_REPRESENTATION_CONTEXT() REPRESENTATION_CONTEXT('2D SPACE',''
  ) );
#4834 = ADVANCED_FACE('',(#4835),#4379,.F.);
#4835 = FACE_BOUND('',#4836,.F.);
#4836 = EDGE_LOOP('',(#4837,#4838,#4859,#4880));
#4837 = ORIENTED_EDGE('',*,*,#4364,.T.);
#4838 = ORIENTED_EDGE('',*,*,#4839,.F.);
#4839 = EDGE_CURVE('',#4840,#4339,#4842,.T.);
#4840 = VERTEX_POINT('',#4841);
#4841 = CARTESIAN_POINT('',(0.675,5.175,20.));
#4842 = SURFACE_CURVE('',#4843,(#4847,#4853),.PCURVE_S1.);
#4843 = LINE('',#4844,#4845);
#4844 = CARTESIAN_POINT('',(0.675,5.175,14.8));
#4845 = VECTOR('',#4846,1.);
#4846 = DIRECTION('',(0.,0.,-1.));
#4847 = PCURVE('',#4379,#4848);
#4848 = DEFINITIONAL_REPRESENTATION('',(#4849),#4852);
#4849 = B_SPLINE_CURVE_WITH_KNOTS('',1,(#4850,#4851),.UNSPECIFIED.,.F.,
  .F.,(2,2),(-5.2,0.),.PIECEWISE_BEZIER_KNOTS.);
#4850 = CARTESIAN_POINT('',(5.2,2.8));
#4851 = CARTESIAN_POINT('',(0.,2.8));
#4852 = ( GEOMETRIC_REPRESENTATION_CONTEXT(2) 
PARAMETRIC_REPRESENTATION_CONTEXT() REPRESENTATION_CONTEXT('2D SPACE',''
  ) );
#4853 = PCURVE('',#4353,#4854);
#4854 = DEFINITIONAL_REPRESENTATION('',(#4855),#4858);
#4855 = B_SPLINE_CURVE_WITH_KNOTS('',1,(#4856,#4857),.UNSPECIFIED.,.F.,
  .F.,(2,2),(-5.2,0.),.PIECEWISE_BEZIER_KNOTS.);
#4856 = CARTESIAN_POINT('',(5.2,-2.8));
#4857 = CARTESIAN_POINT('',(0.,-2.8));
#4858 = ( GEOMETRIC_REPRESENTATION_CONTEXT(2) 
PARAMETRIC_REPRESENTATION_CONTEXT() REPRESENTATION_CONTEXT('2D SPACE',''
  ) );
#4859 = ORIENTED_EDGE('',*,*,#4860,.T.);
#4860 = EDGE_CURVE('',#4840,#4792,#4861,.T.);
#4861 = SURFACE_CURVE('',#4862,(#4866,#4873),.PCURVE_S1.);
#4862 = LINE('',#4863,#4864);
#4863 = CARTESIAN_POINT('',(-2.125,5.175,20.));
#4864 = VECTOR('',#4865,1.);
#4865 = DIRECTION('',(1.,0.,0.));
#4866 = PCURVE('',#4379,#4867);
#4867 = DEFINITIONAL_REPRESENTATION('',(#4868),#4872);
#4868 = LINE('',#4869,#4870);
#4869 = CARTESIAN_POINT('',(5.2,0.));
#4870 = VECTOR('',#4871,1.);
#4871 = DIRECTION('',(0.,1.));
#4872 = ( GEOMETRIC_REPRESENTATION_CONTEXT(2) 
PARAMETRIC_REPRESENTATION_CONTEXT() REPRESENTATION_CONTEXT('2D SPACE',''
  ) );
#4873 = PCURVE('',#4561,#4874);
#4874 = DEFINITIONAL_REPRESENTATION('',(#4875),#4879);
#4875 = LINE('',#4876,#4877);
#4876 = CARTESIAN_POINT('',(0.,1.35));
#4877 = VECTOR('',#4878,1.);
#4878 = DIRECTION('',(1.,0.));
#4879 = ( GEOMETRIC_REPRESENTATION_CONTEXT(2) 
PARAMETRIC_REPRESENTATION_CONTEXT() REPRESENTATION_CONTEXT('2D SPACE',''
  ) );
#4880 = ORIENTED_EDGE('',*,*,#4791,.F.);
#4881 = ADVANCED_FACE('',(#4882),#4353,.F.);
#4882 = FACE_BOUND('',#4883,.F.);
#4883 = EDGE_LOOP('',(#4884,#4907,#4908,#4909));
#4884 = ORIENTED_EDGE('',*,*,#4885,.F.);
#4885 = EDGE_CURVE('',#4840,#4886,#4888,.T.);
#4886 = VERTEX_POINT('',#4887);
#4887 = CARTESIAN_POINT('',(0.675,6.625,20.));
#4888 = SURFACE_CURVE('',#4889,(#4893,#4900),.PCURVE_S1.);
#4889 = LINE('',#4890,#4891);
#4890 = CARTESIAN_POINT('',(0.675,2.375,20.));
#4891 = VECTOR('',#4892,1.);
#4892 = DIRECTION('',(0.,1.,0.));
#4893 = PCURVE('',#4353,#4894);
#4894 = DEFINITIONAL_REPRESENTATION('',(#4895),#4899);
#4895 = LINE('',#4896,#4897);
#4896 = CARTESIAN_POINT('',(5.2,0.));
#4897 = VECTOR('',#4898,1.);
#4898 = DIRECTION('',(0.,-1.));
#4899 = ( GEOMETRIC_REPRESENTATION_CONTEXT(2) 
PARAMETRIC_REPRESENTATION_CONTEXT() REPRESENTATION_CONTEXT('2D SPACE',''
  ) );
#4900 = PCURVE('',#4561,#4901);
#4901 = DEFINITIONAL_REPRESENTATION('',(#4902),#4906);
#4902 = LINE('',#4903,#4904);
#4903 = CARTESIAN_POINT('',(2.8,-1.45));
#4904 = VECTOR('',#4905,1.);
#4905 = DIRECTION('',(0.,1.));
#4906 = ( GEOMETRIC_REPRESENTATION_CONTEXT(2) 
PARAMETRIC_REPRESENTATION_CONTEXT() REPRESENTATION_CONTEXT('2D SPACE',''
  ) );
#4907 = ORIENTED_EDGE('',*,*,#4839,.T.);
#4908 = ORIENTED_EDGE('',*,*,#4338,.T.);
#4909 = ORIENTED_EDGE('',*,*,#4910,.T.);
#4910 = EDGE_CURVE('',#4313,#4886,#4911,.T.);
#4911 = SURFACE_CURVE('',#4912,(#4916,#4923),.PCURVE_S1.);
#4912 = LINE('',#4913,#4914);
#4913 = CARTESIAN_POINT('',(0.675,6.625,14.8));
#4914 = VECTOR('',#4915,1.);
#4915 = DIRECTION('',(0.,0.,1.));
#4916 = PCURVE('',#4353,#4917);
#4917 = DEFINITIONAL_REPRESENTATION('',(#4918),#4922);
#4918 = LINE('',#4919,#4920);
#4919 = CARTESIAN_POINT('',(0.,-4.25));
#4920 = VECTOR('',#4921,1.);
#4921 = DIRECTION('',(1.,0.));
#4922 = ( GEOMETRIC_REPRESENTATION_CONTEXT(2) 
PARAMETRIC_REPRESENTATION_CONTEXT() REPRESENTATION_CONTEXT('2D SPACE',''
  ) );
#4923 = PCURVE('',#4327,#4924);
#4924 = DEFINITIONAL_REPRESENTATION('',(#4925),#4929);
#4925 = LINE('',#4926,#4927);
#4926 = CARTESIAN_POINT('',(0.,1.35));
#4927 = VECTOR('',#4928,1.);
#4928 = DIRECTION('',(1.,0.));
#4929 = ( GEOMETRIC_REPRESENTATION_CONTEXT(2) 
PARAMETRIC_REPRESENTATION_CONTEXT() REPRESENTATION_CONTEXT('2D SPACE',''
  ) );
#4930 = ADVANCED_FACE('',(#4931),#4327,.F.);
#4931 = FACE_BOUND('',#4932,.F.);
#4932 = EDGE_LOOP('',(#4933,#4934,#4935,#4958));
#4933 = ORIENTED_EDGE('',*,*,#4910,.F.);
#4934 = ORIENTED_EDGE('',*,*,#4312,.T.);
#4935 = ORIENTED_EDGE('',*,*,#4936,.T.);
#4936 = EDGE_CURVE('',#4287,#4937,#4939,.T.);
#4937 = VERTEX_POINT('',#4938);
#4938 = CARTESIAN_POINT('',(-0.675,6.625,20.));
#4939 = SURFACE_CURVE('',#4940,(#4944,#4951),.PCURVE_S1.);
#4940 = LINE('',#4941,#4942);
#4941 = CARTESIAN_POINT('',(-0.675,6.625,14.8));
#4942 = VECTOR('',#4943,1.);
#4943 = DIRECTION('',(0.,0.,1.));
#4944 = PCURVE('',#4327,#4945);
#4945 = DEFINITIONAL_REPRESENTATION('',(#4946),#4950);
#4946 = LINE('',#4947,#4948);
#4947 = CARTESIAN_POINT('',(0.,0.));
#4948 = VECTOR('',#4949,1.);
#4949 = DIRECTION('',(1.,0.));
#4950 = ( GEOMETRIC_REPRESENTATION_CONTEXT(2) 
PARAMETRIC_REPRESENTATION_CONTEXT() REPRESENTATION_CONTEXT('2D SPACE',''
  ) );
#4951 = PCURVE('',#4301,#4952);
#4952 = DEFINITIONAL_REPRESENTATION('',(#4953),#4957);
#4953 = LINE('',#4954,#4955);
#4954 = CARTESIAN_POINT('',(0.,-4.25));
#4955 = VECTOR('',#4956,1.);
#4956 = DIRECTION('',(1.,0.));
#4957 = ( GEOMETRIC_REPRESENTATION_CONTEXT(2) 
PARAMETRIC_REPRESENTATION_CONTEXT() REPRESENTATION_CONTEXT('2D SPACE',''
  ) );
#4958 = ORIENTED_EDGE('',*,*,#4959,.T.);
#4959 = EDGE_CURVE('',#4937,#4886,#4960,.T.);
#4960 = SURFACE_CURVE('',#4961,(#4965,#4972),.PCURVE_S1.);
#4961 = LINE('',#4962,#4963);
#4962 = CARTESIAN_POINT('',(-0.675,6.625,20.));
#4963 = VECTOR('',#4964,1.);
#4964 = DIRECTION('',(1.,0.,0.));
#4965 = PCURVE('',#4327,#4966);
#4966 = DEFINITIONAL_REPRESENTATION('',(#4967),#4971);
#4967 = LINE('',#4968,#4969);
#4968 = CARTESIAN_POINT('',(5.2,0.));
#4969 = VECTOR('',#4970,1.);
#4970 = DIRECTION('',(0.,1.));
#4971 = ( GEOMETRIC_REPRESENTATION_CONTEXT(2) 
PARAMETRIC_REPRESENTATION_CONTEXT() REPRESENTATION_CONTEXT('2D SPACE',''
  ) );
#4972 = PCURVE('',#4561,#4973);
#4973 = DEFINITIONAL_REPRESENTATION('',(#4974),#4978);
#4974 = LINE('',#4975,#4976);
#4975 = CARTESIAN_POINT('',(1.45,2.8));
#4976 = VECTOR('',#4977,1.);
#4977 = DIRECTION('',(1.,0.));
#4978 = ( GEOMETRIC_REPRESENTATION_CONTEXT(2) 
PARAMETRIC_REPRESENTATION_CONTEXT() REPRESENTATION_CONTEXT('2D SPACE',''
  ) );
#4979 = ADVANCED_FACE('',(#4980),#4301,.T.);
#4980 = FACE_BOUND('',#4981,.T.);
#4981 = EDGE_LOOP('',(#4982,#5005,#5024,#5025));
#4982 = ORIENTED_EDGE('',*,*,#4983,.F.);
#4983 = EDGE_CURVE('',#4984,#4937,#4986,.T.);
#4984 = VERTEX_POINT('',#4985);
#4985 = CARTESIAN_POINT('',(-0.675,5.175,20.));
#4986 = SURFACE_CURVE('',#4987,(#4991,#4998),.PCURVE_S1.);
#4987 = LINE('',#4988,#4989);
#4988 = CARTESIAN_POINT('',(-0.675,2.375,20.));
#4989 = VECTOR('',#4990,1.);
#4990 = DIRECTION('',(0.,1.,0.));
#4991 = PCURVE('',#4301,#4992);
#4992 = DEFINITIONAL_REPRESENTATION('',(#4993),#4997);
#4993 = LINE('',#4994,#4995);
#4994 = CARTESIAN_POINT('',(5.2,0.));
#4995 = VECTOR('',#4996,1.);
#4996 = DIRECTION('',(0.,-1.));
#4997 = ( GEOMETRIC_REPRESENTATION_CONTEXT(2) 
PARAMETRIC_REPRESENTATION_CONTEXT() REPRESENTATION_CONTEXT('2D SPACE',''
  ) );
#4998 = PCURVE('',#4561,#4999);
#4999 = DEFINITIONAL_REPRESENTATION('',(#5000),#5004);
#5000 = LINE('',#5001,#5002);
#5001 = CARTESIAN_POINT('',(1.45,-1.45));
#5002 = VECTOR('',#5003,1.);
#5003 = DIRECTION('',(0.,1.));
#5004 = ( GEOMETRIC_REPRESENTATION_CONTEXT(2) 
PARAMETRIC_REPRESENTATION_CONTEXT() REPRESENTATION_CONTEXT('2D SPACE',''
  ) );
#5005 = ORIENTED_EDGE('',*,*,#5006,.T.);
#5006 = EDGE_CURVE('',#4984,#4261,#5007,.T.);
#5007 = SURFACE_CURVE('',#5008,(#5012,#5018),.PCURVE_S1.);
#5008 = LINE('',#5009,#5010);
#5009 = CARTESIAN_POINT('',(-0.675,5.175,14.8));
#5010 = VECTOR('',#5011,1.);
#5011 = DIRECTION('',(0.,0.,-1.));
#5012 = PCURVE('',#4301,#5013);
#5013 = DEFINITIONAL_REPRESENTATION('',(#5014),#5017);
#5014 = B_SPLINE_CURVE_WITH_KNOTS('',1,(#5015,#5016),.UNSPECIFIED.,.F.,
  .F.,(2,2),(-5.2,0.),.PIECEWISE_BEZIER_KNOTS.);
#5015 = CARTESIAN_POINT('',(5.2,-2.8));
#5016 = CARTESIAN_POINT('',(0.,-2.8));
#5017 = ( GEOMETRIC_REPRESENTATION_CONTEXT(2) 
PARAMETRIC_REPRESENTATION_CONTEXT() REPRESENTATION_CONTEXT('2D SPACE',''
  ) );
#5018 = PCURVE('',#4275,#5019);
#5019 = DEFINITIONAL_REPRESENTATION('',(#5020),#5023);
#5020 = B_SPLINE_CURVE_WITH_KNOTS('',1,(#5021,#5022),.UNSPECIFIED.,.F.,
  .F.,(2,2),(-5.2,0.),.PIECEWISE_BEZIER_KNOTS.);
#5021 = CARTESIAN_POINT('',(5.2,1.45));
#5022 = CARTESIAN_POINT('',(0.,1.45));
#5023 = ( GEOMETRIC_REPRESENTATION_CONTEXT(2) 
PARAMETRIC_REPRESENTATION_CONTEXT() REPRESENTATION_CONTEXT('2D SPACE',''
  ) );
#5024 = ORIENTED_EDGE('',*,*,#4286,.T.);
#5025 = ORIENTED_EDGE('',*,*,#4936,.T.);
#5026 = ADVANCED_FACE('',(#5027),#4275,.F.);
#5027 = FACE_BOUND('',#5028,.F.);
#5028 = EDGE_LOOP('',(#5029,#5030,#5053,#5074));
#5029 = ORIENTED_EDGE('',*,*,#4260,.T.);
#5030 = ORIENTED_EDGE('',*,*,#5031,.T.);
#5031 = EDGE_CURVE('',#4235,#5032,#5034,.T.);
#5032 = VERTEX_POINT('',#5033);
#5033 = CARTESIAN_POINT('',(-2.125,5.175,20.));
#5034 = SURFACE_CURVE('',#5035,(#5039,#5046),.PCURVE_S1.);
#5035 = LINE('',#5036,#5037);
#5036 = CARTESIAN_POINT('',(-2.125,5.175,14.8));
#5037 = VECTOR('',#5038,1.);
#5038 = DIRECTION('',(0.,0.,1.));
#5039 = PCURVE('',#4275,#5040);
#5040 = DEFINITIONAL_REPRESENTATION('',(#5041),#5045);
#5041 = LINE('',#5042,#5043);
#5042 = CARTESIAN_POINT('',(0.,0.));
#5043 = VECTOR('',#5044,1.);
#5044 = DIRECTION('',(1.,0.));
#5045 = ( GEOMETRIC_REPRESENTATION_CONTEXT(2) 
PARAMETRIC_REPRESENTATION_CONTEXT() REPRESENTATION_CONTEXT('2D SPACE',''
  ) );
#5046 = PCURVE('',#4249,#5047);
#5047 = DEFINITIONAL_REPRESENTATION('',(#5048),#5052);
#5048 = LINE('',#5049,#5050);
#5049 = CARTESIAN_POINT('',(0.,-1.35));
#5050 = VECTOR('',#5051,1.);
#5051 = DIRECTION('',(1.,0.));
#5052 = ( GEOMETRIC_REPRESENTATION_CONTEXT(2) 
PARAMETRIC_REPRESENTATION_CONTEXT() REPRESENTATION_CONTEXT('2D SPACE',''
  ) );
#5053 = ORIENTED_EDGE('',*,*,#5054,.T.);
#5054 = EDGE_CURVE('',#5032,#4984,#5055,.T.);
#5055 = SURFACE_CURVE('',#5056,(#5060,#5067),.PCURVE_S1.);
#5056 = LINE('',#5057,#5058);
#5057 = CARTESIAN_POINT('',(-2.125,5.175,20.));
#5058 = VECTOR('',#5059,1.);
#5059 = DIRECTION('',(1.,0.,0.));
#5060 = PCURVE('',#4275,#5061);
#5061 = DEFINITIONAL_REPRESENTATION('',(#5062),#5066);
#5062 = LINE('',#5063,#5064);
#5063 = CARTESIAN_POINT('',(5.2,0.));
#5064 = VECTOR('',#5065,1.);
#5065 = DIRECTION('',(0.,1.));
#5066 = ( GEOMETRIC_REPRESENTATION_CONTEXT(2) 
PARAMETRIC_REPRESENTATION_CONTEXT() REPRESENTATION_CONTEXT('2D SPACE',''
  ) );
#5067 = PCURVE('',#4561,#5068);
#5068 = DEFINITIONAL_REPRESENTATION('',(#5069),#5073);
#5069 = LINE('',#5070,#5071);
#5070 = CARTESIAN_POINT('',(0.,1.35));
#5071 = VECTOR('',#5072,1.);
#5072 = DIRECTION('',(1.,0.));
#5073 = ( GEOMETRIC_REPRESENTATION_CONTEXT(2) 
PARAMETRIC_REPRESENTATION_CONTEXT() REPRESENTATION_CONTEXT('2D SPACE',''
  ) );
#5074 = ORIENTED_EDGE('',*,*,#5006,.T.);
#5075 = ADVANCED_FACE('',(#5076),#4249,.T.);
#5076 = FACE_BOUND('',#5077,.T.);
#5077 = EDGE_LOOP('',(#5078,#5079,#5080,#5081));
#5078 = ORIENTED_EDGE('',*,*,#4522,.F.);
#5079 = ORIENTED_EDGE('',*,*,#4234,.T.);
#5080 = ORIENTED_EDGE('',*,*,#5031,.T.);
#5081 = ORIENTED_EDGE('',*,*,#5082,.F.);
#5082 = EDGE_CURVE('',#4523,#5032,#5083,.T.);
#5083 = SURFACE_CURVE('',#5084,(#5088,#5095),.PCURVE_S1.);
#5084 = LINE('',#5085,#5086);
#5085 = CARTESIAN_POINT('',(-2.125,3.825,20.));
#5086 = VECTOR('',#5087,1.);
#5087 = DIRECTION('',(0.,1.,0.));
#5088 = PCURVE('',#4249,#5089);
#5089 = DEFINITIONAL_REPRESENTATION('',(#5090),#5094);
#5090 = LINE('',#5091,#5092);
#5091 = CARTESIAN_POINT('',(5.2,0.));
#5092 = VECTOR('',#5093,1.);
#5093 = DIRECTION('',(0.,-1.));
#5094 = ( GEOMETRIC_REPRESENTATION_CONTEXT(2) 
PARAMETRIC_REPRESENTATION_CONTEXT() REPRESENTATION_CONTEXT('2D SPACE',''
  ) );
#5095 = PCURVE('',#4561,#5096);
#5096 = DEFINITIONAL_REPRESENTATION('',(#5097),#5101);
#5097 = LINE('',#5098,#5099);
#5098 = CARTESIAN_POINT('',(0.,0.));
#5099 = VECTOR('',#5100,1.);
#5100 = DIRECTION('',(0.,1.));
#5101 = ( GEOMETRIC_REPRESENTATION_CONTEXT(2) 
PARAMETRIC_REPRESENTATION_CONTEXT() REPRESENTATION_CONTEXT('2D SPACE',''
  ) );
#5102 = ADVANCED_FACE('',(#5103),#4561,.F.);
#5103 = FACE_BOUND('',#5104,.F.);
#5104 = EDGE_LOOP('',(#5105,#5106,#5107,#5108,#5109,#5110,#5111,#5112,
    #5113,#5114,#5115,#5116));
#5105 = ORIENTED_EDGE('',*,*,#5054,.F.);
#5106 = ORIENTED_EDGE('',*,*,#5082,.F.);
#5107 = ORIENTED_EDGE('',*,*,#4545,.T.);
#5108 = ORIENTED_EDGE('',*,*,#4595,.F.);
#5109 = ORIENTED_EDGE('',*,*,#4669,.T.);
#5110 = ORIENTED_EDGE('',*,*,#4693,.T.);
#5111 = ORIENTED_EDGE('',*,*,#4742,.T.);
#5112 = ORIENTED_EDGE('',*,*,#4814,.T.);
#5113 = ORIENTED_EDGE('',*,*,#4860,.F.);
#5114 = ORIENTED_EDGE('',*,*,#4885,.T.);
#5115 = ORIENTED_EDGE('',*,*,#4959,.F.);
#5116 = ORIENTED_EDGE('',*,*,#4983,.F.);
#5117 = ( GEOMETRIC_REPRESENTATION_CONTEXT(3) 
GLOBAL_UNCERTAINTY_ASSIGNED_CONTEXT((#5121)) 
GLOBAL_UNIT_ASSIGNED_CONTEXT((#5118,#5119,#5120)) REPRESENTATION_CONTEXT
('Context #1','3D Context with UNIT and UNCERTAINTY') );
#5118 = ( LENGTH_UNIT() NAMED_UNIT(*) SI_UNIT(.MILLI.,.METRE.) );
#5119 = ( NAMED_UNIT(*) PLANE_ANGLE_UNIT() SI_UNIT($,.RADIAN.) );
#5120 = ( NAMED_UNIT(*) SI_UNIT($,.STERADIAN.) SOLID_ANGLE_UNIT() );
#5121 = UNCERTAINTY_MEASURE_WITH_UNIT(LENGTH_MEASURE(1.E-06),#5118,
  'distance_accuracy_value','confusion accuracy');
#5122 = PRODUCT_RELATED_PRODUCT_CATEGORY('part',$,(#7));
ENDSEC;
END-ISO-10303-21;
