ISO-10303-21;
HEADER;
FILE_DESCRIPTION(('Open CASCADE Model'),'2;1');
FILE_NAME('Open CASCADE Shape Model','2026-09-28T15:50:09',('Author'),(
    'Open CASCADE'),'Open CASCADE STEP processor 7.9','Open CASCADE 7.9'
  ,'Unknown');
FILE_SCHEMA(('AUTOMOTIVE_DESIGN { 1 0 10303 214 1 1 1 1 }'));
ENDSEC;
DATA;
#1 = APPLICATION_PROTOCOL_DEFINITION('international standard',
  'automotive_design',2000,#2);
#2 = APPLICATION_CONTEXT(
  'core data for automotive mechanical design processes');
#3 = SHAPE_DEFINITION_REPRESENTATION(#4,#10);
#4 = PRODUCT_DEFINITION_SHAPE('','',#5);
#5 = PRODUCT_DEFINITION('design','',#6,#9);
#6 = PRODUCT_DEFINITION_FORMATION('','',#7);
#7 = PRODUCT('Open CASCADE STEP translator 7.9 1',
  'Open CASCADE STEP translator 7.9 1','',(#8));
#8 = PRODUCT_CONTEXT('',#2,'mechanical');
#9 = PRODUCT_DEFINITION_CONTEXT('part definition',#2,'design');
#10 = ADVANCED_BREP_SHAPE_REPRESENTATION('',(#11,#15),#10758);
#11 = AXIS2_PLACEMENT_3D('',#12,#13,#14);
#12 = CARTESIAN_POINT('',(0.,0.,0.));
#13 = DIRECTION('',(0.,0.,1.));
#14 = DIRECTION('',(1.,0.,-0.));
#15 = MANIFOLD_SOLID_BREP('',#16);
#16 = CLOSED_SHELL('',(#17,#415,#1529,#1582,#1636,#1714,#1763,#1809,
    #1859,#1908,#1958,#2012,#2039,#2089,#2139,#2192,#2245,#2298,#2349,
    #2491,#2724,#2771,#2824,#2876,#2929,#3066,#3093,#3490,#3539,#3588,
    #3615,#3668,#3721,#3774,#3827,#3880,#3933,#3964,#4033,#4083,#4133,
    #4180,#4227,#4277,#4331,#4356,#4403,#4476,#4700,#4726,#4752,#4778,
    #4825,#4874,#4926,#5064,#5111,#5138,#5165,#5192,#5219,#5246,#5273,
    #5280,#5330,#5379,#5429,#5474,#5481,#5488,#5537,#5586,#5613,#5686,
    #5733,#5984,#6031,#6078,#6125,#6404,#6430,#6437,#6513,#6562,#6611,
    #6638,#6663,#6688,#6695,#6702,#7243,#7269,#7544,#7594,#7869,#7962,
    #8038,#8087,#8136,#8163,#8239,#8288,#8337,#8364,#8411,#8438,#8465,
    #8472,#8548,#8597,#8646,#8673,#8749,#8798,#8847,#8874,#9003,#9052,
    #9078,#9085,#9134,#9160,#9167,#9296,#9345,#9371,#9378,#9427,#9453,
    #9460,#9467,#9474,#9481,#9488,#9547,#9606,#9780,#9954,#10030,#10079,
    #10128,#10177,#10226,#10253,#10329,#10378,#10427,#10476,#10525,
    #10552,#10596,#10640,#10695,#10750,#10754));
#17 = ADVANCED_FACE('',(#18,#353,#384),#32,.F.);
#18 = FACE_BOUND('',#19,.F.);
#19 = EDGE_LOOP('',(#20,#55,#83,#110,#138,#161,#190,#216,#245,#271,#300,
    #326));
#20 = ORIENTED_EDGE('',*,*,#21,.F.);
#21 = EDGE_CURVE('',#22,#24,#26,.T.);
#22 = VERTEX_POINT('',#23);
#23 = CARTESIAN_POINT('',(-13.5,-24.,2.4));
#24 = VERTEX_POINT('',#25);
#25 = CARTESIAN_POINT('',(-4.92449979984,-24.,2.4));
#26 = SURFACE_CURVE('',#27,(#31,#43),.PCURVE_S1.);
#27 = LINE('',#28,#29);
#28 = CARTESIAN_POINT('',(-13.5,-24.,2.4));
#29 = VECTOR('',#30,1.);
#30 = DIRECTION('',(1.,0.,0.));
#31 = PCURVE('',#32,#37);
#32 = PLANE('',#33);
#33 = AXIS2_PLACEMENT_3D('',#34,#35,#36);
#34 = CARTESIAN_POINT('',(-13.5,-24.,2.4));
#35 = DIRECTION('',(0.,1.,0.));
#36 = DIRECTION('',(1.,0.,0.));
#37 = DEFINITIONAL_REPRESENTATION('',(#38),#42);
#38 = LINE('',#39,#40);
#39 = CARTESIAN_POINT('',(0.,0.));
#40 = VECTOR('',#41,1.);
#41 = DIRECTION('',(1.,0.));
#42 = ( GEOMETRIC_REPRESENTATION_CONTEXT(2) 
PARAMETRIC_REPRESENTATION_CONTEXT() REPRESENTATION_CONTEXT('2D SPACE',''
  ) );
#43 = PCURVE('',#44,#49);
#44 = PLANE('',#45);
#45 = AXIS2_PLACEMENT_3D('',#46,#47,#48);
#46 = CARTESIAN_POINT('',(4.244657100869E-16,1.697862840348E-16,2.4));
#47 = DIRECTION('',(0.,0.,1.));
#48 = DIRECTION('',(1.,0.,-0.));
#49 = DEFINITIONAL_REPRESENTATION('',(#50),#54);
#50 = LINE('',#51,#52);
#51 = CARTESIAN_POINT('',(-13.5,-24.));
#52 = VECTOR('',#53,1.);
#53 = DIRECTION('',(1.,0.));
#54 = ( GEOMETRIC_REPRESENTATION_CONTEXT(2) 
PARAMETRIC_REPRESENTATION_CONTEXT() REPRESENTATION_CONTEXT('2D SPACE',''
  ) );
#55 = ORIENTED_EDGE('',*,*,#56,.T.);
#56 = EDGE_CURVE('',#22,#57,#59,.T.);
#57 = VERTEX_POINT('',#58);
#58 = CARTESIAN_POINT('',(-13.5,-24.,11.5));
#59 = SURFACE_CURVE('',#60,(#64,#71),.PCURVE_S1.);
#60 = LINE('',#61,#62);
#61 = CARTESIAN_POINT('',(-13.5,-24.,2.4));
#62 = VECTOR('',#63,1.);
#63 = DIRECTION('',(0.,0.,1.));
#64 = PCURVE('',#32,#65);
#65 = DEFINITIONAL_REPRESENTATION('',(#66),#70);
#66 = LINE('',#67,#68);
#67 = CARTESIAN_POINT('',(0.,0.));
#68 = VECTOR('',#69,1.);
#69 = DIRECTION('',(0.,-1.));
#70 = ( GEOMETRIC_REPRESENTATION_CONTEXT(2) 
PARAMETRIC_REPRESENTATION_CONTEXT() REPRESENTATION_CONTEXT('2D SPACE',''
  ) );
#71 = PCURVE('',#72,#77);
#72 = PLANE('',#73);
#73 = AXIS2_PLACEMENT_3D('',#74,#75,#76);
#74 = CARTESIAN_POINT('',(-24.,-13.5,2.4));
#75 = DIRECTION('',(0.707106781187,0.707106781187,-0.));
#76 = DIRECTION('',(0.707106781187,-0.707106781187,0.));
#77 = DEFINITIONAL_REPRESENTATION('',(#78),#82);
#78 = LINE('',#79,#80);
#79 = CARTESIAN_POINT('',(14.849242404917,0.));
#80 = VECTOR('',#81,1.);
#81 = DIRECTION('',(0.,-1.));
#82 = ( GEOMETRIC_REPRESENTATION_CONTEXT(2) 
PARAMETRIC_REPRESENTATION_CONTEXT() REPRESENTATION_CONTEXT('2D SPACE',''
  ) );
#83 = ORIENTED_EDGE('',*,*,#84,.T.);
#84 = EDGE_CURVE('',#57,#85,#87,.T.);
#85 = VERTEX_POINT('',#86);
#86 = CARTESIAN_POINT('',(13.5,-24.,11.5));
#87 = SURFACE_CURVE('',#88,(#92,#99),.PCURVE_S1.);
#88 = LINE('',#89,#90);
#89 = CARTESIAN_POINT('',(-13.5,-24.,11.5));
#90 = VECTOR('',#91,1.);
#91 = DIRECTION('',(1.,0.,0.));
#92 = PCURVE('',#32,#93);
#93 = DEFINITIONAL_REPRESENTATION('',(#94),#98);
#94 = LINE('',#95,#96);
#95 = CARTESIAN_POINT('',(0.,-9.1));
#96 = VECTOR('',#97,1.);
#97 = DIRECTION('',(1.,0.));
#98 = ( GEOMETRIC_REPRESENTATION_CONTEXT(2) 
PARAMETRIC_REPRESENTATION_CONTEXT() REPRESENTATION_CONTEXT('2D SPACE',''
  ) );
#99 = PCURVE('',#100,#105);
#100 = B_SPLINE_SURFACE_WITH_KNOTS('',1,1,(
    (#101,#102)
    ,(#103,#104
  )),.UNSPECIFIED.,.F.,.F.,.F.,(2,2),(2,2),(0.,27.),(0.,1.),
  .PIECEWISE_BEZIER_KNOTS.);
#101 = CARTESIAN_POINT('',(-13.5,-24.,11.5));
#102 = CARTESIAN_POINT('',(-10.6875,-19.,16.5));
#103 = CARTESIAN_POINT('',(13.5,-24.,11.5));
#104 = CARTESIAN_POINT('',(10.6875,-19.,16.5));
#105 = DEFINITIONAL_REPRESENTATION('',(#106),#109);
#106 = B_SPLINE_CURVE_WITH_KNOTS('',1,(#107,#108),.UNSPECIFIED.,.F.,.F.,
  (2,2),(0.,27.),.PIECEWISE_BEZIER_KNOTS.);
#107 = CARTESIAN_POINT('',(0.,0.));
#108 = CARTESIAN_POINT('',(27.,0.));
#109 = ( GEOMETRIC_REPRESENTATION_CONTEXT(2) 
PARAMETRIC_REPRESENTATION_CONTEXT() REPRESENTATION_CONTEXT('2D SPACE',''
  ) );
#110 = ORIENTED_EDGE('',*,*,#111,.F.);
#111 = EDGE_CURVE('',#112,#85,#114,.T.);
#112 = VERTEX_POINT('',#113);
#113 = CARTESIAN_POINT('',(13.5,-24.,2.4));
#114 = SURFACE_CURVE('',#115,(#119,#126),.PCURVE_S1.);
#115 = LINE('',#116,#117);
#116 = CARTESIAN_POINT('',(13.5,-24.,2.4));
#117 = VECTOR('',#118,1.);
#118 = DIRECTION('',(0.,0.,1.));
#119 = PCURVE('',#32,#120);
#120 = DEFINITIONAL_REPRESENTATION('',(#121),#125);
#121 = LINE('',#122,#123);
#122 = CARTESIAN_POINT('',(27.,0.));
#123 = VECTOR('',#124,1.);
#124 = DIRECTION('',(0.,-1.));
#125 = ( GEOMETRIC_REPRESENTATION_CONTEXT(2) 
PARAMETRIC_REPRESENTATION_CONTEXT() REPRESENTATION_CONTEXT('2D SPACE',''
  ) );
#126 = PCURVE('',#127,#132);
#127 = PLANE('',#128);
#128 = AXIS2_PLACEMENT_3D('',#129,#130,#131);
#129 = CARTESIAN_POINT('',(13.5,-24.,2.4));
#130 = DIRECTION('',(-0.707106781187,0.707106781187,0.));
#131 = DIRECTION('',(0.707106781187,0.707106781187,0.));
#132 = DEFINITIONAL_REPRESENTATION('',(#133),#137);
#133 = LINE('',#134,#135);
#134 = CARTESIAN_POINT('',(0.,0.));
#135 = VECTOR('',#136,1.);
#136 = DIRECTION('',(0.,-1.));
#137 = ( GEOMETRIC_REPRESENTATION_CONTEXT(2) 
PARAMETRIC_REPRESENTATION_CONTEXT() REPRESENTATION_CONTEXT('2D SPACE',''
  ) );
#138 = ORIENTED_EDGE('',*,*,#139,.F.);
#139 = EDGE_CURVE('',#140,#112,#142,.T.);
#140 = VERTEX_POINT('',#141);
#141 = CARTESIAN_POINT('',(4.92449979984,-24.,2.4));
#142 = SURFACE_CURVE('',#143,(#147,#154),.PCURVE_S1.);
#143 = LINE('',#144,#145);
#144 = CARTESIAN_POINT('',(-13.5,-24.,2.4));
#145 = VECTOR('',#146,1.);
#146 = DIRECTION('',(1.,0.,0.));
#147 = PCURVE('',#32,#148);
#148 = DEFINITIONAL_REPRESENTATION('',(#149),#153);
#149 = LINE('',#150,#151);
#150 = CARTESIAN_POINT('',(0.,0.));
#151 = VECTOR('',#152,1.);
#152 = DIRECTION('',(1.,0.));
#153 = ( GEOMETRIC_REPRESENTATION_CONTEXT(2) 
PARAMETRIC_REPRESENTATION_CONTEXT() REPRESENTATION_CONTEXT('2D SPACE',''
  ) );
#154 = PCURVE('',#44,#155);
#155 = DEFINITIONAL_REPRESENTATION('',(#156),#160);
#156 = LINE('',#157,#158);
#157 = CARTESIAN_POINT('',(-13.5,-24.));
#158 = VECTOR('',#159,1.);
#159 = DIRECTION('',(1.,0.));
#160 = ( GEOMETRIC_REPRESENTATION_CONTEXT(2) 
PARAMETRIC_REPRESENTATION_CONTEXT() REPRESENTATION_CONTEXT('2D SPACE',''
  ) );
#161 = ORIENTED_EDGE('',*,*,#162,.F.);
#162 = EDGE_CURVE('',#163,#140,#165,.T.);
#163 = VERTEX_POINT('',#164);
#164 = CARTESIAN_POINT('',(6.3,-24.,4.3));
#165 = SURFACE_CURVE('',#166,(#171,#178),.PCURVE_S1.);
#166 = CIRCLE('',#167,2.);
#167 = AXIS2_PLACEMENT_3D('',#168,#169,#170);
#168 = CARTESIAN_POINT('',(4.3,-24.,4.3));
#169 = DIRECTION('',(0.,1.,0.));
#170 = DIRECTION('',(1.,0.,-0.));
#171 = PCURVE('',#32,#172);
#172 = DEFINITIONAL_REPRESENTATION('',(#173),#177);
#173 = CIRCLE('',#174,2.);
#174 = AXIS2_PLACEMENT_2D('',#175,#176);
#175 = CARTESIAN_POINT('',(17.8,-1.9));
#176 = DIRECTION('',(1.,0.));
#177 = ( GEOMETRIC_REPRESENTATION_CONTEXT(2) 
PARAMETRIC_REPRESENTATION_CONTEXT() REPRESENTATION_CONTEXT('2D SPACE',''
  ) );
#178 = PCURVE('',#179,#184);
#179 = CYLINDRICAL_SURFACE('',#180,2.);
#180 = AXIS2_PLACEMENT_3D('',#181,#182,#183);
#181 = CARTESIAN_POINT('',(4.3,-24.1,4.3));
#182 = DIRECTION('',(0.,1.,0.));
#183 = DIRECTION('',(1.,0.,-0.));
#184 = DEFINITIONAL_REPRESENTATION('',(#185),#189);
#185 = LINE('',#186,#187);
#186 = CARTESIAN_POINT('',(0.,1.E-01));
#187 = VECTOR('',#188,1.);
#188 = DIRECTION('',(1.,0.));
#189 = ( GEOMETRIC_REPRESENTATION_CONTEXT(2) 
PARAMETRIC_REPRESENTATION_CONTEXT() REPRESENTATION_CONTEXT('2D SPACE',''
  ) );
#190 = ORIENTED_EDGE('',*,*,#191,.F.);
#191 = EDGE_CURVE('',#192,#163,#194,.T.);
#192 = VERTEX_POINT('',#193);
#193 = CARTESIAN_POINT('',(6.3,-24.,6.3));
#194 = SURFACE_CURVE('',#195,(#199,#205),.PCURVE_S1.);
#195 = LINE('',#196,#197);
#196 = CARTESIAN_POINT('',(6.3,-24.,2.35));
#197 = VECTOR('',#198,1.);
#198 = DIRECTION('',(0.,0.,-1.));
#199 = PCURVE('',#32,#200);
#200 = DEFINITIONAL_REPRESENTATION('',(#201),#204);
#201 = B_SPLINE_CURVE_WITH_KNOTS('',1,(#202,#203),.UNSPECIFIED.,.F.,.F.,
  (2,2),(-3.95,-1.95),.PIECEWISE_BEZIER_KNOTS.);
#202 = CARTESIAN_POINT('',(19.8,-3.9));
#203 = CARTESIAN_POINT('',(19.8,-1.9));
#204 = ( GEOMETRIC_REPRESENTATION_CONTEXT(2) 
PARAMETRIC_REPRESENTATION_CONTEXT() REPRESENTATION_CONTEXT('2D SPACE',''
  ) );
#205 = PCURVE('',#206,#211);
#206 = PLANE('',#207);
#207 = AXIS2_PLACEMENT_3D('',#208,#209,#210);
#208 = CARTESIAN_POINT('',(6.3,-24.1,2.3));
#209 = DIRECTION('',(1.,0.,0.));
#210 = DIRECTION('',(0.,0.,1.));
#211 = DEFINITIONAL_REPRESENTATION('',(#212),#215);
#212 = B_SPLINE_CURVE_WITH_KNOTS('',1,(#213,#214),.UNSPECIFIED.,.F.,.F.,
  (2,2),(-3.95,-1.95),.PIECEWISE_BEZIER_KNOTS.);
#213 = CARTESIAN_POINT('',(4.,-1.E-01));
#214 = CARTESIAN_POINT('',(2.,-1.E-01));
#215 = ( GEOMETRIC_REPRESENTATION_CONTEXT(2) 
PARAMETRIC_REPRESENTATION_CONTEXT() REPRESENTATION_CONTEXT('2D SPACE',''
  ) );
#216 = ORIENTED_EDGE('',*,*,#217,.F.);
#217 = EDGE_CURVE('',#218,#192,#220,.T.);
#218 = VERTEX_POINT('',#219);
#219 = CARTESIAN_POINT('',(4.3,-24.,8.3));
#220 = SURFACE_CURVE('',#221,(#226,#233),.PCURVE_S1.);
#221 = CIRCLE('',#222,2.);
#222 = AXIS2_PLACEMENT_3D('',#223,#224,#225);
#223 = CARTESIAN_POINT('',(4.3,-24.,6.3));
#224 = DIRECTION('',(0.,1.,0.));
#225 = DIRECTION('',(1.,0.,-0.));
#226 = PCURVE('',#32,#227);
#227 = DEFINITIONAL_REPRESENTATION('',(#228),#232);
#228 = CIRCLE('',#229,2.);
#229 = AXIS2_PLACEMENT_2D('',#230,#231);
#230 = CARTESIAN_POINT('',(17.8,-3.9));
#231 = DIRECTION('',(1.,0.));
#232 = ( GEOMETRIC_REPRESENTATION_CONTEXT(2) 
PARAMETRIC_REPRESENTATION_CONTEXT() REPRESENTATION_CONTEXT('2D SPACE',''
  ) );
#233 = PCURVE('',#234,#239);
#234 = CYLINDRICAL_SURFACE('',#235,2.);
#235 = AXIS2_PLACEMENT_3D('',#236,#237,#238);
#236 = CARTESIAN_POINT('',(4.3,-24.1,6.3));
#237 = DIRECTION('',(0.,1.,0.));
#238 = DIRECTION('',(1.,0.,-0.));
#239 = DEFINITIONAL_REPRESENTATION('',(#240),#244);
#240 = LINE('',#241,#242);
#241 = CARTESIAN_POINT('',(-6.28318530718,1.E-01));
#242 = VECTOR('',#243,1.);
#243 = DIRECTION('',(1.,-0.));
#244 = ( GEOMETRIC_REPRESENTATION_CONTEXT(2) 
PARAMETRIC_REPRESENTATION_CONTEXT() REPRESENTATION_CONTEXT('2D SPACE',''
  ) );
#245 = ORIENTED_EDGE('',*,*,#246,.F.);
#246 = EDGE_CURVE('',#247,#218,#249,.T.);
#247 = VERTEX_POINT('',#248);
#248 = CARTESIAN_POINT('',(-4.3,-24.,8.3));
#249 = SURFACE_CURVE('',#250,(#254,#260),.PCURVE_S1.);
#250 = LINE('',#251,#252);
#251 = CARTESIAN_POINT('',(-9.9,-24.,8.3));
#252 = VECTOR('',#253,1.);
#253 = DIRECTION('',(1.,0.,0.));
#254 = PCURVE('',#32,#255);
#255 = DEFINITIONAL_REPRESENTATION('',(#256),#259);
#256 = B_SPLINE_CURVE_WITH_KNOTS('',1,(#257,#258),.UNSPECIFIED.,.F.,.F.,
  (2,2),(5.6,14.2),.PIECEWISE_BEZIER_KNOTS.);
#257 = CARTESIAN_POINT('',(9.2,-5.9));
#258 = CARTESIAN_POINT('',(17.8,-5.9));
#259 = ( GEOMETRIC_REPRESENTATION_CONTEXT(2) 
PARAMETRIC_REPRESENTATION_CONTEXT() REPRESENTATION_CONTEXT('2D SPACE',''
  ) );
#260 = PCURVE('',#261,#266);
#261 = PLANE('',#262);
#262 = AXIS2_PLACEMENT_3D('',#263,#264,#265);
#263 = CARTESIAN_POINT('',(-6.3,-24.1,8.3));
#264 = DIRECTION('',(0.,0.,1.));
#265 = DIRECTION('',(1.,0.,0.));
#266 = DEFINITIONAL_REPRESENTATION('',(#267),#270);
#267 = B_SPLINE_CURVE_WITH_KNOTS('',1,(#268,#269),.UNSPECIFIED.,.F.,.F.,
  (2,2),(5.6,14.2),.PIECEWISE_BEZIER_KNOTS.);
#268 = CARTESIAN_POINT('',(2.,1.E-01));
#269 = CARTESIAN_POINT('',(10.6,1.E-01));
#270 = ( GEOMETRIC_REPRESENTATION_CONTEXT(2) 
PARAMETRIC_REPRESENTATION_CONTEXT() REPRESENTATION_CONTEXT('2D SPACE',''
  ) );
#271 = ORIENTED_EDGE('',*,*,#272,.F.);
#272 = EDGE_CURVE('',#273,#247,#275,.T.);
#273 = VERTEX_POINT('',#274);
#274 = CARTESIAN_POINT('',(-6.3,-24.,6.3));
#275 = SURFACE_CURVE('',#276,(#281,#288),.PCURVE_S1.);
#276 = CIRCLE('',#277,2.);
#277 = AXIS2_PLACEMENT_3D('',#278,#279,#280);
#278 = CARTESIAN_POINT('',(-4.3,-24.,6.3));
#279 = DIRECTION('',(0.,1.,0.));
#280 = DIRECTION('',(-1.,0.,0.));
#281 = PCURVE('',#32,#282);
#282 = DEFINITIONAL_REPRESENTATION('',(#283),#287);
#283 = CIRCLE('',#284,2.);
#284 = AXIS2_PLACEMENT_2D('',#285,#286);
#285 = CARTESIAN_POINT('',(9.2,-3.9));
#286 = DIRECTION('',(-1.,0.));
#287 = ( GEOMETRIC_REPRESENTATION_CONTEXT(2) 
PARAMETRIC_REPRESENTATION_CONTEXT() REPRESENTATION_CONTEXT('2D SPACE',''
  ) );
#288 = PCURVE('',#289,#294);
#289 = CYLINDRICAL_SURFACE('',#290,2.);
#290 = AXIS2_PLACEMENT_3D('',#291,#292,#293);
#291 = CARTESIAN_POINT('',(-4.3,-24.1,6.3));
#292 = DIRECTION('',(0.,1.,0.));
#293 = DIRECTION('',(-1.,0.,0.));
#294 = DEFINITIONAL_REPRESENTATION('',(#295),#299);
#295 = LINE('',#296,#297);
#296 = CARTESIAN_POINT('',(0.,1.E-01));
#297 = VECTOR('',#298,1.);
#298 = DIRECTION('',(1.,0.));
#299 = ( GEOMETRIC_REPRESENTATION_CONTEXT(2) 
PARAMETRIC_REPRESENTATION_CONTEXT() REPRESENTATION_CONTEXT('2D SPACE',''
  ) );
#300 = ORIENTED_EDGE('',*,*,#301,.T.);
#301 = EDGE_CURVE('',#273,#302,#304,.T.);
#302 = VERTEX_POINT('',#303);
#303 = CARTESIAN_POINT('',(-6.3,-24.,4.3));
#304 = SURFACE_CURVE('',#305,(#309,#315),.PCURVE_S1.);
#305 = LINE('',#306,#307);
#306 = CARTESIAN_POINT('',(-6.3,-24.,2.35));
#307 = VECTOR('',#308,1.);
#308 = DIRECTION('',(0.,0.,-1.));
#309 = PCURVE('',#32,#310);
#310 = DEFINITIONAL_REPRESENTATION('',(#311),#314);
#311 = B_SPLINE_CURVE_WITH_KNOTS('',1,(#312,#313),.UNSPECIFIED.,.F.,.F.,
  (2,2),(-3.95,-1.95),.PIECEWISE_BEZIER_KNOTS.);
#312 = CARTESIAN_POINT('',(7.2,-3.9));
#313 = CARTESIAN_POINT('',(7.2,-1.9));
#314 = ( GEOMETRIC_REPRESENTATION_CONTEXT(2) 
PARAMETRIC_REPRESENTATION_CONTEXT() REPRESENTATION_CONTEXT('2D SPACE',''
  ) );
#315 = PCURVE('',#316,#321);
#316 = PLANE('',#317);
#317 = AXIS2_PLACEMENT_3D('',#318,#319,#320);
#318 = CARTESIAN_POINT('',(-6.3,-24.1,2.3));
#319 = DIRECTION('',(1.,0.,0.));
#320 = DIRECTION('',(0.,0.,1.));
#321 = DEFINITIONAL_REPRESENTATION('',(#322),#325);
#322 = B_SPLINE_CURVE_WITH_KNOTS('',1,(#323,#324),.UNSPECIFIED.,.F.,.F.,
  (2,2),(-3.95,-1.95),.PIECEWISE_BEZIER_KNOTS.);
#323 = CARTESIAN_POINT('',(4.,-1.E-01));
#324 = CARTESIAN_POINT('',(2.,-1.E-01));
#325 = ( GEOMETRIC_REPRESENTATION_CONTEXT(2) 
PARAMETRIC_REPRESENTATION_CONTEXT() REPRESENTATION_CONTEXT('2D SPACE',''
  ) );
#326 = ORIENTED_EDGE('',*,*,#327,.F.);
#327 = EDGE_CURVE('',#24,#302,#328,.T.);
#328 = SURFACE_CURVE('',#329,(#334,#341),.PCURVE_S1.);
#329 = CIRCLE('',#330,2.);
#330 = AXIS2_PLACEMENT_3D('',#331,#332,#333);
#331 = CARTESIAN_POINT('',(-4.3,-24.,4.3));
#332 = DIRECTION('',(0.,1.,0.));
#333 = DIRECTION('',(-1.,0.,0.));
#334 = PCURVE('',#32,#335);
#335 = DEFINITIONAL_REPRESENTATION('',(#336),#340);
#336 = CIRCLE('',#337,2.);
#337 = AXIS2_PLACEMENT_2D('',#338,#339);
#338 = CARTESIAN_POINT('',(9.2,-1.9));
#339 = DIRECTION('',(-1.,0.));
#340 = ( GEOMETRIC_REPRESENTATION_CONTEXT(2) 
PARAMETRIC_REPRESENTATION_CONTEXT() REPRESENTATION_CONTEXT('2D SPACE',''
  ) );
#341 = PCURVE('',#342,#347);
#342 = CYLINDRICAL_SURFACE('',#343,2.);
#343 = AXIS2_PLACEMENT_3D('',#344,#345,#346);
#344 = CARTESIAN_POINT('',(-4.3,-24.1,4.3));
#345 = DIRECTION('',(0.,1.,0.));
#346 = DIRECTION('',(-1.,0.,0.));
#347 = DEFINITIONAL_REPRESENTATION('',(#348),#352);
#348 = LINE('',#349,#350);
#349 = CARTESIAN_POINT('',(-6.28318530718,1.E-01));
#350 = VECTOR('',#351,1.);
#351 = DIRECTION('',(1.,-0.));
#352 = ( GEOMETRIC_REPRESENTATION_CONTEXT(2) 
PARAMETRIC_REPRESENTATION_CONTEXT() REPRESENTATION_CONTEXT('2D SPACE',''
  ) );
#353 = FACE_BOUND('',#354,.F.);
#354 = EDGE_LOOP('',(#355));
#355 = ORIENTED_EDGE('',*,*,#356,.F.);
#356 = EDGE_CURVE('',#357,#357,#359,.T.);
#357 = VERTEX_POINT('',#358);
#358 = CARTESIAN_POINT('',(-7.5,-24.,5.2));
#359 = SURFACE_CURVE('',#360,(#365,#372),.PCURVE_S1.);
#360 = CIRCLE('',#361,1.);
#361 = AXIS2_PLACEMENT_3D('',#362,#363,#364);
#362 = CARTESIAN_POINT('',(-8.5,-24.,5.2));
#363 = DIRECTION('',(0.,1.,-1.110223024625E-16));
#364 = DIRECTION('',(1.,0.,0.));
#365 = PCURVE('',#32,#366);
#366 = DEFINITIONAL_REPRESENTATION('',(#367),#371);
#367 = CIRCLE('',#368,1.);
#368 = AXIS2_PLACEMENT_2D('',#369,#370);
#369 = CARTESIAN_POINT('',(5.,-2.8));
#370 = DIRECTION('',(1.,0.));
#371 = ( GEOMETRIC_REPRESENTATION_CONTEXT(2) 
PARAMETRIC_REPRESENTATION_CONTEXT() REPRESENTATION_CONTEXT('2D SPACE',''
  ) );
#372 = PCURVE('',#373,#378);
#373 = CYLINDRICAL_SURFACE('',#374,1.);
#374 = AXIS2_PLACEMENT_3D('',#375,#376,#377);
#375 = CARTESIAN_POINT('',(-8.5,-20.5,5.2));
#376 = DIRECTION('',(-0.,1.,-1.110223024625E-16));
#377 = DIRECTION('',(1.,0.,0.));
#378 = DEFINITIONAL_REPRESENTATION('',(#379),#383);
#379 = LINE('',#380,#381);
#380 = CARTESIAN_POINT('',(-6.28318530718,-3.5));
#381 = VECTOR('',#382,1.);
#382 = DIRECTION('',(1.,-0.));
#383 = ( GEOMETRIC_REPRESENTATION_CONTEXT(2) 
PARAMETRIC_REPRESENTATION_CONTEXT() REPRESENTATION_CONTEXT('2D SPACE',''
  ) );
#384 = FACE_BOUND('',#385,.F.);
#385 = EDGE_LOOP('',(#386));
#386 = ORIENTED_EDGE('',*,*,#387,.F.);
#387 = EDGE_CURVE('',#388,#388,#390,.T.);
#388 = VERTEX_POINT('',#389);
#389 = CARTESIAN_POINT('',(9.5,-24.,5.2));
#390 = SURFACE_CURVE('',#391,(#396,#403),.PCURVE_S1.);
#391 = CIRCLE('',#392,1.);
#392 = AXIS2_PLACEMENT_3D('',#393,#394,#395);
#393 = CARTESIAN_POINT('',(8.5,-24.,5.2));
#394 = DIRECTION('',(0.,1.,-1.110223024625E-16));
#395 = DIRECTION('',(1.,0.,0.));
#396 = PCURVE('',#32,#397);
#397 = DEFINITIONAL_REPRESENTATION('',(#398),#402);
#398 = CIRCLE('',#399,1.);
#399 = AXIS2_PLACEMENT_2D('',#400,#401);
#400 = CARTESIAN_POINT('',(22.,-2.8));
#401 = DIRECTION('',(1.,0.));
#402 = ( GEOMETRIC_REPRESENTATION_CONTEXT(2) 
PARAMETRIC_REPRESENTATION_CONTEXT() REPRESENTATION_CONTEXT('2D SPACE',''
  ) );
#403 = PCURVE('',#404,#409);
#404 = CYLINDRICAL_SURFACE('',#405,1.);
#405 = AXIS2_PLACEMENT_3D('',#406,#407,#408);
#406 = CARTESIAN_POINT('',(8.5,-20.5,5.2));
#407 = DIRECTION('',(-0.,1.,-1.110223024625E-16));
#408 = DIRECTION('',(1.,0.,0.));
#409 = DEFINITIONAL_REPRESENTATION('',(#410),#414);
#410 = LINE('',#411,#412);
#411 = CARTESIAN_POINT('',(-6.28318530718,-3.5));
#412 = VECTOR('',#413,1.);
#413 = DIRECTION('',(1.,-0.));
#414 = ( GEOMETRIC_REPRESENTATION_CONTEXT(2) 
PARAMETRIC_REPRESENTATION_CONTEXT() REPRESENTATION_CONTEXT('2D SPACE',''
  ) );
#415 = ADVANCED_FACE('',(#416,#851,#1291),#44,.F.);
#416 = FACE_BOUND('',#417,.F.);
#417 = EDGE_LOOP('',(#418,#448,#469,#470,#492,#519,#539,#540,#563,#591,
    #619,#652,#680,#713,#741,#769,#797,#825));
#418 = ORIENTED_EDGE('',*,*,#419,.T.);
#419 = EDGE_CURVE('',#420,#422,#424,.T.);
#420 = VERTEX_POINT('',#421);
#421 = CARTESIAN_POINT('',(-24.,13.5,2.4));
#422 = VERTEX_POINT('',#423);
#423 = CARTESIAN_POINT('',(-24.,-13.5,2.4));
#424 = SURFACE_CURVE('',#425,(#429,#436),.PCURVE_S1.);
#425 = LINE('',#426,#427);
#426 = CARTESIAN_POINT('',(-24.,13.5,2.4));
#427 = VECTOR('',#428,1.);
#428 = DIRECTION('',(0.,-1.,0.));
#429 = PCURVE('',#44,#430);
#430 = DEFINITIONAL_REPRESENTATION('',(#431),#435);
#431 = LINE('',#432,#433);
#432 = CARTESIAN_POINT('',(-24.,13.5));
#433 = VECTOR('',#434,1.);
#434 = DIRECTION('',(0.,-1.));
#435 = ( GEOMETRIC_REPRESENTATION_CONTEXT(2) 
PARAMETRIC_REPRESENTATION_CONTEXT() REPRESENTATION_CONTEXT('2D SPACE',''
  ) );
#436 = PCURVE('',#437,#442);
#437 = PLANE('',#438);
#438 = AXIS2_PLACEMENT_3D('',#439,#440,#441);
#439 = CARTESIAN_POINT('',(-24.,13.5,2.4));
#440 = DIRECTION('',(1.,0.,-0.));
#441 = DIRECTION('',(0.,-1.,0.));
#442 = DEFINITIONAL_REPRESENTATION('',(#443),#447);
#443 = LINE('',#444,#445);
#444 = CARTESIAN_POINT('',(0.,0.));
#445 = VECTOR('',#446,1.);
#446 = DIRECTION('',(1.,0.));
#447 = ( GEOMETRIC_REPRESENTATION_CONTEXT(2) 
PARAMETRIC_REPRESENTATION_CONTEXT() REPRESENTATION_CONTEXT('2D SPACE',''
  ) );
#448 = ORIENTED_EDGE('',*,*,#449,.T.);
#449 = EDGE_CURVE('',#422,#22,#450,.T.);
#450 = SURFACE_CURVE('',#451,(#455,#462),.PCURVE_S1.);
#451 = LINE('',#452,#453);
#452 = CARTESIAN_POINT('',(-24.,-13.5,2.4));
#453 = VECTOR('',#454,1.);
#454 = DIRECTION('',(0.707106781187,-0.707106781187,0.));
#455 = PCURVE('',#44,#456);
#456 = DEFINITIONAL_REPRESENTATION('',(#457),#461);
#457 = LINE('',#458,#459);
#458 = CARTESIAN_POINT('',(-24.,-13.5));
#459 = VECTOR('',#460,1.);
#460 = DIRECTION('',(0.707106781187,-0.707106781187));
#461 = ( GEOMETRIC_REPRESENTATION_CONTEXT(2) 
PARAMETRIC_REPRESENTATION_CONTEXT() REPRESENTATION_CONTEXT('2D SPACE',''
  ) );
#462 = PCURVE('',#72,#463);
#463 = DEFINITIONAL_REPRESENTATION('',(#464),#468);
#464 = LINE('',#465,#466);
#465 = CARTESIAN_POINT('',(0.,0.));
#466 = VECTOR('',#467,1.);
#467 = DIRECTION('',(1.,0.));
#468 = ( GEOMETRIC_REPRESENTATION_CONTEXT(2) 
PARAMETRIC_REPRESENTATION_CONTEXT() REPRESENTATION_CONTEXT('2D SPACE',''
  ) );
#469 = ORIENTED_EDGE('',*,*,#21,.T.);
#470 = ORIENTED_EDGE('',*,*,#471,.T.);
#471 = EDGE_CURVE('',#24,#472,#474,.T.);
#472 = VERTEX_POINT('',#473);
#473 = CARTESIAN_POINT('',(-4.92449979984,-22.7,2.4));
#474 = SURFACE_CURVE('',#475,(#479,#486),.PCURVE_S1.);
#475 = LINE('',#476,#477);
#476 = CARTESIAN_POINT('',(-4.92449979984,-24.1,2.4));
#477 = VECTOR('',#478,1.);
#478 = DIRECTION('',(0.,1.,0.));
#479 = PCURVE('',#44,#480);
#480 = DEFINITIONAL_REPRESENTATION('',(#481),#485);
#481 = LINE('',#482,#483);
#482 = CARTESIAN_POINT('',(-4.92449979984,-24.1));
#483 = VECTOR('',#484,1.);
#484 = DIRECTION('',(0.,1.));
#485 = ( GEOMETRIC_REPRESENTATION_CONTEXT(2) 
PARAMETRIC_REPRESENTATION_CONTEXT() REPRESENTATION_CONTEXT('2D SPACE',''
  ) );
#486 = PCURVE('',#342,#487);
#487 = DEFINITIONAL_REPRESENTATION('',(#488),#491);
#488 = B_SPLINE_CURVE_WITH_KNOTS('',1,(#489,#490),.UNSPECIFIED.,.F.,.F.,
  (2,2),(-5.999999999062E-07,1.4000006),.PIECEWISE_BEZIER_KNOTS.);
#489 = CARTESIAN_POINT('',(-1.253235897503,-5.999999999062E-07));
#490 = CARTESIAN_POINT('',(-1.253235897503,1.4000006));
#491 = ( GEOMETRIC_REPRESENTATION_CONTEXT(2) 
PARAMETRIC_REPRESENTATION_CONTEXT() REPRESENTATION_CONTEXT('2D SPACE',''
  ) );
#492 = ORIENTED_EDGE('',*,*,#493,.F.);
#493 = EDGE_CURVE('',#494,#472,#496,.T.);
#494 = VERTEX_POINT('',#495);
#495 = CARTESIAN_POINT('',(4.92449979984,-22.7,2.4));
#496 = SURFACE_CURVE('',#497,(#501,#508),.PCURVE_S1.);
#497 = LINE('',#498,#499);
#498 = CARTESIAN_POINT('',(-3.15,-22.7,2.4));
#499 = VECTOR('',#500,1.);
#500 = DIRECTION('',(-1.,0.,0.));
#501 = PCURVE('',#44,#502);
#502 = DEFINITIONAL_REPRESENTATION('',(#503),#507);
#503 = LINE('',#504,#505);
#504 = CARTESIAN_POINT('',(-3.15,-22.7));
#505 = VECTOR('',#506,1.);
#506 = DIRECTION('',(-1.,0.));
#507 = ( GEOMETRIC_REPRESENTATION_CONTEXT(2) 
PARAMETRIC_REPRESENTATION_CONTEXT() REPRESENTATION_CONTEXT('2D SPACE',''
  ) );
#508 = PCURVE('',#509,#514);
#509 = PLANE('',#510);
#510 = AXIS2_PLACEMENT_3D('',#511,#512,#513);
#511 = CARTESIAN_POINT('',(-6.3,-22.7,2.3));
#512 = DIRECTION('',(0.,1.,0.));
#513 = DIRECTION('',(0.,0.,1.));
#514 = DEFINITIONAL_REPRESENTATION('',(#515),#518);
#515 = B_SPLINE_CURVE_WITH_KNOTS('',1,(#516,#517),.UNSPECIFIED.,.F.,.F.,
  (2,2),(-9.45,3.15),.PIECEWISE_BEZIER_KNOTS.);
#516 = CARTESIAN_POINT('',(0.1,12.6));
#517 = CARTESIAN_POINT('',(0.1,0.));
#518 = ( GEOMETRIC_REPRESENTATION_CONTEXT(2) 
PARAMETRIC_REPRESENTATION_CONTEXT() REPRESENTATION_CONTEXT('2D SPACE',''
  ) );
#519 = ORIENTED_EDGE('',*,*,#520,.F.);
#520 = EDGE_CURVE('',#140,#494,#521,.T.);
#521 = SURFACE_CURVE('',#522,(#526,#533),.PCURVE_S1.);
#522 = LINE('',#523,#524);
#523 = CARTESIAN_POINT('',(4.92449979984,-24.1,2.4));
#524 = VECTOR('',#525,1.);
#525 = DIRECTION('',(0.,1.,0.));
#526 = PCURVE('',#44,#527);
#527 = DEFINITIONAL_REPRESENTATION('',(#528),#532);
#528 = LINE('',#529,#530);
#529 = CARTESIAN_POINT('',(4.92449979984,-24.1));
#530 = VECTOR('',#531,1.);
#531 = DIRECTION('',(0.,1.));
#532 = ( GEOMETRIC_REPRESENTATION_CONTEXT(2) 
PARAMETRIC_REPRESENTATION_CONTEXT() REPRESENTATION_CONTEXT('2D SPACE',''
  ) );
#533 = PCURVE('',#179,#534);
#534 = DEFINITIONAL_REPRESENTATION('',(#535),#538);
#535 = B_SPLINE_CURVE_WITH_KNOTS('',1,(#536,#537),.UNSPECIFIED.,.F.,.F.,
  (2,2),(-5.999999999062E-07,1.4000006),.PIECEWISE_BEZIER_KNOTS.);
#536 = CARTESIAN_POINT('',(1.253235897503,-5.999999999062E-07));
#537 = CARTESIAN_POINT('',(1.253235897503,1.4000006));
#538 = ( GEOMETRIC_REPRESENTATION_CONTEXT(2) 
PARAMETRIC_REPRESENTATION_CONTEXT() REPRESENTATION_CONTEXT('2D SPACE',''
  ) );
#539 = ORIENTED_EDGE('',*,*,#139,.T.);
#540 = ORIENTED_EDGE('',*,*,#541,.T.);
#541 = EDGE_CURVE('',#112,#542,#544,.T.);
#542 = VERTEX_POINT('',#543);
#543 = CARTESIAN_POINT('',(22.428571428571,-15.07142857142,2.4));
#544 = SURFACE_CURVE('',#545,(#549,#556),.PCURVE_S1.);
#545 = LINE('',#546,#547);
#546 = CARTESIAN_POINT('',(13.5,-24.,2.4));
#547 = VECTOR('',#548,1.);
#548 = DIRECTION('',(0.707106781187,0.707106781187,0.));
#549 = PCURVE('',#44,#550);
#550 = DEFINITIONAL_REPRESENTATION('',(#551),#555);
#551 = LINE('',#552,#553);
#552 = CARTESIAN_POINT('',(13.5,-24.));
#553 = VECTOR('',#554,1.);
#554 = DIRECTION('',(0.707106781187,0.707106781187));
#555 = ( GEOMETRIC_REPRESENTATION_CONTEXT(2) 
PARAMETRIC_REPRESENTATION_CONTEXT() REPRESENTATION_CONTEXT('2D SPACE',''
  ) );
#556 = PCURVE('',#127,#557);
#557 = DEFINITIONAL_REPRESENTATION('',(#558),#562);
#558 = LINE('',#559,#560);
#559 = CARTESIAN_POINT('',(0.,0.));
#560 = VECTOR('',#561,1.);
#561 = DIRECTION('',(1.,0.));
#562 = ( GEOMETRIC_REPRESENTATION_CONTEXT(2) 
PARAMETRIC_REPRESENTATION_CONTEXT() REPRESENTATION_CONTEXT('2D SPACE',''
  ) );
#563 = ORIENTED_EDGE('',*,*,#564,.F.);
#564 = EDGE_CURVE('',#565,#542,#567,.T.);
#565 = VERTEX_POINT('',#566);
#566 = CARTESIAN_POINT('',(26.260016014122,-14.39529129162,2.4));
#567 = SURFACE_CURVE('',#568,(#572,#579),.PCURVE_S1.);
#568 = LINE('',#569,#570);
#569 = CARTESIAN_POINT('',(28.5,-14.,2.4));
#570 = VECTOR('',#571,1.);
#571 = DIRECTION('',(-0.984783558818,-0.173785333909,0.));
#572 = PCURVE('',#44,#573);
#573 = DEFINITIONAL_REPRESENTATION('',(#574),#578);
#574 = LINE('',#575,#576);
#575 = CARTESIAN_POINT('',(28.5,-14.));
#576 = VECTOR('',#577,1.);
#577 = DIRECTION('',(-0.984783558818,-0.173785333909));
#578 = ( GEOMETRIC_REPRESENTATION_CONTEXT(2) 
PARAMETRIC_REPRESENTATION_CONTEXT() REPRESENTATION_CONTEXT('2D SPACE',''
  ) );
#579 = PCURVE('',#580,#585);
#580 = PLANE('',#581);
#581 = AXIS2_PLACEMENT_3D('',#582,#583,#584);
#582 = CARTESIAN_POINT('',(28.5,-14.,2.4));
#583 = DIRECTION('',(0.173785333909,-0.984783558818,0.));
#584 = DIRECTION('',(-0.984783558818,-0.173785333909,0.));
#585 = DEFINITIONAL_REPRESENTATION('',(#586),#590);
#586 = LINE('',#587,#588);
#587 = CARTESIAN_POINT('',(0.,0.));
#588 = VECTOR('',#589,1.);
#589 = DIRECTION('',(1.,0.));
#590 = ( GEOMETRIC_REPRESENTATION_CONTEXT(2) 
PARAMETRIC_REPRESENTATION_CONTEXT() REPRESENTATION_CONTEXT('2D SPACE',''
  ) );
#591 = ORIENTED_EDGE('',*,*,#592,.F.);
#592 = EDGE_CURVE('',#593,#565,#595,.T.);
#593 = VERTEX_POINT('',#594);
#594 = CARTESIAN_POINT('',(36.312657533928,-8.450180715396,2.4));
#595 = SURFACE_CURVE('',#596,(#600,#607),.PCURVE_S1.);
#596 = LINE('',#597,#598);
#597 = CARTESIAN_POINT('',(36.312657533928,-8.450180715396,2.4));
#598 = VECTOR('',#599,1.);
#599 = DIRECTION('',(-0.860742216303,-0.509041095663,0.));
#600 = PCURVE('',#44,#601);
#601 = DEFINITIONAL_REPRESENTATION('',(#602),#606);
#602 = LINE('',#603,#604);
#603 = CARTESIAN_POINT('',(36.312657533928,-8.450180715396));
#604 = VECTOR('',#605,1.);
#605 = DIRECTION('',(-0.860742216303,-0.509041095663));
#606 = ( GEOMETRIC_REPRESENTATION_CONTEXT(2) 
PARAMETRIC_REPRESENTATION_CONTEXT() REPRESENTATION_CONTEXT('2D SPACE',''
  ) );
#607 = PCURVE('',#608,#613);
#608 = PLANE('',#609);
#609 = AXIS2_PLACEMENT_3D('',#610,#611,#612);
#610 = CARTESIAN_POINT('',(36.516273972193,-8.794477601917,2.8));
#611 = DIRECTION('',(0.359946410646,-0.608636658001,-0.707106781187));
#612 = DIRECTION('',(0.860742216303,0.509041095663,-5.493380858064E-18)
  );
#613 = DEFINITIONAL_REPRESENTATION('',(#614),#618);
#614 = LINE('',#615,#616);
#615 = CARTESIAN_POINT('',(-3.552713678801E-15,-0.565685424949));
#616 = VECTOR('',#617,1.);
#617 = DIRECTION('',(-1.,0.));
#618 = ( GEOMETRIC_REPRESENTATION_CONTEXT(2) 
PARAMETRIC_REPRESENTATION_CONTEXT() REPRESENTATION_CONTEXT('2D SPACE',''
  ) );
#619 = ORIENTED_EDGE('',*,*,#620,.F.);
#620 = EDGE_CURVE('',#621,#593,#623,.T.);
#621 = VERTEX_POINT('',#622);
#622 = CARTESIAN_POINT('',(37.,-7.245141612572,2.4));
#623 = SURFACE_CURVE('',#624,(#629,#640),.PCURVE_S1.);
#624 = CIRCLE('',#625,1.4);
#625 = AXIS2_PLACEMENT_3D('',#626,#627,#628);
#626 = CARTESIAN_POINT('',(35.6,-7.245141612572,2.4));
#627 = DIRECTION('',(0.,0.,-1.));
#628 = DIRECTION('',(1.,0.,0.));
#629 = PCURVE('',#44,#630);
#630 = DEFINITIONAL_REPRESENTATION('',(#631),#639);
#631 = ( BOUNDED_CURVE() B_SPLINE_CURVE(2,(#632,#633,#634,#635,#636,#637
,#638),.UNSPECIFIED.,.T.,.F.) B_SPLINE_CURVE_WITH_KNOTS((1,2,2,2,2,1),(
    -2.094395102393,0.,2.094395102393,4.188790204786,6.28318530718,
8.377580409573),.UNSPECIFIED.) CURVE() GEOMETRIC_REPRESENTATION_ITEM() 
RATIONAL_B_SPLINE_CURVE((1.,0.5,1.,0.5,1.,0.5,1.)) REPRESENTATION_ITEM(
  '') );
#632 = CARTESIAN_POINT('',(37.,-7.245141612572));
#633 = CARTESIAN_POINT('',(37.,-9.670012743168));
#634 = CARTESIAN_POINT('',(34.9,-8.45757717787));
#635 = CARTESIAN_POINT('',(32.8,-7.245141612572));
#636 = CARTESIAN_POINT('',(34.9,-6.032706047274));
#637 = CARTESIAN_POINT('',(37.,-4.820270481975));
#638 = CARTESIAN_POINT('',(37.,-7.245141612572));
#639 = ( GEOMETRIC_REPRESENTATION_CONTEXT(2) 
PARAMETRIC_REPRESENTATION_CONTEXT() REPRESENTATION_CONTEXT('2D SPACE',''
  ) );
#640 = PCURVE('',#641,#646);
#641 = CONICAL_SURFACE('',#642,2.2,0.785398163397);
#642 = AXIS2_PLACEMENT_3D('',#643,#644,#645);
#643 = CARTESIAN_POINT('',(35.6,-7.245141612572,3.2));
#644 = DIRECTION('',(0.,-0.,1.));
#645 = DIRECTION('',(1.,0.,0.));
#646 = DEFINITIONAL_REPRESENTATION('',(#647),#651);
#647 = LINE('',#648,#649);
#648 = CARTESIAN_POINT('',(-0.,-0.8));
#649 = VECTOR('',#650,1.);
#650 = DIRECTION('',(-1.,0.));
#651 = ( GEOMETRIC_REPRESENTATION_CONTEXT(2) 
PARAMETRIC_REPRESENTATION_CONTEXT() REPRESENTATION_CONTEXT('2D SPACE',''
  ) );
#652 = ORIENTED_EDGE('',*,*,#653,.F.);
#653 = EDGE_CURVE('',#654,#621,#656,.T.);
#654 = VERTEX_POINT('',#655);
#655 = CARTESIAN_POINT('',(37.,7.245141612572,2.4));
#656 = SURFACE_CURVE('',#657,(#661,#668),.PCURVE_S1.);
#657 = LINE('',#658,#659);
#658 = CARTESIAN_POINT('',(37.,7.245141612572,2.4));
#659 = VECTOR('',#660,1.);
#660 = DIRECTION('',(0.,-1.,0.));
#661 = PCURVE('',#44,#662);
#662 = DEFINITIONAL_REPRESENTATION('',(#663),#667);
#663 = LINE('',#664,#665);
#664 = CARTESIAN_POINT('',(37.,7.245141612572));
#665 = VECTOR('',#666,1.);
#666 = DIRECTION('',(0.,-1.));
#667 = ( GEOMETRIC_REPRESENTATION_CONTEXT(2) 
PARAMETRIC_REPRESENTATION_CONTEXT() REPRESENTATION_CONTEXT('2D SPACE',''
  ) );
#668 = PCURVE('',#669,#674);
#669 = PLANE('',#670);
#670 = AXIS2_PLACEMENT_3D('',#671,#672,#673);
#671 = CARTESIAN_POINT('',(37.4,7.245141612572,2.8));
#672 = DIRECTION('',(0.707106781187,4.861032316008E-18,-0.707106781187)
  );
#673 = DIRECTION('',(-3.437268914217E-18,1.,3.437268914217E-18));
#674 = DEFINITIONAL_REPRESENTATION('',(#675),#679);
#675 = LINE('',#676,#677);
#676 = CARTESIAN_POINT('',(-0.,-0.565685424949));
#677 = VECTOR('',#678,1.);
#678 = DIRECTION('',(-1.,0.));
#679 = ( GEOMETRIC_REPRESENTATION_CONTEXT(2) 
PARAMETRIC_REPRESENTATION_CONTEXT() REPRESENTATION_CONTEXT('2D SPACE',''
  ) );
#680 = ORIENTED_EDGE('',*,*,#681,.F.);
#681 = EDGE_CURVE('',#682,#654,#684,.T.);
#682 = VERTEX_POINT('',#683);
#683 = CARTESIAN_POINT('',(36.312657533928,8.450180715396,2.4));
#684 = SURFACE_CURVE('',#685,(#690,#701),.PCURVE_S1.);
#685 = CIRCLE('',#686,1.4);
#686 = AXIS2_PLACEMENT_3D('',#687,#688,#689);
#687 = CARTESIAN_POINT('',(35.6,7.245141612572,2.4));
#688 = DIRECTION('',(0.,0.,-1.));
#689 = DIRECTION('',(0.509041095663,0.860742216303,0.));
#690 = PCURVE('',#44,#691);
#691 = DEFINITIONAL_REPRESENTATION('',(#692),#700);
#692 = ( BOUNDED_CURVE() B_SPLINE_CURVE(2,(#693,#694,#695,#696,#697,#698
,#699),.UNSPECIFIED.,.T.,.F.) B_SPLINE_CURVE_WITH_KNOTS((1,2,2,2,2,1),(
    -2.094395102393,0.,2.094395102393,4.188790204786,6.28318530718,
8.377580409573),.UNSPECIFIED.) CURVE() GEOMETRIC_REPRESENTATION_ITEM() 
RATIONAL_B_SPLINE_CURVE((1.,0.5,1.,0.5,1.,0.5,1.)) REPRESENTATION_ITEM(
  '') );
#693 = CARTESIAN_POINT('',(36.312657533928,8.450180715396));
#694 = CARTESIAN_POINT('',(38.399846485127,7.215821658236));
#695 = CARTESIAN_POINT('',(36.287265708635,6.02544253258));
#696 = CARTESIAN_POINT('',(34.174684932143,4.835063406924));
#697 = CARTESIAN_POINT('',(34.200076757437,7.25980158974));
#698 = CARTESIAN_POINT('',(34.22546858273,9.684539772557));
#699 = CARTESIAN_POINT('',(36.312657533928,8.450180715396));
#700 = ( GEOMETRIC_REPRESENTATION_CONTEXT(2) 
PARAMETRIC_REPRESENTATION_CONTEXT() REPRESENTATION_CONTEXT('2D SPACE',''
  ) );
#701 = PCURVE('',#702,#707);
#702 = CONICAL_SURFACE('',#703,2.2,0.785398163397);
#703 = AXIS2_PLACEMENT_3D('',#704,#705,#706);
#704 = CARTESIAN_POINT('',(35.6,7.245141612572,3.2));
#705 = DIRECTION('',(0.,-0.,1.));
#706 = DIRECTION('',(0.509041095663,0.860742216303,0.));
#707 = DEFINITIONAL_REPRESENTATION('',(#708),#712);
#708 = LINE('',#709,#710);
#709 = CARTESIAN_POINT('',(-0.,-0.8));
#710 = VECTOR('',#711,1.);
#711 = DIRECTION('',(-1.,0.));
#712 = ( GEOMETRIC_REPRESENTATION_CONTEXT(2) 
PARAMETRIC_REPRESENTATION_CONTEXT() REPRESENTATION_CONTEXT('2D SPACE',''
  ) );
#713 = ORIENTED_EDGE('',*,*,#714,.F.);
#714 = EDGE_CURVE('',#715,#682,#717,.T.);
#715 = VERTEX_POINT('',#716);
#716 = CARTESIAN_POINT('',(26.260016014122,14.395291291626,2.4));
#717 = SURFACE_CURVE('',#718,(#722,#729),.PCURVE_S1.);
#718 = LINE('',#719,#720);
#719 = CARTESIAN_POINT('',(28.09276712347,13.311406226958,2.4));
#720 = VECTOR('',#721,1.);
#721 = DIRECTION('',(0.860742216303,-0.509041095663,0.));
#722 = PCURVE('',#44,#723);
#723 = DEFINITIONAL_REPRESENTATION('',(#724),#728);
#724 = LINE('',#725,#726);
#725 = CARTESIAN_POINT('',(28.09276712347,13.311406226958));
#726 = VECTOR('',#727,1.);
#727 = DIRECTION('',(0.860742216303,-0.509041095663));
#728 = ( GEOMETRIC_REPRESENTATION_CONTEXT(2) 
PARAMETRIC_REPRESENTATION_CONTEXT() REPRESENTATION_CONTEXT('2D SPACE',''
  ) );
#729 = PCURVE('',#730,#735);
#730 = PLANE('',#731);
#731 = AXIS2_PLACEMENT_3D('',#732,#733,#734);
#732 = CARTESIAN_POINT('',(28.296383561735,13.655703113479,2.8));
#733 = DIRECTION('',(0.359946410646,0.608636658001,-0.707106781187));
#734 = DIRECTION('',(-0.860742216303,0.509041095663,7.633524866026E-17)
  );
#735 = DEFINITIONAL_REPRESENTATION('',(#736),#740);
#736 = LINE('',#737,#738);
#737 = CARTESIAN_POINT('',(-3.552713678801E-15,-0.565685424949));
#738 = VECTOR('',#739,1.);
#739 = DIRECTION('',(-1.,0.));
#740 = ( GEOMETRIC_REPRESENTATION_CONTEXT(2) 
PARAMETRIC_REPRESENTATION_CONTEXT() REPRESENTATION_CONTEXT('2D SPACE',''
  ) );
#741 = ORIENTED_EDGE('',*,*,#742,.F.);
#742 = EDGE_CURVE('',#743,#715,#745,.T.);
#743 = VERTEX_POINT('',#744);
#744 = CARTESIAN_POINT('',(22.428571428571,15.071428571429,2.4));
#745 = SURFACE_CURVE('',#746,(#750,#757),.PCURVE_S1.);
#746 = LINE('',#747,#748);
#747 = CARTESIAN_POINT('',(20.,15.5,2.4));
#748 = VECTOR('',#749,1.);
#749 = DIRECTION('',(0.984783558818,-0.173785333909,0.));
#750 = PCURVE('',#44,#751);
#751 = DEFINITIONAL_REPRESENTATION('',(#752),#756);
#752 = LINE('',#753,#754);
#753 = CARTESIAN_POINT('',(20.,15.5));
#754 = VECTOR('',#755,1.);
#755 = DIRECTION('',(0.984783558818,-0.173785333909));
#756 = ( GEOMETRIC_REPRESENTATION_CONTEXT(2) 
PARAMETRIC_REPRESENTATION_CONTEXT() REPRESENTATION_CONTEXT('2D SPACE',''
  ) );
#757 = PCURVE('',#758,#763);
#758 = PLANE('',#759);
#759 = AXIS2_PLACEMENT_3D('',#760,#761,#762);
#760 = CARTESIAN_POINT('',(20.,15.5,2.4));
#761 = DIRECTION('',(0.173785333909,0.984783558818,-0.));
#762 = DIRECTION('',(0.984783558818,-0.173785333909,0.));
#763 = DEFINITIONAL_REPRESENTATION('',(#764),#768);
#764 = LINE('',#765,#766);
#765 = CARTESIAN_POINT('',(0.,0.));
#766 = VECTOR('',#767,1.);
#767 = DIRECTION('',(1.,0.));
#768 = ( GEOMETRIC_REPRESENTATION_CONTEXT(2) 
PARAMETRIC_REPRESENTATION_CONTEXT() REPRESENTATION_CONTEXT('2D SPACE',''
  ) );
#769 = ORIENTED_EDGE('',*,*,#770,.T.);
#770 = EDGE_CURVE('',#743,#771,#773,.T.);
#771 = VERTEX_POINT('',#772);
#772 = CARTESIAN_POINT('',(13.5,24.,2.4));
#773 = SURFACE_CURVE('',#774,(#778,#785),.PCURVE_S1.);
#774 = LINE('',#775,#776);
#775 = CARTESIAN_POINT('',(24.,13.5,2.4));
#776 = VECTOR('',#777,1.);
#777 = DIRECTION('',(-0.707106781187,0.707106781187,0.));
#778 = PCURVE('',#44,#779);
#779 = DEFINITIONAL_REPRESENTATION('',(#780),#784);
#780 = LINE('',#781,#782);
#781 = CARTESIAN_POINT('',(24.,13.5));
#782 = VECTOR('',#783,1.);
#783 = DIRECTION('',(-0.707106781187,0.707106781187));
#784 = ( GEOMETRIC_REPRESENTATION_CONTEXT(2) 
PARAMETRIC_REPRESENTATION_CONTEXT() REPRESENTATION_CONTEXT('2D SPACE',''
  ) );
#785 = PCURVE('',#786,#791);
#786 = PLANE('',#787);
#787 = AXIS2_PLACEMENT_3D('',#788,#789,#790);
#788 = CARTESIAN_POINT('',(24.,13.5,2.4));
#789 = DIRECTION('',(-0.707106781187,-0.707106781187,0.));
#790 = DIRECTION('',(-0.707106781187,0.707106781187,0.));
#791 = DEFINITIONAL_REPRESENTATION('',(#792),#796);
#792 = LINE('',#793,#794);
#793 = CARTESIAN_POINT('',(0.,0.));
#794 = VECTOR('',#795,1.);
#795 = DIRECTION('',(1.,0.));
#796 = ( GEOMETRIC_REPRESENTATION_CONTEXT(2) 
PARAMETRIC_REPRESENTATION_CONTEXT() REPRESENTATION_CONTEXT('2D SPACE',''
  ) );
#797 = ORIENTED_EDGE('',*,*,#798,.T.);
#798 = EDGE_CURVE('',#771,#799,#801,.T.);
#799 = VERTEX_POINT('',#800);
#800 = CARTESIAN_POINT('',(-13.5,24.,2.4));
#801 = SURFACE_CURVE('',#802,(#806,#813),.PCURVE_S1.);
#802 = LINE('',#803,#804);
#803 = CARTESIAN_POINT('',(13.5,24.,2.4));
#804 = VECTOR('',#805,1.);
#805 = DIRECTION('',(-1.,0.,0.));
#806 = PCURVE('',#44,#807);
#807 = DEFINITIONAL_REPRESENTATION('',(#808),#812);
#808 = LINE('',#809,#810);
#809 = CARTESIAN_POINT('',(13.5,24.));
#810 = VECTOR('',#811,1.);
#811 = DIRECTION('',(-1.,0.));
#812 = ( GEOMETRIC_REPRESENTATION_CONTEXT(2) 
PARAMETRIC_REPRESENTATION_CONTEXT() REPRESENTATION_CONTEXT('2D SPACE',''
  ) );
#813 = PCURVE('',#814,#819);
#814 = PLANE('',#815);
#815 = AXIS2_PLACEMENT_3D('',#816,#817,#818);
#816 = CARTESIAN_POINT('',(13.5,24.,2.4));
#817 = DIRECTION('',(0.,-1.,0.));
#818 = DIRECTION('',(-1.,0.,0.));
#819 = DEFINITIONAL_REPRESENTATION('',(#820),#824);
#820 = LINE('',#821,#822);
#821 = CARTESIAN_POINT('',(0.,-0.));
#822 = VECTOR('',#823,1.);
#823 = DIRECTION('',(1.,0.));
#824 = ( GEOMETRIC_REPRESENTATION_CONTEXT(2) 
PARAMETRIC_REPRESENTATION_CONTEXT() REPRESENTATION_CONTEXT('2D SPACE',''
  ) );
#825 = ORIENTED_EDGE('',*,*,#826,.T.);
#826 = EDGE_CURVE('',#799,#420,#827,.T.);
#827 = SURFACE_CURVE('',#828,(#832,#839),.PCURVE_S1.);
#828 = LINE('',#829,#830);
#829 = CARTESIAN_POINT('',(-13.5,24.,2.4));
#830 = VECTOR('',#831,1.);
#831 = DIRECTION('',(-0.707106781187,-0.707106781187,0.));
#832 = PCURVE('',#44,#833);
#833 = DEFINITIONAL_REPRESENTATION('',(#834),#838);
#834 = LINE('',#835,#836);
#835 = CARTESIAN_POINT('',(-13.5,24.));
#836 = VECTOR('',#837,1.);
#837 = DIRECTION('',(-0.707106781187,-0.707106781187));
#838 = ( GEOMETRIC_REPRESENTATION_CONTEXT(2) 
PARAMETRIC_REPRESENTATION_CONTEXT() REPRESENTATION_CONTEXT('2D SPACE',''
  ) );
#839 = PCURVE('',#840,#845);
#840 = PLANE('',#841);
#841 = AXIS2_PLACEMENT_3D('',#842,#843,#844);
#842 = CARTESIAN_POINT('',(-13.5,24.,2.4));
#843 = DIRECTION('',(0.707106781187,-0.707106781187,0.));
#844 = DIRECTION('',(-0.707106781187,-0.707106781187,0.));
#845 = DEFINITIONAL_REPRESENTATION('',(#846),#850);
#846 = LINE('',#847,#848);
#847 = CARTESIAN_POINT('',(0.,0.));
#848 = VECTOR('',#849,1.);
#849 = DIRECTION('',(1.,0.));
#850 = ( GEOMETRIC_REPRESENTATION_CONTEXT(2) 
PARAMETRIC_REPRESENTATION_CONTEXT() REPRESENTATION_CONTEXT('2D SPACE',''
  ) );
#851 = FACE_BOUND('',#852,.F.);
#852 = EDGE_LOOP('',(#853,#883,#911,#939,#967,#995,#1023,#1051,#1079,
    #1102,#1130,#1158,#1186,#1209,#1237,#1265));
#853 = ORIENTED_EDGE('',*,*,#854,.F.);
#854 = EDGE_CURVE('',#855,#857,#859,.T.);
#855 = VERTEX_POINT('',#856);
#856 = CARTESIAN_POINT('',(-13.5,-21.8,2.4));
#857 = VERTEX_POINT('',#858);
#858 = CARTESIAN_POINT('',(-8.5,-21.8,2.4));
#859 = SURFACE_CURVE('',#860,(#864,#871),.PCURVE_S1.);
#860 = LINE('',#861,#862);
#861 = CARTESIAN_POINT('',(-13.5,-21.8,2.4));
#862 = VECTOR('',#863,1.);
#863 = DIRECTION('',(1.,0.,0.));
#864 = PCURVE('',#44,#865);
#865 = DEFINITIONAL_REPRESENTATION('',(#866),#870);
#866 = LINE('',#867,#868);
#867 = CARTESIAN_POINT('',(-13.5,-21.8));
#868 = VECTOR('',#869,1.);
#869 = DIRECTION('',(1.,0.));
#870 = ( GEOMETRIC_REPRESENTATION_CONTEXT(2) 
PARAMETRIC_REPRESENTATION_CONTEXT() REPRESENTATION_CONTEXT('2D SPACE',''
  ) );
#871 = PCURVE('',#872,#877);
#872 = PLANE('',#873);
#873 = AXIS2_PLACEMENT_3D('',#874,#875,#876);
#874 = CARTESIAN_POINT('',(-13.5,-21.8,2.4));
#875 = DIRECTION('',(0.,1.,0.));
#876 = DIRECTION('',(1.,0.,0.));
#877 = DEFINITIONAL_REPRESENTATION('',(#878),#882);
#878 = LINE('',#879,#880);
#879 = CARTESIAN_POINT('',(0.,0.));
#880 = VECTOR('',#881,1.);
#881 = DIRECTION('',(1.,0.));
#882 = ( GEOMETRIC_REPRESENTATION_CONTEXT(2) 
PARAMETRIC_REPRESENTATION_CONTEXT() REPRESENTATION_CONTEXT('2D SPACE',''
  ) );
#883 = ORIENTED_EDGE('',*,*,#884,.F.);
#884 = EDGE_CURVE('',#885,#855,#887,.T.);
#885 = VERTEX_POINT('',#886);
#886 = CARTESIAN_POINT('',(-21.8,-13.5,2.4));
#887 = SURFACE_CURVE('',#888,(#892,#899),.PCURVE_S1.);
#888 = LINE('',#889,#890);
#889 = CARTESIAN_POINT('',(-21.8,-13.5,2.4));
#890 = VECTOR('',#891,1.);
#891 = DIRECTION('',(0.707106781187,-0.707106781187,0.));
#892 = PCURVE('',#44,#893);
#893 = DEFINITIONAL_REPRESENTATION('',(#894),#898);
#894 = LINE('',#895,#896);
#895 = CARTESIAN_POINT('',(-21.8,-13.5));
#896 = VECTOR('',#897,1.);
#897 = DIRECTION('',(0.707106781187,-0.707106781187));
#898 = ( GEOMETRIC_REPRESENTATION_CONTEXT(2) 
PARAMETRIC_REPRESENTATION_CONTEXT() REPRESENTATION_CONTEXT('2D SPACE',''
  ) );
#899 = PCURVE('',#900,#905);
#900 = PLANE('',#901);
#901 = AXIS2_PLACEMENT_3D('',#902,#903,#904);
#902 = CARTESIAN_POINT('',(-21.8,-13.5,2.4));
#903 = DIRECTION('',(0.707106781187,0.707106781187,-0.));
#904 = DIRECTION('',(0.707106781187,-0.707106781187,0.));
#905 = DEFINITIONAL_REPRESENTATION('',(#906),#910);
#906 = LINE('',#907,#908);
#907 = CARTESIAN_POINT('',(0.,0.));
#908 = VECTOR('',#909,1.);
#909 = DIRECTION('',(1.,0.));
#910 = ( GEOMETRIC_REPRESENTATION_CONTEXT(2) 
PARAMETRIC_REPRESENTATION_CONTEXT() REPRESENTATION_CONTEXT('2D SPACE',''
  ) );
#911 = ORIENTED_EDGE('',*,*,#912,.F.);
#912 = EDGE_CURVE('',#913,#885,#915,.T.);
#913 = VERTEX_POINT('',#914);
#914 = CARTESIAN_POINT('',(-21.8,13.5,2.4));
#915 = SURFACE_CURVE('',#916,(#920,#927),.PCURVE_S1.);
#916 = LINE('',#917,#918);
#917 = CARTESIAN_POINT('',(-21.8,13.5,2.4));
#918 = VECTOR('',#919,1.);
#919 = DIRECTION('',(0.,-1.,0.));
#920 = PCURVE('',#44,#921);
#921 = DEFINITIONAL_REPRESENTATION('',(#922),#926);
#922 = LINE('',#923,#924);
#923 = CARTESIAN_POINT('',(-21.8,13.5));
#924 = VECTOR('',#925,1.);
#925 = DIRECTION('',(0.,-1.));
#926 = ( GEOMETRIC_REPRESENTATION_CONTEXT(2) 
PARAMETRIC_REPRESENTATION_CONTEXT() REPRESENTATION_CONTEXT('2D SPACE',''
  ) );
#927 = PCURVE('',#928,#933);
#928 = PLANE('',#929);
#929 = AXIS2_PLACEMENT_3D('',#930,#931,#932);
#930 = CARTESIAN_POINT('',(-21.8,13.5,2.4));
#931 = DIRECTION('',(1.,0.,-0.));
#932 = DIRECTION('',(0.,-1.,0.));
#933 = DEFINITIONAL_REPRESENTATION('',(#934),#938);
#934 = LINE('',#935,#936);
#935 = CARTESIAN_POINT('',(0.,0.));
#936 = VECTOR('',#937,1.);
#937 = DIRECTION('',(1.,0.));
#938 = ( GEOMETRIC_REPRESENTATION_CONTEXT(2) 
PARAMETRIC_REPRESENTATION_CONTEXT() REPRESENTATION_CONTEXT('2D SPACE',''
  ) );
#939 = ORIENTED_EDGE('',*,*,#940,.F.);
#940 = EDGE_CURVE('',#941,#913,#943,.T.);
#941 = VERTEX_POINT('',#942);
#942 = CARTESIAN_POINT('',(-13.5,21.8,2.4));
#943 = SURFACE_CURVE('',#944,(#948,#955),.PCURVE_S1.);
#944 = LINE('',#945,#946);
#945 = CARTESIAN_POINT('',(-13.5,21.8,2.4));
#946 = VECTOR('',#947,1.);
#947 = DIRECTION('',(-0.707106781187,-0.707106781187,0.));
#948 = PCURVE('',#44,#949);
#949 = DEFINITIONAL_REPRESENTATION('',(#950),#954);
#950 = LINE('',#951,#952);
#951 = CARTESIAN_POINT('',(-13.5,21.8));
#952 = VECTOR('',#953,1.);
#953 = DIRECTION('',(-0.707106781187,-0.707106781187));
#954 = ( GEOMETRIC_REPRESENTATION_CONTEXT(2) 
PARAMETRIC_REPRESENTATION_CONTEXT() REPRESENTATION_CONTEXT('2D SPACE',''
  ) );
#955 = PCURVE('',#956,#961);
#956 = PLANE('',#957);
#957 = AXIS2_PLACEMENT_3D('',#958,#959,#960);
#958 = CARTESIAN_POINT('',(-13.5,21.8,2.4));
#959 = DIRECTION('',(0.707106781187,-0.707106781187,0.));
#960 = DIRECTION('',(-0.707106781187,-0.707106781187,0.));
#961 = DEFINITIONAL_REPRESENTATION('',(#962),#966);
#962 = LINE('',#963,#964);
#963 = CARTESIAN_POINT('',(0.,0.));
#964 = VECTOR('',#965,1.);
#965 = DIRECTION('',(1.,0.));
#966 = ( GEOMETRIC_REPRESENTATION_CONTEXT(2) 
PARAMETRIC_REPRESENTATION_CONTEXT() REPRESENTATION_CONTEXT('2D SPACE',''
  ) );
#967 = ORIENTED_EDGE('',*,*,#968,.F.);
#968 = EDGE_CURVE('',#969,#941,#971,.T.);
#969 = VERTEX_POINT('',#970);
#970 = CARTESIAN_POINT('',(13.5,21.8,2.4));
#971 = SURFACE_CURVE('',#972,(#976,#983),.PCURVE_S1.);
#972 = LINE('',#973,#974);
#973 = CARTESIAN_POINT('',(13.5,21.8,2.4));
#974 = VECTOR('',#975,1.);
#975 = DIRECTION('',(-1.,0.,0.));
#976 = PCURVE('',#44,#977);
#977 = DEFINITIONAL_REPRESENTATION('',(#978),#982);
#978 = LINE('',#979,#980);
#979 = CARTESIAN_POINT('',(13.5,21.8));
#980 = VECTOR('',#981,1.);
#981 = DIRECTION('',(-1.,0.));
#982 = ( GEOMETRIC_REPRESENTATION_CONTEXT(2) 
PARAMETRIC_REPRESENTATION_CONTEXT() REPRESENTATION_CONTEXT('2D SPACE',''
  ) );
#983 = PCURVE('',#984,#989);
#984 = PLANE('',#985);
#985 = AXIS2_PLACEMENT_3D('',#986,#987,#988);
#986 = CARTESIAN_POINT('',(13.5,21.8,2.4));
#987 = DIRECTION('',(0.,-1.,0.));
#988 = DIRECTION('',(-1.,0.,0.));
#989 = DEFINITIONAL_REPRESENTATION('',(#990),#994);
#990 = LINE('',#991,#992);
#991 = CARTESIAN_POINT('',(0.,-0.));
#992 = VECTOR('',#993,1.);
#993 = DIRECTION('',(1.,0.));
#994 = ( GEOMETRIC_REPRESENTATION_CONTEXT(2) 
PARAMETRIC_REPRESENTATION_CONTEXT() REPRESENTATION_CONTEXT('2D SPACE',''
  ) );
#995 = ORIENTED_EDGE('',*,*,#996,.F.);
#996 = EDGE_CURVE('',#997,#969,#999,.T.);
#997 = VERTEX_POINT('',#998);
#998 = CARTESIAN_POINT('',(21.8,13.5,2.4));
#999 = SURFACE_CURVE('',#1000,(#1004,#1011),.PCURVE_S1.);
#1000 = LINE('',#1001,#1002);
#1001 = CARTESIAN_POINT('',(21.8,13.5,2.4));
#1002 = VECTOR('',#1003,1.);
#1003 = DIRECTION('',(-0.707106781187,0.707106781187,0.));
#1004 = PCURVE('',#44,#1005);
#1005 = DEFINITIONAL_REPRESENTATION('',(#1006),#1010);
#1006 = LINE('',#1007,#1008);
#1007 = CARTESIAN_POINT('',(21.8,13.5));
#1008 = VECTOR('',#1009,1.);
#1009 = DIRECTION('',(-0.707106781187,0.707106781187));
#1010 = ( GEOMETRIC_REPRESENTATION_CONTEXT(2) 
PARAMETRIC_REPRESENTATION_CONTEXT() REPRESENTATION_CONTEXT('2D SPACE',''
  ) );
#1011 = PCURVE('',#1012,#1017);
#1012 = PLANE('',#1013);
#1013 = AXIS2_PLACEMENT_3D('',#1014,#1015,#1016);
#1014 = CARTESIAN_POINT('',(21.8,13.5,2.4));
#1015 = DIRECTION('',(-0.707106781187,-0.707106781187,0.));
#1016 = DIRECTION('',(-0.707106781187,0.707106781187,0.));
#1017 = DEFINITIONAL_REPRESENTATION('',(#1018),#1022);
#1018 = LINE('',#1019,#1020);
#1019 = CARTESIAN_POINT('',(0.,0.));
#1020 = VECTOR('',#1021,1.);
#1021 = DIRECTION('',(1.,0.));
#1022 = ( GEOMETRIC_REPRESENTATION_CONTEXT(2) 
PARAMETRIC_REPRESENTATION_CONTEXT() REPRESENTATION_CONTEXT('2D SPACE',''
  ) );
#1023 = ORIENTED_EDGE('',*,*,#1024,.F.);
#1024 = EDGE_CURVE('',#1025,#997,#1027,.T.);
#1025 = VERTEX_POINT('',#1026);
#1026 = CARTESIAN_POINT('',(21.8,-13.5,2.4));
#1027 = SURFACE_CURVE('',#1028,(#1032,#1039),.PCURVE_S1.);
#1028 = LINE('',#1029,#1030);
#1029 = CARTESIAN_POINT('',(21.8,-13.5,2.4));
#1030 = VECTOR('',#1031,1.);
#1031 = DIRECTION('',(0.,1.,0.));
#1032 = PCURVE('',#44,#1033);
#1033 = DEFINITIONAL_REPRESENTATION('',(#1034),#1038);
#1034 = LINE('',#1035,#1036);
#1035 = CARTESIAN_POINT('',(21.8,-13.5));
#1036 = VECTOR('',#1037,1.);
#1037 = DIRECTION('',(0.,1.));
#1038 = ( GEOMETRIC_REPRESENTATION_CONTEXT(2) 
PARAMETRIC_REPRESENTATION_CONTEXT() REPRESENTATION_CONTEXT('2D SPACE',''
  ) );
#1039 = PCURVE('',#1040,#1045);
#1040 = PLANE('',#1041);
#1041 = AXIS2_PLACEMENT_3D('',#1042,#1043,#1044);
#1042 = CARTESIAN_POINT('',(21.8,-13.5,2.4));
#1043 = DIRECTION('',(-1.,0.,0.));
#1044 = DIRECTION('',(0.,1.,0.));
#1045 = DEFINITIONAL_REPRESENTATION('',(#1046),#1050);
#1046 = LINE('',#1047,#1048);
#1047 = CARTESIAN_POINT('',(0.,0.));
#1048 = VECTOR('',#1049,1.);
#1049 = DIRECTION('',(1.,0.));
#1050 = ( GEOMETRIC_REPRESENTATION_CONTEXT(2) 
PARAMETRIC_REPRESENTATION_CONTEXT() REPRESENTATION_CONTEXT('2D SPACE',''
  ) );
#1051 = ORIENTED_EDGE('',*,*,#1052,.F.);
#1052 = EDGE_CURVE('',#1053,#1025,#1055,.T.);
#1053 = VERTEX_POINT('',#1054);
#1054 = CARTESIAN_POINT('',(13.5,-21.8,2.4));
#1055 = SURFACE_CURVE('',#1056,(#1060,#1067),.PCURVE_S1.);
#1056 = LINE('',#1057,#1058);
#1057 = CARTESIAN_POINT('',(13.5,-21.8,2.4));
#1058 = VECTOR('',#1059,1.);
#1059 = DIRECTION('',(0.707106781187,0.707106781187,0.));
#1060 = PCURVE('',#44,#1061);
#1061 = DEFINITIONAL_REPRESENTATION('',(#1062),#1066);
#1062 = LINE('',#1063,#1064);
#1063 = CARTESIAN_POINT('',(13.5,-21.8));
#1064 = VECTOR('',#1065,1.);
#1065 = DIRECTION('',(0.707106781187,0.707106781187));
#1066 = ( GEOMETRIC_REPRESENTATION_CONTEXT(2) 
PARAMETRIC_REPRESENTATION_CONTEXT() REPRESENTATION_CONTEXT('2D SPACE',''
  ) );
#1067 = PCURVE('',#1068,#1073);
#1068 = PLANE('',#1069);
#1069 = AXIS2_PLACEMENT_3D('',#1070,#1071,#1072);
#1070 = CARTESIAN_POINT('',(13.5,-21.8,2.4));
#1071 = DIRECTION('',(-0.707106781187,0.707106781187,0.));
#1072 = DIRECTION('',(0.707106781187,0.707106781187,0.));
#1073 = DEFINITIONAL_REPRESENTATION('',(#1074),#1078);
#1074 = LINE('',#1075,#1076);
#1075 = CARTESIAN_POINT('',(0.,0.));
#1076 = VECTOR('',#1077,1.);
#1077 = DIRECTION('',(1.,0.));
#1078 = ( GEOMETRIC_REPRESENTATION_CONTEXT(2) 
PARAMETRIC_REPRESENTATION_CONTEXT() REPRESENTATION_CONTEXT('2D SPACE',''
  ) );
#1079 = ORIENTED_EDGE('',*,*,#1080,.F.);
#1080 = EDGE_CURVE('',#1081,#1053,#1083,.T.);
#1081 = VERTEX_POINT('',#1082);
#1082 = CARTESIAN_POINT('',(8.5,-21.8,2.4));
#1083 = SURFACE_CURVE('',#1084,(#1088,#1095),.PCURVE_S1.);
#1084 = LINE('',#1085,#1086);
#1085 = CARTESIAN_POINT('',(-13.5,-21.8,2.4));
#1086 = VECTOR('',#1087,1.);
#1087 = DIRECTION('',(1.,0.,0.));
#1088 = PCURVE('',#44,#1089);
#1089 = DEFINITIONAL_REPRESENTATION('',(#1090),#1094);
#1090 = LINE('',#1091,#1092);
#1091 = CARTESIAN_POINT('',(-13.5,-21.8));
#1092 = VECTOR('',#1093,1.);
#1093 = DIRECTION('',(1.,0.));
#1094 = ( GEOMETRIC_REPRESENTATION_CONTEXT(2) 
PARAMETRIC_REPRESENTATION_CONTEXT() REPRESENTATION_CONTEXT('2D SPACE',''
  ) );
#1095 = PCURVE('',#872,#1096);
#1096 = DEFINITIONAL_REPRESENTATION('',(#1097),#1101);
#1097 = LINE('',#1098,#1099);
#1098 = CARTESIAN_POINT('',(0.,0.));
#1099 = VECTOR('',#1100,1.);
#1100 = DIRECTION('',(1.,0.));
#1101 = ( GEOMETRIC_REPRESENTATION_CONTEXT(2) 
PARAMETRIC_REPRESENTATION_CONTEXT() REPRESENTATION_CONTEXT('2D SPACE',''
  ) );
#1102 = ORIENTED_EDGE('',*,*,#1103,.T.);
#1103 = EDGE_CURVE('',#1081,#1104,#1106,.T.);
#1104 = VERTEX_POINT('',#1105);
#1105 = CARTESIAN_POINT('',(8.5,-21.45,2.4));
#1106 = SURFACE_CURVE('',#1107,(#1111,#1118),.PCURVE_S1.);
#1107 = LINE('',#1108,#1109);
#1108 = CARTESIAN_POINT('',(8.5,-22.,2.4));
#1109 = VECTOR('',#1110,1.);
#1110 = DIRECTION('',(0.,1.,0.));
#1111 = PCURVE('',#44,#1112);
#1112 = DEFINITIONAL_REPRESENTATION('',(#1113),#1117);
#1113 = LINE('',#1114,#1115);
#1114 = CARTESIAN_POINT('',(8.5,-22.));
#1115 = VECTOR('',#1116,1.);
#1116 = DIRECTION('',(0.,1.));
#1117 = ( GEOMETRIC_REPRESENTATION_CONTEXT(2) 
PARAMETRIC_REPRESENTATION_CONTEXT() REPRESENTATION_CONTEXT('2D SPACE',''
  ) );
#1118 = PCURVE('',#1119,#1124);
#1119 = PLANE('',#1120);
#1120 = AXIS2_PLACEMENT_3D('',#1121,#1122,#1123);
#1121 = CARTESIAN_POINT('',(8.5,-22.,2.4));
#1122 = DIRECTION('',(1.,0.,0.));
#1123 = DIRECTION('',(0.,0.,1.));
#1124 = DEFINITIONAL_REPRESENTATION('',(#1125),#1129);
#1125 = LINE('',#1126,#1127);
#1126 = CARTESIAN_POINT('',(0.,0.));
#1127 = VECTOR('',#1128,1.);
#1128 = DIRECTION('',(0.,-1.));
#1129 = ( GEOMETRIC_REPRESENTATION_CONTEXT(2) 
PARAMETRIC_REPRESENTATION_CONTEXT() REPRESENTATION_CONTEXT('2D SPACE',''
  ) );
#1130 = ORIENTED_EDGE('',*,*,#1131,.F.);
#1131 = EDGE_CURVE('',#1132,#1104,#1134,.T.);
#1132 = VERTEX_POINT('',#1133);
#1133 = CARTESIAN_POINT('',(7.1,-21.45,2.4));
#1134 = SURFACE_CURVE('',#1135,(#1139,#1146),.PCURVE_S1.);
#1135 = LINE('',#1136,#1137);
#1136 = CARTESIAN_POINT('',(7.1,-21.45,2.4));
#1137 = VECTOR('',#1138,1.);
#1138 = DIRECTION('',(1.,0.,0.));
#1139 = PCURVE('',#44,#1140);
#1140 = DEFINITIONAL_REPRESENTATION('',(#1141),#1145);
#1141 = LINE('',#1142,#1143);
#1142 = CARTESIAN_POINT('',(7.1,-21.45));
#1143 = VECTOR('',#1144,1.);
#1144 = DIRECTION('',(1.,0.));
#1145 = ( GEOMETRIC_REPRESENTATION_CONTEXT(2) 
PARAMETRIC_REPRESENTATION_CONTEXT() REPRESENTATION_CONTEXT('2D SPACE',''
  ) );
#1146 = PCURVE('',#1147,#1152);
#1147 = PLANE('',#1148);
#1148 = AXIS2_PLACEMENT_3D('',#1149,#1150,#1151);
#1149 = CARTESIAN_POINT('',(7.1,-21.45,2.4));
#1150 = DIRECTION('',(0.,1.,0.));
#1151 = DIRECTION('',(0.,0.,1.));
#1152 = DEFINITIONAL_REPRESENTATION('',(#1153),#1157);
#1153 = LINE('',#1154,#1155);
#1154 = CARTESIAN_POINT('',(0.,0.));
#1155 = VECTOR('',#1156,1.);
#1156 = DIRECTION('',(0.,1.));
#1157 = ( GEOMETRIC_REPRESENTATION_CONTEXT(2) 
PARAMETRIC_REPRESENTATION_CONTEXT() REPRESENTATION_CONTEXT('2D SPACE',''
  ) );
#1158 = ORIENTED_EDGE('',*,*,#1159,.F.);
#1159 = EDGE_CURVE('',#1160,#1132,#1162,.T.);
#1160 = VERTEX_POINT('',#1161);
#1161 = CARTESIAN_POINT('',(7.1,-21.8,2.4));
#1162 = SURFACE_CURVE('',#1163,(#1167,#1174),.PCURVE_S1.);
#1163 = LINE('',#1164,#1165);
#1164 = CARTESIAN_POINT('',(7.1,-22.,2.4));
#1165 = VECTOR('',#1166,1.);
#1166 = DIRECTION('',(0.,1.,0.));
#1167 = PCURVE('',#44,#1168);
#1168 = DEFINITIONAL_REPRESENTATION('',(#1169),#1173);
#1169 = LINE('',#1170,#1171);
#1170 = CARTESIAN_POINT('',(7.1,-22.));
#1171 = VECTOR('',#1172,1.);
#1172 = DIRECTION('',(0.,1.));
#1173 = ( GEOMETRIC_REPRESENTATION_CONTEXT(2) 
PARAMETRIC_REPRESENTATION_CONTEXT() REPRESENTATION_CONTEXT('2D SPACE',''
  ) );
#1174 = PCURVE('',#1175,#1180);
#1175 = PLANE('',#1176);
#1176 = AXIS2_PLACEMENT_3D('',#1177,#1178,#1179);
#1177 = CARTESIAN_POINT('',(7.1,-22.,2.4));
#1178 = DIRECTION('',(1.,0.,0.));
#1179 = DIRECTION('',(0.,0.,1.));
#1180 = DEFINITIONAL_REPRESENTATION('',(#1181),#1185);
#1181 = LINE('',#1182,#1183);
#1182 = CARTESIAN_POINT('',(0.,0.));
#1183 = VECTOR('',#1184,1.);
#1184 = DIRECTION('',(0.,-1.));
#1185 = ( GEOMETRIC_REPRESENTATION_CONTEXT(2) 
PARAMETRIC_REPRESENTATION_CONTEXT() REPRESENTATION_CONTEXT('2D SPACE',''
  ) );
#1186 = ORIENTED_EDGE('',*,*,#1187,.F.);
#1187 = EDGE_CURVE('',#1188,#1160,#1190,.T.);
#1188 = VERTEX_POINT('',#1189);
#1189 = CARTESIAN_POINT('',(-7.1,-21.8,2.4));
#1190 = SURFACE_CURVE('',#1191,(#1195,#1202),.PCURVE_S1.);
#1191 = LINE('',#1192,#1193);
#1192 = CARTESIAN_POINT('',(-13.5,-21.8,2.4));
#1193 = VECTOR('',#1194,1.);
#1194 = DIRECTION('',(1.,0.,0.));
#1195 = PCURVE('',#44,#1196);
#1196 = DEFINITIONAL_REPRESENTATION('',(#1197),#1201);
#1197 = LINE('',#1198,#1199);
#1198 = CARTESIAN_POINT('',(-13.5,-21.8));
#1199 = VECTOR('',#1200,1.);
#1200 = DIRECTION('',(1.,0.));
#1201 = ( GEOMETRIC_REPRESENTATION_CONTEXT(2) 
PARAMETRIC_REPRESENTATION_CONTEXT() REPRESENTATION_CONTEXT('2D SPACE',''
  ) );
#1202 = PCURVE('',#872,#1203);
#1203 = DEFINITIONAL_REPRESENTATION('',(#1204),#1208);
#1204 = LINE('',#1205,#1206);
#1205 = CARTESIAN_POINT('',(0.,0.));
#1206 = VECTOR('',#1207,1.);
#1207 = DIRECTION('',(1.,0.));
#1208 = ( GEOMETRIC_REPRESENTATION_CONTEXT(2) 
PARAMETRIC_REPRESENTATION_CONTEXT() REPRESENTATION_CONTEXT('2D SPACE',''
  ) );
#1209 = ORIENTED_EDGE('',*,*,#1210,.T.);
#1210 = EDGE_CURVE('',#1188,#1211,#1213,.T.);
#1211 = VERTEX_POINT('',#1212);
#1212 = CARTESIAN_POINT('',(-7.1,-21.45,2.4));
#1213 = SURFACE_CURVE('',#1214,(#1218,#1225),.PCURVE_S1.);
#1214 = LINE('',#1215,#1216);
#1215 = CARTESIAN_POINT('',(-7.1,-22.,2.4));
#1216 = VECTOR('',#1217,1.);
#1217 = DIRECTION('',(0.,1.,0.));
#1218 = PCURVE('',#44,#1219);
#1219 = DEFINITIONAL_REPRESENTATION('',(#1220),#1224);
#1220 = LINE('',#1221,#1222);
#1221 = CARTESIAN_POINT('',(-7.1,-22.));
#1222 = VECTOR('',#1223,1.);
#1223 = DIRECTION('',(0.,1.));
#1224 = ( GEOMETRIC_REPRESENTATION_CONTEXT(2) 
PARAMETRIC_REPRESENTATION_CONTEXT() REPRESENTATION_CONTEXT('2D SPACE',''
  ) );
#1225 = PCURVE('',#1226,#1231);
#1226 = PLANE('',#1227);
#1227 = AXIS2_PLACEMENT_3D('',#1228,#1229,#1230);
#1228 = CARTESIAN_POINT('',(-7.1,-22.,2.4));
#1229 = DIRECTION('',(1.,0.,0.));
#1230 = DIRECTION('',(0.,0.,1.));
#1231 = DEFINITIONAL_REPRESENTATION('',(#1232),#1236);
#1232 = LINE('',#1233,#1234);
#1233 = CARTESIAN_POINT('',(0.,0.));
#1234 = VECTOR('',#1235,1.);
#1235 = DIRECTION('',(0.,-1.));
#1236 = ( GEOMETRIC_REPRESENTATION_CONTEXT(2) 
PARAMETRIC_REPRESENTATION_CONTEXT() REPRESENTATION_CONTEXT('2D SPACE',''
  ) );
#1237 = ORIENTED_EDGE('',*,*,#1238,.F.);
#1238 = EDGE_CURVE('',#1239,#1211,#1241,.T.);
#1239 = VERTEX_POINT('',#1240);
#1240 = CARTESIAN_POINT('',(-8.5,-21.45,2.4));
#1241 = SURFACE_CURVE('',#1242,(#1246,#1253),.PCURVE_S1.);
#1242 = LINE('',#1243,#1244);
#1243 = CARTESIAN_POINT('',(-8.5,-21.45,2.4));
#1244 = VECTOR('',#1245,1.);
#1245 = DIRECTION('',(1.,0.,0.));
#1246 = PCURVE('',#44,#1247);
#1247 = DEFINITIONAL_REPRESENTATION('',(#1248),#1252);
#1248 = LINE('',#1249,#1250);
#1249 = CARTESIAN_POINT('',(-8.5,-21.45));
#1250 = VECTOR('',#1251,1.);
#1251 = DIRECTION('',(1.,0.));
#1252 = ( GEOMETRIC_REPRESENTATION_CONTEXT(2) 
PARAMETRIC_REPRESENTATION_CONTEXT() REPRESENTATION_CONTEXT('2D SPACE',''
  ) );
#1253 = PCURVE('',#1254,#1259);
#1254 = PLANE('',#1255);
#1255 = AXIS2_PLACEMENT_3D('',#1256,#1257,#1258);
#1256 = CARTESIAN_POINT('',(-8.5,-21.45,2.4));
#1257 = DIRECTION('',(0.,1.,0.));
#1258 = DIRECTION('',(0.,0.,1.));
#1259 = DEFINITIONAL_REPRESENTATION('',(#1260),#1264);
#1260 = LINE('',#1261,#1262);
#1261 = CARTESIAN_POINT('',(0.,0.));
#1262 = VECTOR('',#1263,1.);
#1263 = DIRECTION('',(0.,1.));
#1264 = ( GEOMETRIC_REPRESENTATION_CONTEXT(2) 
PARAMETRIC_REPRESENTATION_CONTEXT() REPRESENTATION_CONTEXT('2D SPACE',''
  ) );
#1265 = ORIENTED_EDGE('',*,*,#1266,.F.);
#1266 = EDGE_CURVE('',#857,#1239,#1267,.T.);
#1267 = SURFACE_CURVE('',#1268,(#1272,#1279),.PCURVE_S1.);
#1268 = LINE('',#1269,#1270);
#1269 = CARTESIAN_POINT('',(-8.5,-22.,2.4));
#1270 = VECTOR('',#1271,1.);
#1271 = DIRECTION('',(0.,1.,0.));
#1272 = PCURVE('',#44,#1273);
#1273 = DEFINITIONAL_REPRESENTATION('',(#1274),#1278);
#1274 = LINE('',#1275,#1276);
#1275 = CARTESIAN_POINT('',(-8.5,-22.));
#1276 = VECTOR('',#1277,1.);
#1277 = DIRECTION('',(0.,1.));
#1278 = ( GEOMETRIC_REPRESENTATION_CONTEXT(2) 
PARAMETRIC_REPRESENTATION_CONTEXT() REPRESENTATION_CONTEXT('2D SPACE',''
  ) );
#1279 = PCURVE('',#1280,#1285);
#1280 = PLANE('',#1281);
#1281 = AXIS2_PLACEMENT_3D('',#1282,#1283,#1284);
#1282 = CARTESIAN_POINT('',(-8.5,-22.,2.4));
#1283 = DIRECTION('',(1.,0.,0.));
#1284 = DIRECTION('',(0.,0.,1.));
#1285 = DEFINITIONAL_REPRESENTATION('',(#1286),#1290);
#1286 = LINE('',#1287,#1288);
#1287 = CARTESIAN_POINT('',(0.,0.));
#1288 = VECTOR('',#1289,1.);
#1289 = DIRECTION('',(0.,-1.));
#1290 = ( GEOMETRIC_REPRESENTATION_CONTEXT(2) 
PARAMETRIC_REPRESENTATION_CONTEXT() REPRESENTATION_CONTEXT('2D SPACE',''
  ) );
#1291 = FACE_BOUND('',#1292,.F.);
#1292 = EDGE_LOOP('',(#1293,#1322,#1355,#1382,#1411,#1438,#1471,#1498));
#1293 = ORIENTED_EDGE('',*,*,#1294,.T.);
#1294 = EDGE_CURVE('',#1295,#1297,#1299,.T.);
#1295 = VERTEX_POINT('',#1296);
#1296 = CARTESIAN_POINT('',(33.55328820132,-7.282308377823,2.4));
#1297 = VERTEX_POINT('',#1298);
#1298 = CARTESIAN_POINT('',(26.95328820132,-10.32348484841,2.4));
#1299 = SURFACE_CURVE('',#1300,(#1304,#1311),.PCURVE_S1.);
#1300 = LINE('',#1301,#1302);
#1301 = CARTESIAN_POINT('',(33.004796353229,-7.53504481763,2.4));
#1302 = VECTOR('',#1303,1.);
#1303 = DIRECTION('',(-0.908219817194,-0.418493445178,0.));
#1304 = PCURVE('',#44,#1305);
#1305 = DEFINITIONAL_REPRESENTATION('',(#1306),#1310);
#1306 = LINE('',#1307,#1308);
#1307 = CARTESIAN_POINT('',(33.004796353229,-7.53504481763));
#1308 = VECTOR('',#1309,1.);
#1309 = DIRECTION('',(-0.908219817194,-0.418493445178));
#1310 = ( GEOMETRIC_REPRESENTATION_CONTEXT(2) 
PARAMETRIC_REPRESENTATION_CONTEXT() REPRESENTATION_CONTEXT('2D SPACE',''
  ) );
#1311 = PCURVE('',#1312,#1317);
#1312 = PLANE('',#1313);
#1313 = AXIS2_PLACEMENT_3D('',#1314,#1315,#1316);
#1314 = CARTESIAN_POINT('',(34.6,-6.8,0.4));
#1315 = DIRECTION('',(0.418493445178,-0.908219817194,0.));
#1316 = DIRECTION('',(-0.908219817194,-0.418493445178,0.));
#1317 = DEFINITIONAL_REPRESENTATION('',(#1318),#1321);
#1318 = B_SPLINE_CURVE_WITH_KNOTS('',1,(#1319,#1320),.UNSPECIFIED.,.F.,
  .F.,(2,2),(-1.756407002547,9.474354325164),.PIECEWISE_BEZIER_KNOTS.);
#1319 = CARTESIAN_POINT('',(0.,-2.));
#1320 = CARTESIAN_POINT('',(11.230761327711,-2.));
#1321 = ( GEOMETRIC_REPRESENTATION_CONTEXT(2) 
PARAMETRIC_REPRESENTATION_CONTEXT() REPRESENTATION_CONTEXT('2D SPACE',''
  ) );
#1322 = ORIENTED_EDGE('',*,*,#1323,.T.);
#1323 = EDGE_CURVE('',#1297,#1324,#1326,.T.);
#1324 = VERTEX_POINT('',#1325);
#1325 = CARTESIAN_POINT('',(24.4,-8.688689177463,2.4));
#1326 = SURFACE_CURVE('',#1327,(#1332,#1343),.PCURVE_S1.);
#1327 = CIRCLE('',#1328,1.8);
#1328 = AXIS2_PLACEMENT_3D('',#1329,#1330,#1331);
#1329 = CARTESIAN_POINT('',(26.2,-8.688689177463,2.4));
#1330 = DIRECTION('',(-0.,-0.,-1.));
#1331 = DIRECTION('',(0.,-1.,0.));
#1332 = PCURVE('',#44,#1333);
#1333 = DEFINITIONAL_REPRESENTATION('',(#1334),#1342);
#1334 = ( BOUNDED_CURVE() B_SPLINE_CURVE(2,(#1335,#1336,#1337,#1338,
#1339,#1340,#1341),.UNSPECIFIED.,.T.,.F.) B_SPLINE_CURVE_WITH_KNOTS((1,2
    ,2,2,2,1),(-2.094395102393,0.,2.094395102393,4.188790204786,
6.28318530718,8.377580409573),.UNSPECIFIED.) CURVE() 
GEOMETRIC_REPRESENTATION_ITEM() RATIONAL_B_SPLINE_CURVE((1.,0.5,1.,0.5,
1.,0.5,1.)) REPRESENTATION_ITEM('') );
#1335 = CARTESIAN_POINT('',(26.2,-10.48868917746));
#1336 = CARTESIAN_POINT('',(23.082308546376,-10.48868917746));
#1337 = CARTESIAN_POINT('',(24.641154273188,-7.788689177463));
#1338 = CARTESIAN_POINT('',(26.2,-5.088689177463));
#1339 = CARTESIAN_POINT('',(27.758845726812,-7.788689177463));
#1340 = CARTESIAN_POINT('',(29.317691453624,-10.48868917746));
#1341 = CARTESIAN_POINT('',(26.2,-10.48868917746));
#1342 = ( GEOMETRIC_REPRESENTATION_CONTEXT(2) 
PARAMETRIC_REPRESENTATION_CONTEXT() REPRESENTATION_CONTEXT('2D SPACE',''
  ) );
#1343 = PCURVE('',#1344,#1349);
#1344 = CYLINDRICAL_SURFACE('',#1345,1.8);
#1345 = AXIS2_PLACEMENT_3D('',#1346,#1347,#1348);
#1346 = CARTESIAN_POINT('',(26.2,-8.688689177463,2.4));
#1347 = DIRECTION('',(0.,0.,1.));
#1348 = DIRECTION('',(0.418493445178,-0.908219817194,0.));
#1349 = DEFINITIONAL_REPRESENTATION('',(#1350),#1354);
#1350 = LINE('',#1351,#1352);
#1351 = CARTESIAN_POINT('',(5.851399422076,-0.));
#1352 = VECTOR('',#1353,1.);
#1353 = DIRECTION('',(-1.,0.));
#1354 = ( GEOMETRIC_REPRESENTATION_CONTEXT(2) 
PARAMETRIC_REPRESENTATION_CONTEXT() REPRESENTATION_CONTEXT('2D SPACE',''
  ) );
#1355 = ORIENTED_EDGE('',*,*,#1356,.T.);
#1356 = EDGE_CURVE('',#1324,#1357,#1359,.T.);
#1357 = VERTEX_POINT('',#1358);
#1358 = CARTESIAN_POINT('',(24.4,8.688689177463,2.4));
#1359 = SURFACE_CURVE('',#1360,(#1364,#1371),.PCURVE_S1.);
#1360 = LINE('',#1361,#1362);
#1361 = CARTESIAN_POINT('',(24.4,-5.75,2.4));
#1362 = VECTOR('',#1363,1.);
#1363 = DIRECTION('',(0.,1.,-0.));
#1364 = PCURVE('',#44,#1365);
#1365 = DEFINITIONAL_REPRESENTATION('',(#1366),#1370);
#1366 = LINE('',#1367,#1368);
#1367 = CARTESIAN_POINT('',(24.4,-5.75));
#1368 = VECTOR('',#1369,1.);
#1369 = DIRECTION('',(0.,1.));
#1370 = ( GEOMETRIC_REPRESENTATION_CONTEXT(2) 
PARAMETRIC_REPRESENTATION_CONTEXT() REPRESENTATION_CONTEXT('2D SPACE',''
  ) );
#1371 = PCURVE('',#1372,#1377);
#1372 = PLANE('',#1373);
#1373 = AXIS2_PLACEMENT_3D('',#1374,#1375,#1376);
#1374 = CARTESIAN_POINT('',(24.4,-11.5,0.4));
#1375 = DIRECTION('',(-1.,0.,0.));
#1376 = DIRECTION('',(0.,1.,0.));
#1377 = DEFINITIONAL_REPRESENTATION('',(#1378),#1381);
#1378 = B_SPLINE_CURVE_WITH_KNOTS('',1,(#1379,#1380),.UNSPECIFIED.,.F.,
  .F.,(2,2),(-5.75,17.25),.PIECEWISE_BEZIER_KNOTS.);
#1379 = CARTESIAN_POINT('',(0.,-2.));
#1380 = CARTESIAN_POINT('',(23.,-2.));
#1381 = ( GEOMETRIC_REPRESENTATION_CONTEXT(2) 
PARAMETRIC_REPRESENTATION_CONTEXT() REPRESENTATION_CONTEXT('2D SPACE',''
  ) );
#1382 = ORIENTED_EDGE('',*,*,#1383,.F.);
#1383 = EDGE_CURVE('',#1384,#1357,#1386,.T.);
#1384 = VERTEX_POINT('',#1385);
#1385 = CARTESIAN_POINT('',(26.95328820132,10.323484848412,2.4));
#1386 = SURFACE_CURVE('',#1387,(#1392,#1399),.PCURVE_S1.);
#1387 = CIRCLE('',#1388,1.8);
#1388 = AXIS2_PLACEMENT_3D('',#1389,#1390,#1391);
#1389 = CARTESIAN_POINT('',(26.2,8.688689177463,2.4));
#1390 = DIRECTION('',(0.,0.,1.));
#1391 = DIRECTION('',(0.,-1.,0.));
#1392 = PCURVE('',#44,#1393);
#1393 = DEFINITIONAL_REPRESENTATION('',(#1394),#1398);
#1394 = CIRCLE('',#1395,1.8);
#1395 = AXIS2_PLACEMENT_2D('',#1396,#1397);
#1396 = CARTESIAN_POINT('',(26.2,8.688689177463));
#1397 = DIRECTION('',(0.,-1.));
#1398 = ( GEOMETRIC_REPRESENTATION_CONTEXT(2) 
PARAMETRIC_REPRESENTATION_CONTEXT() REPRESENTATION_CONTEXT('2D SPACE',''
  ) );
#1399 = PCURVE('',#1400,#1405);
#1400 = CYLINDRICAL_SURFACE('',#1401,1.8);
#1401 = AXIS2_PLACEMENT_3D('',#1402,#1403,#1404);
#1402 = CARTESIAN_POINT('',(26.2,8.688689177463,2.4));
#1403 = DIRECTION('',(0.,0.,1.));
#1404 = DIRECTION('',(0.418493445178,0.908219817194,-0.));
#1405 = DEFINITIONAL_REPRESENTATION('',(#1406),#1410);
#1406 = LINE('',#1407,#1408);
#1407 = CARTESIAN_POINT('',(-2.709806768486,0.));
#1408 = VECTOR('',#1409,1.);
#1409 = DIRECTION('',(1.,0.));
#1410 = ( GEOMETRIC_REPRESENTATION_CONTEXT(2) 
PARAMETRIC_REPRESENTATION_CONTEXT() REPRESENTATION_CONTEXT('2D SPACE',''
  ) );
#1411 = ORIENTED_EDGE('',*,*,#1412,.T.);
#1412 = EDGE_CURVE('',#1384,#1413,#1415,.T.);
#1413 = VERTEX_POINT('',#1414);
#1414 = CARTESIAN_POINT('',(33.55328820132,7.282308377823,2.4));
#1415 = SURFACE_CURVE('',#1416,(#1420,#1427),.PCURVE_S1.);
#1416 = LINE('',#1417,#1418);
#1417 = CARTESIAN_POINT('',(27.904796353229,9.88504481763,2.4));
#1418 = VECTOR('',#1419,1.);
#1419 = DIRECTION('',(0.908219817194,-0.418493445178,0.));
#1420 = PCURVE('',#44,#1421);
#1421 = DEFINITIONAL_REPRESENTATION('',(#1422),#1426);
#1422 = LINE('',#1423,#1424);
#1423 = CARTESIAN_POINT('',(27.904796353229,9.88504481763));
#1424 = VECTOR('',#1425,1.);
#1425 = DIRECTION('',(0.908219817194,-0.418493445178));
#1426 = ( GEOMETRIC_REPRESENTATION_CONTEXT(2) 
PARAMETRIC_REPRESENTATION_CONTEXT() REPRESENTATION_CONTEXT('2D SPACE',''
  ) );
#1427 = PCURVE('',#1428,#1433);
#1428 = PLANE('',#1429);
#1429 = AXIS2_PLACEMENT_3D('',#1430,#1431,#1432);
#1430 = CARTESIAN_POINT('',(24.4,11.5,0.4));
#1431 = DIRECTION('',(0.418493445178,0.908219817194,-0.));
#1432 = DIRECTION('',(0.908219817194,-0.418493445178,0.));
#1433 = DEFINITIONAL_REPRESENTATION('',(#1434),#1437);
#1434 = B_SPLINE_CURVE_WITH_KNOTS('',1,(#1435,#1436),.UNSPECIFIED.,.F.,
  .F.,(2,2),(-3.858973661308,7.371787666402),.PIECEWISE_BEZIER_KNOTS.);
#1435 = CARTESIAN_POINT('',(0.,-2.));
#1436 = CARTESIAN_POINT('',(11.230761327711,-2.));
#1437 = ( GEOMETRIC_REPRESENTATION_CONTEXT(2) 
PARAMETRIC_REPRESENTATION_CONTEXT() REPRESENTATION_CONTEXT('2D SPACE',''
  ) );
#1438 = ORIENTED_EDGE('',*,*,#1439,.T.);
#1439 = EDGE_CURVE('',#1413,#1440,#1442,.T.);
#1440 = VERTEX_POINT('',#1441);
#1441 = CARTESIAN_POINT('',(34.6,5.647512706875,2.4));
#1442 = SURFACE_CURVE('',#1443,(#1448,#1459),.PCURVE_S1.);
#1443 = CIRCLE('',#1444,1.8);
#1444 = AXIS2_PLACEMENT_3D('',#1445,#1446,#1447);
#1445 = CARTESIAN_POINT('',(32.8,5.647512706875,2.4));
#1446 = DIRECTION('',(-0.,-0.,-1.));
#1447 = DIRECTION('',(0.,-1.,0.));
#1448 = PCURVE('',#44,#1449);
#1449 = DEFINITIONAL_REPRESENTATION('',(#1450),#1458);
#1450 = ( BOUNDED_CURVE() B_SPLINE_CURVE(2,(#1451,#1452,#1453,#1454,
#1455,#1456,#1457),.UNSPECIFIED.,.T.,.F.) B_SPLINE_CURVE_WITH_KNOTS((1,2
    ,2,2,2,1),(-2.094395102393,0.,2.094395102393,4.188790204786,
6.28318530718,8.377580409573),.UNSPECIFIED.) CURVE() 
GEOMETRIC_REPRESENTATION_ITEM() RATIONAL_B_SPLINE_CURVE((1.,0.5,1.,0.5,
1.,0.5,1.)) REPRESENTATION_ITEM('') );
#1451 = CARTESIAN_POINT('',(32.8,3.847512706875));
#1452 = CARTESIAN_POINT('',(29.682308546376,3.847512706875));
#1453 = CARTESIAN_POINT('',(31.241154273188,6.547512706875));
#1454 = CARTESIAN_POINT('',(32.8,9.247512706875));
#1455 = CARTESIAN_POINT('',(34.358845726812,6.547512706875));
#1456 = CARTESIAN_POINT('',(35.917691453624,3.847512706875));
#1457 = CARTESIAN_POINT('',(32.8,3.847512706875));
#1458 = ( GEOMETRIC_REPRESENTATION_CONTEXT(2) 
PARAMETRIC_REPRESENTATION_CONTEXT() REPRESENTATION_CONTEXT('2D SPACE',''
  ) );
#1459 = PCURVE('',#1460,#1465);
#1460 = CYLINDRICAL_SURFACE('',#1461,1.8);
#1461 = AXIS2_PLACEMENT_3D('',#1462,#1463,#1464);
#1462 = CARTESIAN_POINT('',(32.8,5.647512706875,2.4));
#1463 = DIRECTION('',(0.,0.,1.));
#1464 = DIRECTION('',(0.418493445178,0.908219817194,-0.));
#1465 = DEFINITIONAL_REPRESENTATION('',(#1466),#1470);
#1466 = LINE('',#1467,#1468);
#1467 = CARTESIAN_POINT('',(3.573378538693,-0.));
#1468 = VECTOR('',#1469,1.);
#1469 = DIRECTION('',(-1.,0.));
#1470 = ( GEOMETRIC_REPRESENTATION_CONTEXT(2) 
PARAMETRIC_REPRESENTATION_CONTEXT() REPRESENTATION_CONTEXT('2D SPACE',''
  ) );
#1471 = ORIENTED_EDGE('',*,*,#1472,.T.);
#1472 = EDGE_CURVE('',#1440,#1473,#1475,.T.);
#1473 = VERTEX_POINT('',#1474);
#1474 = CARTESIAN_POINT('',(34.6,-5.647512706875,2.4));
#1475 = SURFACE_CURVE('',#1476,(#1480,#1487),.PCURVE_S1.);
#1476 = LINE('',#1477,#1478);
#1477 = CARTESIAN_POINT('',(34.6,3.4,2.4));
#1478 = VECTOR('',#1479,1.);
#1479 = DIRECTION('',(0.,-1.,0.));
#1480 = PCURVE('',#44,#1481);
#1481 = DEFINITIONAL_REPRESENTATION('',(#1482),#1486);
#1482 = LINE('',#1483,#1484);
#1483 = CARTESIAN_POINT('',(34.6,3.4));
#1484 = VECTOR('',#1485,1.);
#1485 = DIRECTION('',(0.,-1.));
#1486 = ( GEOMETRIC_REPRESENTATION_CONTEXT(2) 
PARAMETRIC_REPRESENTATION_CONTEXT() REPRESENTATION_CONTEXT('2D SPACE',''
  ) );
#1487 = PCURVE('',#1488,#1493);
#1488 = PLANE('',#1489);
#1489 = AXIS2_PLACEMENT_3D('',#1490,#1491,#1492);
#1490 = CARTESIAN_POINT('',(34.6,6.8,0.4));
#1491 = DIRECTION('',(1.,0.,-0.));
#1492 = DIRECTION('',(0.,-1.,0.));
#1493 = DEFINITIONAL_REPRESENTATION('',(#1494),#1497);
#1494 = B_SPLINE_CURVE_WITH_KNOTS('',1,(#1495,#1496),.UNSPECIFIED.,.F.,
  .F.,(2,2),(-3.4,10.2),.PIECEWISE_BEZIER_KNOTS.);
#1495 = CARTESIAN_POINT('',(0.,-2.));
#1496 = CARTESIAN_POINT('',(13.6,-2.));
#1497 = ( GEOMETRIC_REPRESENTATION_CONTEXT(2) 
PARAMETRIC_REPRESENTATION_CONTEXT() REPRESENTATION_CONTEXT('2D SPACE',''
  ) );
#1498 = ORIENTED_EDGE('',*,*,#1499,.T.);
#1499 = EDGE_CURVE('',#1473,#1295,#1500,.T.);
#1500 = SURFACE_CURVE('',#1501,(#1506,#1517),.PCURVE_S1.);
#1501 = CIRCLE('',#1502,1.8);
#1502 = AXIS2_PLACEMENT_3D('',#1503,#1504,#1505);
#1503 = CARTESIAN_POINT('',(32.8,-5.647512706875,2.4));
#1504 = DIRECTION('',(-0.,-0.,-1.));
#1505 = DIRECTION('',(0.,-1.,0.));
#1506 = PCURVE('',#44,#1507);
#1507 = DEFINITIONAL_REPRESENTATION('',(#1508),#1516);
#1508 = ( BOUNDED_CURVE() B_SPLINE_CURVE(2,(#1509,#1510,#1511,#1512,
#1513,#1514,#1515),.UNSPECIFIED.,.T.,.F.) B_SPLINE_CURVE_WITH_KNOTS((1,2
    ,2,2,2,1),(-2.094395102393,0.,2.094395102393,4.188790204786,
6.28318530718,8.377580409573),.UNSPECIFIED.) CURVE() 
GEOMETRIC_REPRESENTATION_ITEM() RATIONAL_B_SPLINE_CURVE((1.,0.5,1.,0.5,
1.,0.5,1.)) REPRESENTATION_ITEM('') );
#1509 = CARTESIAN_POINT('',(32.8,-7.447512706875));
#1510 = CARTESIAN_POINT('',(29.682308546376,-7.447512706875));
#1511 = CARTESIAN_POINT('',(31.241154273188,-4.747512706875));
#1512 = CARTESIAN_POINT('',(32.8,-2.047512706875));
#1513 = CARTESIAN_POINT('',(34.358845726812,-4.747512706875));
#1514 = CARTESIAN_POINT('',(35.917691453624,-7.447512706875));
#1515 = CARTESIAN_POINT('',(32.8,-7.447512706875));
#1516 = ( GEOMETRIC_REPRESENTATION_CONTEXT(2) 
PARAMETRIC_REPRESENTATION_CONTEXT() REPRESENTATION_CONTEXT('2D SPACE',''
  ) );
#1517 = PCURVE('',#1518,#1523);
#1518 = CYLINDRICAL_SURFACE('',#1519,1.8);
#1519 = AXIS2_PLACEMENT_3D('',#1520,#1521,#1522);
#1520 = CARTESIAN_POINT('',(32.8,-5.647512706875,2.4));
#1521 = DIRECTION('',(0.,0.,1.));
#1522 = DIRECTION('',(1.,0.,-0.));
#1523 = DEFINITIONAL_REPRESENTATION('',(#1524),#1528);
#1524 = LINE('',#1525,#1526);
#1525 = CARTESIAN_POINT('',(4.712388980385,-0.));
#1526 = VECTOR('',#1527,1.);
#1527 = DIRECTION('',(-1.,0.));
#1528 = ( GEOMETRIC_REPRESENTATION_CONTEXT(2) 
PARAMETRIC_REPRESENTATION_CONTEXT() REPRESENTATION_CONTEXT('2D SPACE',''
  ) );
#1529 = ADVANCED_FACE('',(#1530),#72,.F.);
#1530 = FACE_BOUND('',#1531,.F.);
#1531 = EDGE_LOOP('',(#1532,#1555,#1580,#1581));
#1532 = ORIENTED_EDGE('',*,*,#1533,.T.);
#1533 = EDGE_CURVE('',#422,#1534,#1536,.T.);
#1534 = VERTEX_POINT('',#1535);
#1535 = CARTESIAN_POINT('',(-24.,-13.5,11.5));
#1536 = SURFACE_CURVE('',#1537,(#1541,#1548),.PCURVE_S1.);
#1537 = LINE('',#1538,#1539);
#1538 = CARTESIAN_POINT('',(-24.,-13.5,2.4));
#1539 = VECTOR('',#1540,1.);
#1540 = DIRECTION('',(0.,0.,1.));
#1541 = PCURVE('',#72,#1542);
#1542 = DEFINITIONAL_REPRESENTATION('',(#1543),#1547);
#1543 = LINE('',#1544,#1545);
#1544 = CARTESIAN_POINT('',(0.,0.));
#1545 = VECTOR('',#1546,1.);
#1546 = DIRECTION('',(0.,-1.));
#1547 = ( GEOMETRIC_REPRESENTATION_CONTEXT(2) 
PARAMETRIC_REPRESENTATION_CONTEXT() REPRESENTATION_CONTEXT('2D SPACE',''
  ) );
#1548 = PCURVE('',#437,#1549);
#1549 = DEFINITIONAL_REPRESENTATION('',(#1550),#1554);
#1550 = LINE('',#1551,#1552);
#1551 = CARTESIAN_POINT('',(27.,0.));
#1552 = VECTOR('',#1553,1.);
#1553 = DIRECTION('',(0.,-1.));
#1554 = ( GEOMETRIC_REPRESENTATION_CONTEXT(2) 
PARAMETRIC_REPRESENTATION_CONTEXT() REPRESENTATION_CONTEXT('2D SPACE',''
  ) );
#1555 = ORIENTED_EDGE('',*,*,#1556,.T.);
#1556 = EDGE_CURVE('',#1534,#57,#1557,.T.);
#1557 = SURFACE_CURVE('',#1558,(#1562,#1569),.PCURVE_S1.);
#1558 = LINE('',#1559,#1560);
#1559 = CARTESIAN_POINT('',(-24.,-13.5,11.5));
#1560 = VECTOR('',#1561,1.);
#1561 = DIRECTION('',(0.707106781187,-0.707106781187,0.));
#1562 = PCURVE('',#72,#1563);
#1563 = DEFINITIONAL_REPRESENTATION('',(#1564),#1568);
#1564 = LINE('',#1565,#1566);
#1565 = CARTESIAN_POINT('',(0.,-9.1));
#1566 = VECTOR('',#1567,1.);
#1567 = DIRECTION('',(1.,0.));
#1568 = ( GEOMETRIC_REPRESENTATION_CONTEXT(2) 
PARAMETRIC_REPRESENTATION_CONTEXT() REPRESENTATION_CONTEXT('2D SPACE',''
  ) );
#1569 = PCURVE('',#1570,#1575);
#1570 = B_SPLINE_SURFACE_WITH_KNOTS('',1,1,(
    (#1571,#1572)
    ,(#1573,#1574
    )),.UNSPECIFIED.,.F.,.F.,.F.,(2,2),(2,2),(0.,14.849242404917),(0.,1.
    ),.PIECEWISE_BEZIER_KNOTS.);
#1571 = CARTESIAN_POINT('',(-24.,-13.5,11.5));
#1572 = CARTESIAN_POINT('',(-19.,-10.6875,16.5));
#1573 = CARTESIAN_POINT('',(-13.5,-24.,11.5));
#1574 = CARTESIAN_POINT('',(-10.6875,-19.,16.5));
#1575 = DEFINITIONAL_REPRESENTATION('',(#1576),#1579);
#1576 = B_SPLINE_CURVE_WITH_KNOTS('',1,(#1577,#1578),.UNSPECIFIED.,.F.,
  .F.,(2,2),(0.,14.849242404917),.PIECEWISE_BEZIER_KNOTS.);
#1577 = CARTESIAN_POINT('',(0.,0.));
#1578 = CARTESIAN_POINT('',(14.849242404917,0.));
#1579 = ( GEOMETRIC_REPRESENTATION_CONTEXT(2) 
PARAMETRIC_REPRESENTATION_CONTEXT() REPRESENTATION_CONTEXT('2D SPACE',''
  ) );
#1580 = ORIENTED_EDGE('',*,*,#56,.F.);
#1581 = ORIENTED_EDGE('',*,*,#449,.F.);
#1582 = ADVANCED_FACE('',(#1583),#342,.F.);
#1583 = FACE_BOUND('',#1584,.T.);
#1584 = EDGE_LOOP('',(#1585,#1608,#1609,#1610));
#1585 = ORIENTED_EDGE('',*,*,#1586,.F.);
#1586 = EDGE_CURVE('',#302,#1587,#1589,.T.);
#1587 = VERTEX_POINT('',#1588);
#1588 = CARTESIAN_POINT('',(-6.3,-22.7,4.3));
#1589 = SURFACE_CURVE('',#1590,(#1594,#1601),.PCURVE_S1.);
#1590 = LINE('',#1591,#1592);
#1591 = CARTESIAN_POINT('',(-6.3,-24.1,4.3));
#1592 = VECTOR('',#1593,1.);
#1593 = DIRECTION('',(0.,1.,0.));
#1594 = PCURVE('',#342,#1595);
#1595 = DEFINITIONAL_REPRESENTATION('',(#1596),#1600);
#1596 = LINE('',#1597,#1598);
#1597 = CARTESIAN_POINT('',(-0.,0.));
#1598 = VECTOR('',#1599,1.);
#1599 = DIRECTION('',(-0.,1.));
#1600 = ( GEOMETRIC_REPRESENTATION_CONTEXT(2) 
PARAMETRIC_REPRESENTATION_CONTEXT() REPRESENTATION_CONTEXT('2D SPACE',''
  ) );
#1601 = PCURVE('',#316,#1602);
#1602 = DEFINITIONAL_REPRESENTATION('',(#1603),#1607);
#1603 = LINE('',#1604,#1605);
#1604 = CARTESIAN_POINT('',(2.,0.));
#1605 = VECTOR('',#1606,1.);
#1606 = DIRECTION('',(0.,-1.));
#1607 = ( GEOMETRIC_REPRESENTATION_CONTEXT(2) 
PARAMETRIC_REPRESENTATION_CONTEXT() REPRESENTATION_CONTEXT('2D SPACE',''
  ) );
#1608 = ORIENTED_EDGE('',*,*,#327,.F.);
#1609 = ORIENTED_EDGE('',*,*,#471,.T.);
#1610 = ORIENTED_EDGE('',*,*,#1611,.F.);
#1611 = EDGE_CURVE('',#1587,#472,#1612,.T.);
#1612 = SURFACE_CURVE('',#1613,(#1618,#1625),.PCURVE_S1.);
#1613 = CIRCLE('',#1614,2.);
#1614 = AXIS2_PLACEMENT_3D('',#1615,#1616,#1617);
#1615 = CARTESIAN_POINT('',(-4.3,-22.7,4.3));
#1616 = DIRECTION('',(-0.,-1.,0.));
#1617 = DIRECTION('',(0.,-0.,1.));
#1618 = PCURVE('',#342,#1619);
#1619 = DEFINITIONAL_REPRESENTATION('',(#1620),#1624);
#1620 = LINE('',#1621,#1622);
#1621 = CARTESIAN_POINT('',(1.570796326795,1.4));
#1622 = VECTOR('',#1623,1.);
#1623 = DIRECTION('',(-1.,0.));
#1624 = ( GEOMETRIC_REPRESENTATION_CONTEXT(2) 
PARAMETRIC_REPRESENTATION_CONTEXT() REPRESENTATION_CONTEXT('2D SPACE',''
  ) );
#1625 = PCURVE('',#509,#1626);
#1626 = DEFINITIONAL_REPRESENTATION('',(#1627),#1635);
#1627 = ( BOUNDED_CURVE() B_SPLINE_CURVE(2,(#1628,#1629,#1630,#1631,
#1632,#1633,#1634),.UNSPECIFIED.,.T.,.F.) B_SPLINE_CURVE_WITH_KNOTS((1,2
    ,2,2,2,1),(-2.094395102393,0.,2.094395102393,4.188790204786,
6.28318530718,8.377580409573),.UNSPECIFIED.) CURVE() 
GEOMETRIC_REPRESENTATION_ITEM() RATIONAL_B_SPLINE_CURVE((1.,0.5,1.,0.5,
1.,0.5,1.)) REPRESENTATION_ITEM('') );
#1628 = CARTESIAN_POINT('',(4.,2.));
#1629 = CARTESIAN_POINT('',(4.,-1.464101615138));
#1630 = CARTESIAN_POINT('',(1.,0.267949192431));
#1631 = CARTESIAN_POINT('',(-2.,2.));
#1632 = CARTESIAN_POINT('',(1.,3.732050807569));
#1633 = CARTESIAN_POINT('',(4.,5.464101615138));
#1634 = CARTESIAN_POINT('',(4.,2.));
#1635 = ( GEOMETRIC_REPRESENTATION_CONTEXT(2) 
PARAMETRIC_REPRESENTATION_CONTEXT() REPRESENTATION_CONTEXT('2D SPACE',''
  ) );
#1636 = ADVANCED_FACE('',(#1637),#100,.T.);
#1637 = FACE_BOUND('',#1638,.T.);
#1638 = EDGE_LOOP('',(#1639,#1640,#1667,#1694));
#1639 = ORIENTED_EDGE('',*,*,#84,.T.);
#1640 = ORIENTED_EDGE('',*,*,#1641,.T.);
#1641 = EDGE_CURVE('',#85,#1642,#1644,.T.);
#1642 = VERTEX_POINT('',#1643);
#1643 = CARTESIAN_POINT('',(10.6875,-19.,16.5));
#1644 = SURFACE_CURVE('',#1645,(#1648,#1655),.PCURVE_S1.);
#1645 = B_SPLINE_CURVE_WITH_KNOTS('',1,(#1646,#1647),.UNSPECIFIED.,.F.,
  .F.,(2,2),(0.,1.),.PIECEWISE_BEZIER_KNOTS.);
#1646 = CARTESIAN_POINT('',(13.5,-24.,11.5));
#1647 = CARTESIAN_POINT('',(10.6875,-19.,16.5));
#1648 = PCURVE('',#100,#1649);
#1649 = DEFINITIONAL_REPRESENTATION('',(#1650),#1654);
#1650 = LINE('',#1651,#1652);
#1651 = CARTESIAN_POINT('',(27.,0.));
#1652 = VECTOR('',#1653,1.);
#1653 = DIRECTION('',(0.,1.));
#1654 = ( GEOMETRIC_REPRESENTATION_CONTEXT(2) 
PARAMETRIC_REPRESENTATION_CONTEXT() REPRESENTATION_CONTEXT('2D SPACE',''
  ) );
#1655 = PCURVE('',#1656,#1661);
#1656 = B_SPLINE_SURFACE_WITH_KNOTS('',1,1,(
    (#1657,#1658)
    ,(#1659,#1660
    )),.UNSPECIFIED.,.F.,.F.,.F.,(2,2),(2,2),(0.,14.849242404917),(0.,1.
    ),.PIECEWISE_BEZIER_KNOTS.);
#1657 = CARTESIAN_POINT('',(13.5,-24.,11.5));
#1658 = CARTESIAN_POINT('',(10.6875,-19.,16.5));
#1659 = CARTESIAN_POINT('',(24.,-13.5,11.5));
#1660 = CARTESIAN_POINT('',(19.,-10.6875,16.5));
#1661 = DEFINITIONAL_REPRESENTATION('',(#1662),#1666);
#1662 = LINE('',#1663,#1664);
#1663 = CARTESIAN_POINT('',(0.,0.));
#1664 = VECTOR('',#1665,1.);
#1665 = DIRECTION('',(0.,1.));
#1666 = ( GEOMETRIC_REPRESENTATION_CONTEXT(2) 
PARAMETRIC_REPRESENTATION_CONTEXT() REPRESENTATION_CONTEXT('2D SPACE',''
  ) );
#1667 = ORIENTED_EDGE('',*,*,#1668,.F.);
#1668 = EDGE_CURVE('',#1669,#1642,#1671,.T.);
#1669 = VERTEX_POINT('',#1670);
#1670 = CARTESIAN_POINT('',(-10.6875,-19.,16.5));
#1671 = SURFACE_CURVE('',#1672,(#1676,#1682),.PCURVE_S1.);
#1672 = LINE('',#1673,#1674);
#1673 = CARTESIAN_POINT('',(-10.6875,-19.,16.5));
#1674 = VECTOR('',#1675,1.);
#1675 = DIRECTION('',(1.,0.,0.));
#1676 = PCURVE('',#100,#1677);
#1677 = DEFINITIONAL_REPRESENTATION('',(#1678),#1681);
#1678 = B_SPLINE_CURVE_WITH_KNOTS('',1,(#1679,#1680),.UNSPECIFIED.,.F.,
  .F.,(2,2),(0.,21.375),.PIECEWISE_BEZIER_KNOTS.);
#1679 = CARTESIAN_POINT('',(0.,1.));
#1680 = CARTESIAN_POINT('',(27.,1.));
#1681 = ( GEOMETRIC_REPRESENTATION_CONTEXT(2) 
PARAMETRIC_REPRESENTATION_CONTEXT() REPRESENTATION_CONTEXT('2D SPACE',''
  ) );
#1682 = PCURVE('',#1683,#1688);
#1683 = PLANE('',#1684);
#1684 = AXIS2_PLACEMENT_3D('',#1685,#1686,#1687);
#1685 = CARTESIAN_POINT('',(-10.6875,-19.,16.5));
#1686 = DIRECTION('',(0.,0.,-1.));
#1687 = DIRECTION('',(0.490261239633,0.871575537125,0.));
#1688 = DEFINITIONAL_REPRESENTATION('',(#1689),#1693);
#1689 = LINE('',#1690,#1691);
#1690 = CARTESIAN_POINT('',(0.,0.));
#1691 = VECTOR('',#1692,1.);
#1692 = DIRECTION('',(0.490261239633,0.871575537125));
#1693 = ( GEOMETRIC_REPRESENTATION_CONTEXT(2) 
PARAMETRIC_REPRESENTATION_CONTEXT() REPRESENTATION_CONTEXT('2D SPACE',''
  ) );
#1694 = ORIENTED_EDGE('',*,*,#1695,.F.);
#1695 = EDGE_CURVE('',#57,#1669,#1696,.T.);
#1696 = SURFACE_CURVE('',#1697,(#1700,#1707),.PCURVE_S1.);
#1697 = B_SPLINE_CURVE_WITH_KNOTS('',1,(#1698,#1699),.UNSPECIFIED.,.F.,
  .F.,(2,2),(0.,1.),.PIECEWISE_BEZIER_KNOTS.);
#1698 = CARTESIAN_POINT('',(-13.5,-24.,11.5));
#1699 = CARTESIAN_POINT('',(-10.6875,-19.,16.5));
#1700 = PCURVE('',#100,#1701);
#1701 = DEFINITIONAL_REPRESENTATION('',(#1702),#1706);
#1702 = LINE('',#1703,#1704);
#1703 = CARTESIAN_POINT('',(0.,0.));
#1704 = VECTOR('',#1705,1.);
#1705 = DIRECTION('',(0.,1.));
#1706 = ( GEOMETRIC_REPRESENTATION_CONTEXT(2) 
PARAMETRIC_REPRESENTATION_CONTEXT() REPRESENTATION_CONTEXT('2D SPACE',''
  ) );
#1707 = PCURVE('',#1570,#1708);
#1708 = DEFINITIONAL_REPRESENTATION('',(#1709),#1713);
#1709 = LINE('',#1710,#1711);
#1710 = CARTESIAN_POINT('',(14.849242404917,0.));
#1711 = VECTOR('',#1712,1.);
#1712 = DIRECTION('',(0.,1.));
#1713 = ( GEOMETRIC_REPRESENTATION_CONTEXT(2) 
PARAMETRIC_REPRESENTATION_CONTEXT() REPRESENTATION_CONTEXT('2D SPACE',''
  ) );
#1714 = ADVANCED_FACE('',(#1715),#316,.T.);
#1715 = FACE_BOUND('',#1716,.T.);
#1716 = EDGE_LOOP('',(#1717,#1718,#1719,#1742));
#1717 = ORIENTED_EDGE('',*,*,#301,.T.);
#1718 = ORIENTED_EDGE('',*,*,#1586,.T.);
#1719 = ORIENTED_EDGE('',*,*,#1720,.T.);
#1720 = EDGE_CURVE('',#1587,#1721,#1723,.T.);
#1721 = VERTEX_POINT('',#1722);
#1722 = CARTESIAN_POINT('',(-6.3,-22.7,6.3));
#1723 = SURFACE_CURVE('',#1724,(#1728,#1735),.PCURVE_S1.);
#1724 = LINE('',#1725,#1726);
#1725 = CARTESIAN_POINT('',(-6.3,-22.7,2.3));
#1726 = VECTOR('',#1727,1.);
#1727 = DIRECTION('',(0.,0.,1.));
#1728 = PCURVE('',#316,#1729);
#1729 = DEFINITIONAL_REPRESENTATION('',(#1730),#1734);
#1730 = LINE('',#1731,#1732);
#1731 = CARTESIAN_POINT('',(0.,-1.4));
#1732 = VECTOR('',#1733,1.);
#1733 = DIRECTION('',(1.,0.));
#1734 = ( GEOMETRIC_REPRESENTATION_CONTEXT(2) 
PARAMETRIC_REPRESENTATION_CONTEXT() REPRESENTATION_CONTEXT('2D SPACE',''
  ) );
#1735 = PCURVE('',#509,#1736);
#1736 = DEFINITIONAL_REPRESENTATION('',(#1737),#1741);
#1737 = LINE('',#1738,#1739);
#1738 = CARTESIAN_POINT('',(0.,0.));
#1739 = VECTOR('',#1740,1.);
#1740 = DIRECTION('',(1.,0.));
#1741 = ( GEOMETRIC_REPRESENTATION_CONTEXT(2) 
PARAMETRIC_REPRESENTATION_CONTEXT() REPRESENTATION_CONTEXT('2D SPACE',''
  ) );
#1742 = ORIENTED_EDGE('',*,*,#1743,.F.);
#1743 = EDGE_CURVE('',#273,#1721,#1744,.T.);
#1744 = SURFACE_CURVE('',#1745,(#1749,#1756),.PCURVE_S1.);
#1745 = LINE('',#1746,#1747);
#1746 = CARTESIAN_POINT('',(-6.3,-24.1,6.3));
#1747 = VECTOR('',#1748,1.);
#1748 = DIRECTION('',(0.,1.,0.));
#1749 = PCURVE('',#316,#1750);
#1750 = DEFINITIONAL_REPRESENTATION('',(#1751),#1755);
#1751 = LINE('',#1752,#1753);
#1752 = CARTESIAN_POINT('',(4.,0.));
#1753 = VECTOR('',#1754,1.);
#1754 = DIRECTION('',(0.,-1.));
#1755 = ( GEOMETRIC_REPRESENTATION_CONTEXT(2) 
PARAMETRIC_REPRESENTATION_CONTEXT() REPRESENTATION_CONTEXT('2D SPACE',''
  ) );
#1756 = PCURVE('',#289,#1757);
#1757 = DEFINITIONAL_REPRESENTATION('',(#1758),#1762);
#1758 = LINE('',#1759,#1760);
#1759 = CARTESIAN_POINT('',(0.,0.));
#1760 = VECTOR('',#1761,1.);
#1761 = DIRECTION('',(0.,1.));
#1762 = ( GEOMETRIC_REPRESENTATION_CONTEXT(2) 
PARAMETRIC_REPRESENTATION_CONTEXT() REPRESENTATION_CONTEXT('2D SPACE',''
  ) );
#1763 = ADVANCED_FACE('',(#1764),#127,.F.);
#1764 = FACE_BOUND('',#1765,.F.);
#1765 = EDGE_LOOP('',(#1766,#1767,#1768,#1790));
#1766 = ORIENTED_EDGE('',*,*,#541,.F.);
#1767 = ORIENTED_EDGE('',*,*,#111,.T.);
#1768 = ORIENTED_EDGE('',*,*,#1769,.T.);
#1769 = EDGE_CURVE('',#85,#1770,#1772,.T.);
#1770 = VERTEX_POINT('',#1771);
#1771 = CARTESIAN_POINT('',(22.428571428571,-15.07142857142,11.5));
#1772 = SURFACE_CURVE('',#1773,(#1777,#1784),.PCURVE_S1.);
#1773 = LINE('',#1774,#1775);
#1774 = CARTESIAN_POINT('',(13.5,-24.,11.5));
#1775 = VECTOR('',#1776,1.);
#1776 = DIRECTION('',(0.707106781187,0.707106781187,0.));
#1777 = PCURVE('',#127,#1778);
#1778 = DEFINITIONAL_REPRESENTATION('',(#1779),#1783);
#1779 = LINE('',#1780,#1781);
#1780 = CARTESIAN_POINT('',(0.,-9.1));
#1781 = VECTOR('',#1782,1.);
#1782 = DIRECTION('',(1.,0.));
#1783 = ( GEOMETRIC_REPRESENTATION_CONTEXT(2) 
PARAMETRIC_REPRESENTATION_CONTEXT() REPRESENTATION_CONTEXT('2D SPACE',''
  ) );
#1784 = PCURVE('',#1656,#1785);
#1785 = DEFINITIONAL_REPRESENTATION('',(#1786),#1789);
#1786 = B_SPLINE_CURVE_WITH_KNOTS('',1,(#1787,#1788),.UNSPECIFIED.,.F.,
  .F.,(2,2),(0.,14.849242404917),.PIECEWISE_BEZIER_KNOTS.);
#1787 = CARTESIAN_POINT('',(0.,0.));
#1788 = CARTESIAN_POINT('',(14.849242404917,0.));
#1789 = ( GEOMETRIC_REPRESENTATION_CONTEXT(2) 
PARAMETRIC_REPRESENTATION_CONTEXT() REPRESENTATION_CONTEXT('2D SPACE',''
  ) );
#1790 = ORIENTED_EDGE('',*,*,#1791,.F.);
#1791 = EDGE_CURVE('',#542,#1770,#1792,.T.);
#1792 = SURFACE_CURVE('',#1793,(#1797,#1803),.PCURVE_S1.);
#1793 = LINE('',#1794,#1795);
#1794 = CARTESIAN_POINT('',(22.428571428571,-15.07142857142,2.4));
#1795 = VECTOR('',#1796,1.);
#1796 = DIRECTION('',(0.,0.,1.));
#1797 = PCURVE('',#127,#1798);
#1798 = DEFINITIONAL_REPRESENTATION('',(#1799),#1802);
#1799 = B_SPLINE_CURVE_WITH_KNOTS('',1,(#1800,#1801),.UNSPECIFIED.,.F.,
  .F.,(2,2),(0.,9.1),.PIECEWISE_BEZIER_KNOTS.);
#1800 = CARTESIAN_POINT('',(12.626906806903,0.));
#1801 = CARTESIAN_POINT('',(12.626906806903,-9.1));
#1802 = ( GEOMETRIC_REPRESENTATION_CONTEXT(2) 
PARAMETRIC_REPRESENTATION_CONTEXT() REPRESENTATION_CONTEXT('2D SPACE',''
  ) );
#1803 = PCURVE('',#580,#1804);
#1804 = DEFINITIONAL_REPRESENTATION('',(#1805),#1808);
#1805 = B_SPLINE_CURVE_WITH_KNOTS('',1,(#1806,#1807),.UNSPECIFIED.,.F.,
  .F.,(2,2),(0.,9.1),.PIECEWISE_BEZIER_KNOTS.);
#1806 = CARTESIAN_POINT('',(6.165241607726,0.));
#1807 = CARTESIAN_POINT('',(6.165241607726,-9.1));
#1808 = ( GEOMETRIC_REPRESENTATION_CONTEXT(2) 
PARAMETRIC_REPRESENTATION_CONTEXT() REPRESENTATION_CONTEXT('2D SPACE',''
  ) );
#1809 = ADVANCED_FACE('',(#1810),#289,.F.);
#1810 = FACE_BOUND('',#1811,.F.);
#1811 = EDGE_LOOP('',(#1812,#1813,#1814,#1837));
#1812 = ORIENTED_EDGE('',*,*,#1743,.F.);
#1813 = ORIENTED_EDGE('',*,*,#272,.T.);
#1814 = ORIENTED_EDGE('',*,*,#1815,.T.);
#1815 = EDGE_CURVE('',#247,#1816,#1818,.T.);
#1816 = VERTEX_POINT('',#1817);
#1817 = CARTESIAN_POINT('',(-4.3,-22.7,8.3));
#1818 = SURFACE_CURVE('',#1819,(#1823,#1830),.PCURVE_S1.);
#1819 = LINE('',#1820,#1821);
#1820 = CARTESIAN_POINT('',(-4.3,-24.1,8.3));
#1821 = VECTOR('',#1822,1.);
#1822 = DIRECTION('',(0.,1.,0.));
#1823 = PCURVE('',#289,#1824);
#1824 = DEFINITIONAL_REPRESENTATION('',(#1825),#1829);
#1825 = LINE('',#1826,#1827);
#1826 = CARTESIAN_POINT('',(1.570796326795,0.));
#1827 = VECTOR('',#1828,1.);
#1828 = DIRECTION('',(0.,1.));
#1829 = ( GEOMETRIC_REPRESENTATION_CONTEXT(2) 
PARAMETRIC_REPRESENTATION_CONTEXT() REPRESENTATION_CONTEXT('2D SPACE',''
  ) );
#1830 = PCURVE('',#261,#1831);
#1831 = DEFINITIONAL_REPRESENTATION('',(#1832),#1836);
#1832 = LINE('',#1833,#1834);
#1833 = CARTESIAN_POINT('',(2.,0.));
#1834 = VECTOR('',#1835,1.);
#1835 = DIRECTION('',(0.,1.));
#1836 = ( GEOMETRIC_REPRESENTATION_CONTEXT(2) 
PARAMETRIC_REPRESENTATION_CONTEXT() REPRESENTATION_CONTEXT('2D SPACE',''
  ) );
#1837 = ORIENTED_EDGE('',*,*,#1838,.F.);
#1838 = EDGE_CURVE('',#1721,#1816,#1839,.T.);
#1839 = SURFACE_CURVE('',#1840,(#1845,#1852),.PCURVE_S1.);
#1840 = CIRCLE('',#1841,2.);
#1841 = AXIS2_PLACEMENT_3D('',#1842,#1843,#1844);
#1842 = CARTESIAN_POINT('',(-4.3,-22.7,6.3));
#1843 = DIRECTION('',(0.,1.,0.));
#1844 = DIRECTION('',(0.,-0.,1.));
#1845 = PCURVE('',#289,#1846);
#1846 = DEFINITIONAL_REPRESENTATION('',(#1847),#1851);
#1847 = LINE('',#1848,#1849);
#1848 = CARTESIAN_POINT('',(-4.712388980385,1.4));
#1849 = VECTOR('',#1850,1.);
#1850 = DIRECTION('',(1.,0.));
#1851 = ( GEOMETRIC_REPRESENTATION_CONTEXT(2) 
PARAMETRIC_REPRESENTATION_CONTEXT() REPRESENTATION_CONTEXT('2D SPACE',''
  ) );
#1852 = PCURVE('',#509,#1853);
#1853 = DEFINITIONAL_REPRESENTATION('',(#1854),#1858);
#1854 = CIRCLE('',#1855,2.);
#1855 = AXIS2_PLACEMENT_2D('',#1856,#1857);
#1856 = CARTESIAN_POINT('',(4.,2.));
#1857 = DIRECTION('',(1.,0.));
#1858 = ( GEOMETRIC_REPRESENTATION_CONTEXT(2) 
PARAMETRIC_REPRESENTATION_CONTEXT() REPRESENTATION_CONTEXT('2D SPACE',''
  ) );
#1859 = ADVANCED_FACE('',(#1860),#261,.F.);
#1860 = FACE_BOUND('',#1861,.F.);
#1861 = EDGE_LOOP('',(#1862,#1885,#1886,#1887));
#1862 = ORIENTED_EDGE('',*,*,#1863,.F.);
#1863 = EDGE_CURVE('',#1816,#1864,#1866,.T.);
#1864 = VERTEX_POINT('',#1865);
#1865 = CARTESIAN_POINT('',(4.3,-22.7,8.3));
#1866 = SURFACE_CURVE('',#1867,(#1871,#1878),.PCURVE_S1.);
#1867 = LINE('',#1868,#1869);
#1868 = CARTESIAN_POINT('',(-6.3,-22.7,8.3));
#1869 = VECTOR('',#1870,1.);
#1870 = DIRECTION('',(1.,0.,0.));
#1871 = PCURVE('',#261,#1872);
#1872 = DEFINITIONAL_REPRESENTATION('',(#1873),#1877);
#1873 = LINE('',#1874,#1875);
#1874 = CARTESIAN_POINT('',(0.,1.4));
#1875 = VECTOR('',#1876,1.);
#1876 = DIRECTION('',(1.,0.));
#1877 = ( GEOMETRIC_REPRESENTATION_CONTEXT(2) 
PARAMETRIC_REPRESENTATION_CONTEXT() REPRESENTATION_CONTEXT('2D SPACE',''
  ) );
#1878 = PCURVE('',#509,#1879);
#1879 = DEFINITIONAL_REPRESENTATION('',(#1880),#1884);
#1880 = LINE('',#1881,#1882);
#1881 = CARTESIAN_POINT('',(6.,0.));
#1882 = VECTOR('',#1883,1.);
#1883 = DIRECTION('',(0.,1.));
#1884 = ( GEOMETRIC_REPRESENTATION_CONTEXT(2) 
PARAMETRIC_REPRESENTATION_CONTEXT() REPRESENTATION_CONTEXT('2D SPACE',''
  ) );
#1885 = ORIENTED_EDGE('',*,*,#1815,.F.);
#1886 = ORIENTED_EDGE('',*,*,#246,.T.);
#1887 = ORIENTED_EDGE('',*,*,#1888,.T.);
#1888 = EDGE_CURVE('',#218,#1864,#1889,.T.);
#1889 = SURFACE_CURVE('',#1890,(#1894,#1901),.PCURVE_S1.);
#1890 = LINE('',#1891,#1892);
#1891 = CARTESIAN_POINT('',(4.3,-24.1,8.3));
#1892 = VECTOR('',#1893,1.);
#1893 = DIRECTION('',(0.,1.,0.));
#1894 = PCURVE('',#261,#1895);
#1895 = DEFINITIONAL_REPRESENTATION('',(#1896),#1900);
#1896 = LINE('',#1897,#1898);
#1897 = CARTESIAN_POINT('',(10.6,0.));
#1898 = VECTOR('',#1899,1.);
#1899 = DIRECTION('',(0.,1.));
#1900 = ( GEOMETRIC_REPRESENTATION_CONTEXT(2) 
PARAMETRIC_REPRESENTATION_CONTEXT() REPRESENTATION_CONTEXT('2D SPACE',''
  ) );
#1901 = PCURVE('',#234,#1902);
#1902 = DEFINITIONAL_REPRESENTATION('',(#1903),#1907);
#1903 = LINE('',#1904,#1905);
#1904 = CARTESIAN_POINT('',(-1.570796326795,0.));
#1905 = VECTOR('',#1906,1.);
#1906 = DIRECTION('',(-0.,1.));
#1907 = ( GEOMETRIC_REPRESENTATION_CONTEXT(2) 
PARAMETRIC_REPRESENTATION_CONTEXT() REPRESENTATION_CONTEXT('2D SPACE',''
  ) );
#1908 = ADVANCED_FACE('',(#1909),#179,.F.);
#1909 = FACE_BOUND('',#1910,.F.);
#1910 = EDGE_LOOP('',(#1911,#1934,#1935,#1936));
#1911 = ORIENTED_EDGE('',*,*,#1912,.F.);
#1912 = EDGE_CURVE('',#163,#1913,#1915,.T.);
#1913 = VERTEX_POINT('',#1914);
#1914 = CARTESIAN_POINT('',(6.3,-22.7,4.3));
#1915 = SURFACE_CURVE('',#1916,(#1920,#1927),.PCURVE_S1.);
#1916 = LINE('',#1917,#1918);
#1917 = CARTESIAN_POINT('',(6.3,-24.1,4.3));
#1918 = VECTOR('',#1919,1.);
#1919 = DIRECTION('',(0.,1.,0.));
#1920 = PCURVE('',#179,#1921);
#1921 = DEFINITIONAL_REPRESENTATION('',(#1922),#1926);
#1922 = LINE('',#1923,#1924);
#1923 = CARTESIAN_POINT('',(0.,0.));
#1924 = VECTOR('',#1925,1.);
#1925 = DIRECTION('',(0.,1.));
#1926 = ( GEOMETRIC_REPRESENTATION_CONTEXT(2) 
PARAMETRIC_REPRESENTATION_CONTEXT() REPRESENTATION_CONTEXT('2D SPACE',''
  ) );
#1927 = PCURVE('',#206,#1928);
#1928 = DEFINITIONAL_REPRESENTATION('',(#1929),#1933);
#1929 = LINE('',#1930,#1931);
#1930 = CARTESIAN_POINT('',(2.,0.));
#1931 = VECTOR('',#1932,1.);
#1932 = DIRECTION('',(0.,-1.));
#1933 = ( GEOMETRIC_REPRESENTATION_CONTEXT(2) 
PARAMETRIC_REPRESENTATION_CONTEXT() REPRESENTATION_CONTEXT('2D SPACE',''
  ) );
#1934 = ORIENTED_EDGE('',*,*,#162,.T.);
#1935 = ORIENTED_EDGE('',*,*,#520,.T.);
#1936 = ORIENTED_EDGE('',*,*,#1937,.F.);
#1937 = EDGE_CURVE('',#1913,#494,#1938,.T.);
#1938 = SURFACE_CURVE('',#1939,(#1944,#1951),.PCURVE_S1.);
#1939 = CIRCLE('',#1940,2.);
#1940 = AXIS2_PLACEMENT_3D('',#1941,#1942,#1943);
#1941 = CARTESIAN_POINT('',(4.3,-22.7,4.3));
#1942 = DIRECTION('',(0.,1.,0.));
#1943 = DIRECTION('',(0.,-0.,1.));
#1944 = PCURVE('',#179,#1945);
#1945 = DEFINITIONAL_REPRESENTATION('',(#1946),#1950);
#1946 = LINE('',#1947,#1948);
#1947 = CARTESIAN_POINT('',(-1.570796326795,1.4));
#1948 = VECTOR('',#1949,1.);
#1949 = DIRECTION('',(1.,0.));
#1950 = ( GEOMETRIC_REPRESENTATION_CONTEXT(2) 
PARAMETRIC_REPRESENTATION_CONTEXT() REPRESENTATION_CONTEXT('2D SPACE',''
  ) );
#1951 = PCURVE('',#509,#1952);
#1952 = DEFINITIONAL_REPRESENTATION('',(#1953),#1957);
#1953 = CIRCLE('',#1954,2.);
#1954 = AXIS2_PLACEMENT_2D('',#1955,#1956);
#1955 = CARTESIAN_POINT('',(2.,10.6));
#1956 = DIRECTION('',(1.,0.));
#1957 = ( GEOMETRIC_REPRESENTATION_CONTEXT(2) 
PARAMETRIC_REPRESENTATION_CONTEXT() REPRESENTATION_CONTEXT('2D SPACE',''
  ) );
#1958 = ADVANCED_FACE('',(#1959),#234,.F.);
#1959 = FACE_BOUND('',#1960,.T.);
#1960 = EDGE_LOOP('',(#1961,#1984,#1985,#1986));
#1961 = ORIENTED_EDGE('',*,*,#1962,.F.);
#1962 = EDGE_CURVE('',#192,#1963,#1965,.T.);
#1963 = VERTEX_POINT('',#1964);
#1964 = CARTESIAN_POINT('',(6.3,-22.7,6.3));
#1965 = SURFACE_CURVE('',#1966,(#1970,#1977),.PCURVE_S1.);
#1966 = LINE('',#1967,#1968);
#1967 = CARTESIAN_POINT('',(6.3,-24.1,6.3));
#1968 = VECTOR('',#1969,1.);
#1969 = DIRECTION('',(0.,1.,0.));
#1970 = PCURVE('',#234,#1971);
#1971 = DEFINITIONAL_REPRESENTATION('',(#1972),#1976);
#1972 = LINE('',#1973,#1974);
#1973 = CARTESIAN_POINT('',(-0.,0.));
#1974 = VECTOR('',#1975,1.);
#1975 = DIRECTION('',(-0.,1.));
#1976 = ( GEOMETRIC_REPRESENTATION_CONTEXT(2) 
PARAMETRIC_REPRESENTATION_CONTEXT() REPRESENTATION_CONTEXT('2D SPACE',''
  ) );
#1977 = PCURVE('',#206,#1978);
#1978 = DEFINITIONAL_REPRESENTATION('',(#1979),#1983);
#1979 = LINE('',#1980,#1981);
#1980 = CARTESIAN_POINT('',(4.,0.));
#1981 = VECTOR('',#1982,1.);
#1982 = DIRECTION('',(0.,-1.));
#1983 = ( GEOMETRIC_REPRESENTATION_CONTEXT(2) 
PARAMETRIC_REPRESENTATION_CONTEXT() REPRESENTATION_CONTEXT('2D SPACE',''
  ) );
#1984 = ORIENTED_EDGE('',*,*,#217,.F.);
#1985 = ORIENTED_EDGE('',*,*,#1888,.T.);
#1986 = ORIENTED_EDGE('',*,*,#1987,.F.);
#1987 = EDGE_CURVE('',#1963,#1864,#1988,.T.);
#1988 = SURFACE_CURVE('',#1989,(#1994,#2001),.PCURVE_S1.);
#1989 = CIRCLE('',#1990,2.);
#1990 = AXIS2_PLACEMENT_3D('',#1991,#1992,#1993);
#1991 = CARTESIAN_POINT('',(4.3,-22.7,6.3));
#1992 = DIRECTION('',(-0.,-1.,0.));
#1993 = DIRECTION('',(0.,-0.,1.));
#1994 = PCURVE('',#234,#1995);
#1995 = DEFINITIONAL_REPRESENTATION('',(#1996),#2000);
#1996 = LINE('',#1997,#1998);
#1997 = CARTESIAN_POINT('',(4.712388980385,1.4));
#1998 = VECTOR('',#1999,1.);
#1999 = DIRECTION('',(-1.,0.));
#2000 = ( GEOMETRIC_REPRESENTATION_CONTEXT(2) 
PARAMETRIC_REPRESENTATION_CONTEXT() REPRESENTATION_CONTEXT('2D SPACE',''
  ) );
#2001 = PCURVE('',#509,#2002);
#2002 = DEFINITIONAL_REPRESENTATION('',(#2003),#2011);
#2003 = ( BOUNDED_CURVE() B_SPLINE_CURVE(2,(#2004,#2005,#2006,#2007,
#2008,#2009,#2010),.UNSPECIFIED.,.T.,.F.) B_SPLINE_CURVE_WITH_KNOTS((1,2
    ,2,2,2,1),(-2.094395102393,0.,2.094395102393,4.188790204786,
6.28318530718,8.377580409573),.UNSPECIFIED.) CURVE() 
GEOMETRIC_REPRESENTATION_ITEM() RATIONAL_B_SPLINE_CURVE((1.,0.5,1.,0.5,
1.,0.5,1.)) REPRESENTATION_ITEM('') );
#2004 = CARTESIAN_POINT('',(6.,10.6));
#2005 = CARTESIAN_POINT('',(6.,7.135898384862));
#2006 = CARTESIAN_POINT('',(3.,8.867949192431));
#2007 = CARTESIAN_POINT('',(1.7763568394E-15,10.6));
#2008 = CARTESIAN_POINT('',(3.,12.332050807569));
#2009 = CARTESIAN_POINT('',(6.,14.064101615138));
#2010 = CARTESIAN_POINT('',(6.,10.6));
#2011 = ( GEOMETRIC_REPRESENTATION_CONTEXT(2) 
PARAMETRIC_REPRESENTATION_CONTEXT() REPRESENTATION_CONTEXT('2D SPACE',''
  ) );
#2012 = ADVANCED_FACE('',(#2013),#206,.F.);
#2013 = FACE_BOUND('',#2014,.F.);
#2014 = EDGE_LOOP('',(#2015,#2016,#2017,#2038));
#2015 = ORIENTED_EDGE('',*,*,#191,.T.);
#2016 = ORIENTED_EDGE('',*,*,#1912,.T.);
#2017 = ORIENTED_EDGE('',*,*,#2018,.T.);
#2018 = EDGE_CURVE('',#1913,#1963,#2019,.T.);
#2019 = SURFACE_CURVE('',#2020,(#2024,#2031),.PCURVE_S1.);
#2020 = LINE('',#2021,#2022);
#2021 = CARTESIAN_POINT('',(6.3,-22.7,2.3));
#2022 = VECTOR('',#2023,1.);
#2023 = DIRECTION('',(0.,0.,1.));
#2024 = PCURVE('',#206,#2025);
#2025 = DEFINITIONAL_REPRESENTATION('',(#2026),#2030);
#2026 = LINE('',#2027,#2028);
#2027 = CARTESIAN_POINT('',(0.,-1.4));
#2028 = VECTOR('',#2029,1.);
#2029 = DIRECTION('',(1.,0.));
#2030 = ( GEOMETRIC_REPRESENTATION_CONTEXT(2) 
PARAMETRIC_REPRESENTATION_CONTEXT() REPRESENTATION_CONTEXT('2D SPACE',''
  ) );
#2031 = PCURVE('',#509,#2032);
#2032 = DEFINITIONAL_REPRESENTATION('',(#2033),#2037);
#2033 = LINE('',#2034,#2035);
#2034 = CARTESIAN_POINT('',(0.,12.6));
#2035 = VECTOR('',#2036,1.);
#2036 = DIRECTION('',(1.,0.));
#2037 = ( GEOMETRIC_REPRESENTATION_CONTEXT(2) 
PARAMETRIC_REPRESENTATION_CONTEXT() REPRESENTATION_CONTEXT('2D SPACE',''
  ) );
#2038 = ORIENTED_EDGE('',*,*,#1962,.F.);
#2039 = ADVANCED_FACE('',(#2040),#373,.F.);
#2040 = FACE_BOUND('',#2041,.T.);
#2041 = EDGE_LOOP('',(#2042,#2066,#2087,#2088));
#2042 = ORIENTED_EDGE('',*,*,#2043,.T.);
#2043 = EDGE_CURVE('',#2044,#2044,#2046,.T.);
#2044 = VERTEX_POINT('',#2045);
#2045 = CARTESIAN_POINT('',(-7.5,-21.8,5.2));
#2046 = SURFACE_CURVE('',#2047,(#2052,#2059),.PCURVE_S1.);
#2047 = CIRCLE('',#2048,1.);
#2048 = AXIS2_PLACEMENT_3D('',#2049,#2050,#2051);
#2049 = CARTESIAN_POINT('',(-8.5,-21.8,5.2));
#2050 = DIRECTION('',(0.,1.,-1.110223024625E-16));
#2051 = DIRECTION('',(1.,0.,0.));
#2052 = PCURVE('',#373,#2053);
#2053 = DEFINITIONAL_REPRESENTATION('',(#2054),#2058);
#2054 = LINE('',#2055,#2056);
#2055 = CARTESIAN_POINT('',(-6.28318530718,-1.3));
#2056 = VECTOR('',#2057,1.);
#2057 = DIRECTION('',(1.,-0.));
#2058 = ( GEOMETRIC_REPRESENTATION_CONTEXT(2) 
PARAMETRIC_REPRESENTATION_CONTEXT() REPRESENTATION_CONTEXT('2D SPACE',''
  ) );
#2059 = PCURVE('',#872,#2060);
#2060 = DEFINITIONAL_REPRESENTATION('',(#2061),#2065);
#2061 = CIRCLE('',#2062,1.);
#2062 = AXIS2_PLACEMENT_2D('',#2063,#2064);
#2063 = CARTESIAN_POINT('',(5.,-2.8));
#2064 = DIRECTION('',(1.,0.));
#2065 = ( GEOMETRIC_REPRESENTATION_CONTEXT(2) 
PARAMETRIC_REPRESENTATION_CONTEXT() REPRESENTATION_CONTEXT('2D SPACE',''
  ) );
#2066 = ORIENTED_EDGE('',*,*,#2067,.T.);
#2067 = EDGE_CURVE('',#2044,#357,#2068,.T.);
#2068 = SEAM_CURVE('',#2069,(#2073,#2080),.PCURVE_S1.);
#2069 = LINE('',#2070,#2071);
#2070 = CARTESIAN_POINT('',(-7.5,-20.5,5.2));
#2071 = VECTOR('',#2072,1.);
#2072 = DIRECTION('',(0.,-1.,1.110223024625E-16));
#2073 = PCURVE('',#373,#2074);
#2074 = DEFINITIONAL_REPRESENTATION('',(#2075),#2079);
#2075 = LINE('',#2076,#2077);
#2076 = CARTESIAN_POINT('',(-6.28318530718,0.));
#2077 = VECTOR('',#2078,1.);
#2078 = DIRECTION('',(-0.,-1.));
#2079 = ( GEOMETRIC_REPRESENTATION_CONTEXT(2) 
PARAMETRIC_REPRESENTATION_CONTEXT() REPRESENTATION_CONTEXT('2D SPACE',''
  ) );
#2080 = PCURVE('',#373,#2081);
#2081 = DEFINITIONAL_REPRESENTATION('',(#2082),#2086);
#2082 = LINE('',#2083,#2084);
#2083 = CARTESIAN_POINT('',(-0.,0.));
#2084 = VECTOR('',#2085,1.);
#2085 = DIRECTION('',(-0.,-1.));
#2086 = ( GEOMETRIC_REPRESENTATION_CONTEXT(2) 
PARAMETRIC_REPRESENTATION_CONTEXT() REPRESENTATION_CONTEXT('2D SPACE',''
  ) );
#2087 = ORIENTED_EDGE('',*,*,#356,.F.);
#2088 = ORIENTED_EDGE('',*,*,#2067,.F.);
#2089 = ADVANCED_FACE('',(#2090),#404,.F.);
#2090 = FACE_BOUND('',#2091,.T.);
#2091 = EDGE_LOOP('',(#2092,#2116,#2137,#2138));
#2092 = ORIENTED_EDGE('',*,*,#2093,.T.);
#2093 = EDGE_CURVE('',#2094,#2094,#2096,.T.);
#2094 = VERTEX_POINT('',#2095);
#2095 = CARTESIAN_POINT('',(9.5,-21.8,5.2));
#2096 = SURFACE_CURVE('',#2097,(#2102,#2109),.PCURVE_S1.);
#2097 = CIRCLE('',#2098,1.);
#2098 = AXIS2_PLACEMENT_3D('',#2099,#2100,#2101);
#2099 = CARTESIAN_POINT('',(8.5,-21.8,5.2));
#2100 = DIRECTION('',(0.,1.,-1.110223024625E-16));
#2101 = DIRECTION('',(1.,0.,0.));
#2102 = PCURVE('',#404,#2103);
#2103 = DEFINITIONAL_REPRESENTATION('',(#2104),#2108);
#2104 = LINE('',#2105,#2106);
#2105 = CARTESIAN_POINT('',(-6.28318530718,-1.3));
#2106 = VECTOR('',#2107,1.);
#2107 = DIRECTION('',(1.,-0.));
#2108 = ( GEOMETRIC_REPRESENTATION_CONTEXT(2) 
PARAMETRIC_REPRESENTATION_CONTEXT() REPRESENTATION_CONTEXT('2D SPACE',''
  ) );
#2109 = PCURVE('',#872,#2110);
#2110 = DEFINITIONAL_REPRESENTATION('',(#2111),#2115);
#2111 = CIRCLE('',#2112,1.);
#2112 = AXIS2_PLACEMENT_2D('',#2113,#2114);
#2113 = CARTESIAN_POINT('',(22.,-2.8));
#2114 = DIRECTION('',(1.,0.));
#2115 = ( GEOMETRIC_REPRESENTATION_CONTEXT(2) 
PARAMETRIC_REPRESENTATION_CONTEXT() REPRESENTATION_CONTEXT('2D SPACE',''
  ) );
#2116 = ORIENTED_EDGE('',*,*,#2117,.T.);
#2117 = EDGE_CURVE('',#2094,#388,#2118,.T.);
#2118 = SEAM_CURVE('',#2119,(#2123,#2130),.PCURVE_S1.);
#2119 = LINE('',#2120,#2121);
#2120 = CARTESIAN_POINT('',(9.5,-20.5,5.2));
#2121 = VECTOR('',#2122,1.);
#2122 = DIRECTION('',(0.,-1.,1.110223024625E-16));
#2123 = PCURVE('',#404,#2124);
#2124 = DEFINITIONAL_REPRESENTATION('',(#2125),#2129);
#2125 = LINE('',#2126,#2127);
#2126 = CARTESIAN_POINT('',(-6.28318530718,0.));
#2127 = VECTOR('',#2128,1.);
#2128 = DIRECTION('',(-0.,-1.));
#2129 = ( GEOMETRIC_REPRESENTATION_CONTEXT(2) 
PARAMETRIC_REPRESENTATION_CONTEXT() REPRESENTATION_CONTEXT('2D SPACE',''
  ) );
#2130 = PCURVE('',#404,#2131);
#2131 = DEFINITIONAL_REPRESENTATION('',(#2132),#2136);
#2132 = LINE('',#2133,#2134);
#2133 = CARTESIAN_POINT('',(-0.,0.));
#2134 = VECTOR('',#2135,1.);
#2135 = DIRECTION('',(-0.,-1.));
#2136 = ( GEOMETRIC_REPRESENTATION_CONTEXT(2) 
PARAMETRIC_REPRESENTATION_CONTEXT() REPRESENTATION_CONTEXT('2D SPACE',''
  ) );
#2137 = ORIENTED_EDGE('',*,*,#387,.F.);
#2138 = ORIENTED_EDGE('',*,*,#2117,.F.);
#2139 = ADVANCED_FACE('',(#2140),#437,.F.);
#2140 = FACE_BOUND('',#2141,.F.);
#2141 = EDGE_LOOP('',(#2142,#2165,#2190,#2191));
#2142 = ORIENTED_EDGE('',*,*,#2143,.T.);
#2143 = EDGE_CURVE('',#420,#2144,#2146,.T.);
#2144 = VERTEX_POINT('',#2145);
#2145 = CARTESIAN_POINT('',(-24.,13.5,11.5));
#2146 = SURFACE_CURVE('',#2147,(#2151,#2158),.PCURVE_S1.);
#2147 = LINE('',#2148,#2149);
#2148 = CARTESIAN_POINT('',(-24.,13.5,2.4));
#2149 = VECTOR('',#2150,1.);
#2150 = DIRECTION('',(0.,0.,1.));
#2151 = PCURVE('',#437,#2152);
#2152 = DEFINITIONAL_REPRESENTATION('',(#2153),#2157);
#2153 = LINE('',#2154,#2155);
#2154 = CARTESIAN_POINT('',(0.,0.));
#2155 = VECTOR('',#2156,1.);
#2156 = DIRECTION('',(0.,-1.));
#2157 = ( GEOMETRIC_REPRESENTATION_CONTEXT(2) 
PARAMETRIC_REPRESENTATION_CONTEXT() REPRESENTATION_CONTEXT('2D SPACE',''
  ) );
#2158 = PCURVE('',#840,#2159);
#2159 = DEFINITIONAL_REPRESENTATION('',(#2160),#2164);
#2160 = LINE('',#2161,#2162);
#2161 = CARTESIAN_POINT('',(14.849242404917,0.));
#2162 = VECTOR('',#2163,1.);
#2163 = DIRECTION('',(0.,-1.));
#2164 = ( GEOMETRIC_REPRESENTATION_CONTEXT(2) 
PARAMETRIC_REPRESENTATION_CONTEXT() REPRESENTATION_CONTEXT('2D SPACE',''
  ) );
#2165 = ORIENTED_EDGE('',*,*,#2166,.T.);
#2166 = EDGE_CURVE('',#2144,#1534,#2167,.T.);
#2167 = SURFACE_CURVE('',#2168,(#2172,#2179),.PCURVE_S1.);
#2168 = LINE('',#2169,#2170);
#2169 = CARTESIAN_POINT('',(-24.,13.5,11.5));
#2170 = VECTOR('',#2171,1.);
#2171 = DIRECTION('',(0.,-1.,0.));
#2172 = PCURVE('',#437,#2173);
#2173 = DEFINITIONAL_REPRESENTATION('',(#2174),#2178);
#2174 = LINE('',#2175,#2176);
#2175 = CARTESIAN_POINT('',(0.,-9.1));
#2176 = VECTOR('',#2177,1.);
#2177 = DIRECTION('',(1.,0.));
#2178 = ( GEOMETRIC_REPRESENTATION_CONTEXT(2) 
PARAMETRIC_REPRESENTATION_CONTEXT() REPRESENTATION_CONTEXT('2D SPACE',''
  ) );
#2179 = PCURVE('',#2180,#2185);
#2180 = B_SPLINE_SURFACE_WITH_KNOTS('',1,1,(
    (#2181,#2182)
    ,(#2183,#2184
    )),.UNSPECIFIED.,.F.,.F.,.F.,(2,2),(2,2),(0.,27.),(0.,1.),
  .PIECEWISE_BEZIER_KNOTS.);
#2181 = CARTESIAN_POINT('',(-24.,13.5,11.5));
#2182 = CARTESIAN_POINT('',(-19.,10.6875,16.5));
#2183 = CARTESIAN_POINT('',(-24.,-13.5,11.5));
#2184 = CARTESIAN_POINT('',(-19.,-10.6875,16.5));
#2185 = DEFINITIONAL_REPRESENTATION('',(#2186),#2189);
#2186 = B_SPLINE_CURVE_WITH_KNOTS('',1,(#2187,#2188),.UNSPECIFIED.,.F.,
  .F.,(2,2),(0.,27.),.PIECEWISE_BEZIER_KNOTS.);
#2187 = CARTESIAN_POINT('',(0.,0.));
#2188 = CARTESIAN_POINT('',(27.,0.));
#2189 = ( GEOMETRIC_REPRESENTATION_CONTEXT(2) 
PARAMETRIC_REPRESENTATION_CONTEXT() REPRESENTATION_CONTEXT('2D SPACE',''
  ) );
#2190 = ORIENTED_EDGE('',*,*,#1533,.F.);
#2191 = ORIENTED_EDGE('',*,*,#419,.F.);
#2192 = ADVANCED_FACE('',(#2193),#840,.F.);
#2193 = FACE_BOUND('',#2194,.F.);
#2194 = EDGE_LOOP('',(#2195,#2218,#2243,#2244));
#2195 = ORIENTED_EDGE('',*,*,#2196,.T.);
#2196 = EDGE_CURVE('',#799,#2197,#2199,.T.);
#2197 = VERTEX_POINT('',#2198);
#2198 = CARTESIAN_POINT('',(-13.5,24.,11.5));
#2199 = SURFACE_CURVE('',#2200,(#2204,#2211),.PCURVE_S1.);
#2200 = LINE('',#2201,#2202);
#2201 = CARTESIAN_POINT('',(-13.5,24.,2.4));
#2202 = VECTOR('',#2203,1.);
#2203 = DIRECTION('',(0.,0.,1.));
#2204 = PCURVE('',#840,#2205);
#2205 = DEFINITIONAL_REPRESENTATION('',(#2206),#2210);
#2206 = LINE('',#2207,#2208);
#2207 = CARTESIAN_POINT('',(0.,0.));
#2208 = VECTOR('',#2209,1.);
#2209 = DIRECTION('',(0.,-1.));
#2210 = ( GEOMETRIC_REPRESENTATION_CONTEXT(2) 
PARAMETRIC_REPRESENTATION_CONTEXT() REPRESENTATION_CONTEXT('2D SPACE',''
  ) );
#2211 = PCURVE('',#814,#2212);
#2212 = DEFINITIONAL_REPRESENTATION('',(#2213),#2217);
#2213 = LINE('',#2214,#2215);
#2214 = CARTESIAN_POINT('',(27.,0.));
#2215 = VECTOR('',#2216,1.);
#2216 = DIRECTION('',(0.,-1.));
#2217 = ( GEOMETRIC_REPRESENTATION_CONTEXT(2) 
PARAMETRIC_REPRESENTATION_CONTEXT() REPRESENTATION_CONTEXT('2D SPACE',''
  ) );
#2218 = ORIENTED_EDGE('',*,*,#2219,.T.);
#2219 = EDGE_CURVE('',#2197,#2144,#2220,.T.);
#2220 = SURFACE_CURVE('',#2221,(#2225,#2232),.PCURVE_S1.);
#2221 = LINE('',#2222,#2223);
#2222 = CARTESIAN_POINT('',(-13.5,24.,11.5));
#2223 = VECTOR('',#2224,1.);
#2224 = DIRECTION('',(-0.707106781187,-0.707106781187,0.));
#2225 = PCURVE('',#840,#2226);
#2226 = DEFINITIONAL_REPRESENTATION('',(#2227),#2231);
#2227 = LINE('',#2228,#2229);
#2228 = CARTESIAN_POINT('',(0.,-9.1));
#2229 = VECTOR('',#2230,1.);
#2230 = DIRECTION('',(1.,0.));
#2231 = ( GEOMETRIC_REPRESENTATION_CONTEXT(2) 
PARAMETRIC_REPRESENTATION_CONTEXT() REPRESENTATION_CONTEXT('2D SPACE',''
  ) );
#2232 = PCURVE('',#2233,#2238);
#2233 = B_SPLINE_SURFACE_WITH_KNOTS('',1,1,(
    (#2234,#2235)
    ,(#2236,#2237
    )),.UNSPECIFIED.,.F.,.F.,.F.,(2,2),(2,2),(0.,14.849242404917),(0.,1.
    ),.PIECEWISE_BEZIER_KNOTS.);
#2234 = CARTESIAN_POINT('',(-13.5,24.,11.5));
#2235 = CARTESIAN_POINT('',(-10.6875,19.,16.5));
#2236 = CARTESIAN_POINT('',(-24.,13.5,11.5));
#2237 = CARTESIAN_POINT('',(-19.,10.6875,16.5));
#2238 = DEFINITIONAL_REPRESENTATION('',(#2239),#2242);
#2239 = B_SPLINE_CURVE_WITH_KNOTS('',1,(#2240,#2241),.UNSPECIFIED.,.F.,
  .F.,(2,2),(0.,14.849242404917),.PIECEWISE_BEZIER_KNOTS.);
#2240 = CARTESIAN_POINT('',(0.,0.));
#2241 = CARTESIAN_POINT('',(14.849242404917,0.));
#2242 = ( GEOMETRIC_REPRESENTATION_CONTEXT(2) 
PARAMETRIC_REPRESENTATION_CONTEXT() REPRESENTATION_CONTEXT('2D SPACE',''
  ) );
#2243 = ORIENTED_EDGE('',*,*,#2143,.F.);
#2244 = ORIENTED_EDGE('',*,*,#826,.F.);
#2245 = ADVANCED_FACE('',(#2246),#814,.F.);
#2246 = FACE_BOUND('',#2247,.F.);
#2247 = EDGE_LOOP('',(#2248,#2271,#2296,#2297));
#2248 = ORIENTED_EDGE('',*,*,#2249,.T.);
#2249 = EDGE_CURVE('',#771,#2250,#2252,.T.);
#2250 = VERTEX_POINT('',#2251);
#2251 = CARTESIAN_POINT('',(13.5,24.,11.5));
#2252 = SURFACE_CURVE('',#2253,(#2257,#2264),.PCURVE_S1.);
#2253 = LINE('',#2254,#2255);
#2254 = CARTESIAN_POINT('',(13.5,24.,2.4));
#2255 = VECTOR('',#2256,1.);
#2256 = DIRECTION('',(0.,0.,1.));
#2257 = PCURVE('',#814,#2258);
#2258 = DEFINITIONAL_REPRESENTATION('',(#2259),#2263);
#2259 = LINE('',#2260,#2261);
#2260 = CARTESIAN_POINT('',(0.,-0.));
#2261 = VECTOR('',#2262,1.);
#2262 = DIRECTION('',(0.,-1.));
#2263 = ( GEOMETRIC_REPRESENTATION_CONTEXT(2) 
PARAMETRIC_REPRESENTATION_CONTEXT() REPRESENTATION_CONTEXT('2D SPACE',''
  ) );
#2264 = PCURVE('',#786,#2265);
#2265 = DEFINITIONAL_REPRESENTATION('',(#2266),#2270);
#2266 = LINE('',#2267,#2268);
#2267 = CARTESIAN_POINT('',(14.849242404917,0.));
#2268 = VECTOR('',#2269,1.);
#2269 = DIRECTION('',(0.,-1.));
#2270 = ( GEOMETRIC_REPRESENTATION_CONTEXT(2) 
PARAMETRIC_REPRESENTATION_CONTEXT() REPRESENTATION_CONTEXT('2D SPACE',''
  ) );
#2271 = ORIENTED_EDGE('',*,*,#2272,.T.);
#2272 = EDGE_CURVE('',#2250,#2197,#2273,.T.);
#2273 = SURFACE_CURVE('',#2274,(#2278,#2285),.PCURVE_S1.);
#2274 = LINE('',#2275,#2276);
#2275 = CARTESIAN_POINT('',(13.5,24.,11.5));
#2276 = VECTOR('',#2277,1.);
#2277 = DIRECTION('',(-1.,0.,0.));
#2278 = PCURVE('',#814,#2279);
#2279 = DEFINITIONAL_REPRESENTATION('',(#2280),#2284);
#2280 = LINE('',#2281,#2282);
#2281 = CARTESIAN_POINT('',(0.,-9.1));
#2282 = VECTOR('',#2283,1.);
#2283 = DIRECTION('',(1.,0.));
#2284 = ( GEOMETRIC_REPRESENTATION_CONTEXT(2) 
PARAMETRIC_REPRESENTATION_CONTEXT() REPRESENTATION_CONTEXT('2D SPACE',''
  ) );
#2285 = PCURVE('',#2286,#2291);
#2286 = B_SPLINE_SURFACE_WITH_KNOTS('',1,1,(
    (#2287,#2288)
    ,(#2289,#2290
    )),.UNSPECIFIED.,.F.,.F.,.F.,(2,2),(2,2),(0.,27.),(0.,1.),
  .PIECEWISE_BEZIER_KNOTS.);
#2287 = CARTESIAN_POINT('',(13.5,24.,11.5));
#2288 = CARTESIAN_POINT('',(10.6875,19.,16.5));
#2289 = CARTESIAN_POINT('',(-13.5,24.,11.5));
#2290 = CARTESIAN_POINT('',(-10.6875,19.,16.5));
#2291 = DEFINITIONAL_REPRESENTATION('',(#2292),#2295);
#2292 = B_SPLINE_CURVE_WITH_KNOTS('',1,(#2293,#2294),.UNSPECIFIED.,.F.,
  .F.,(2,2),(0.,27.),.PIECEWISE_BEZIER_KNOTS.);
#2293 = CARTESIAN_POINT('',(0.,0.));
#2294 = CARTESIAN_POINT('',(27.,0.));
#2295 = ( GEOMETRIC_REPRESENTATION_CONTEXT(2) 
PARAMETRIC_REPRESENTATION_CONTEXT() REPRESENTATION_CONTEXT('2D SPACE',''
  ) );
#2296 = ORIENTED_EDGE('',*,*,#2196,.F.);
#2297 = ORIENTED_EDGE('',*,*,#798,.F.);
#2298 = ADVANCED_FACE('',(#2299),#786,.F.);
#2299 = FACE_BOUND('',#2300,.F.);
#2300 = EDGE_LOOP('',(#2301,#2302,#2323,#2348));
#2301 = ORIENTED_EDGE('',*,*,#770,.F.);
#2302 = ORIENTED_EDGE('',*,*,#2303,.F.);
#2303 = EDGE_CURVE('',#2304,#743,#2306,.T.);
#2304 = VERTEX_POINT('',#2305);
#2305 = CARTESIAN_POINT('',(22.428571428571,15.071428571429,11.5));
#2306 = SURFACE_CURVE('',#2307,(#2311,#2317),.PCURVE_S1.);
#2307 = LINE('',#2308,#2309);
#2308 = CARTESIAN_POINT('',(22.428571428571,15.071428571429,2.4));
#2309 = VECTOR('',#2310,1.);
#2310 = DIRECTION('',(0.,0.,-1.));
#2311 = PCURVE('',#786,#2312);
#2312 = DEFINITIONAL_REPRESENTATION('',(#2313),#2316);
#2313 = B_SPLINE_CURVE_WITH_KNOTS('',1,(#2314,#2315),.UNSPECIFIED.,.F.,
  .F.,(2,2),(-9.1,0.),.PIECEWISE_BEZIER_KNOTS.);
#2314 = CARTESIAN_POINT('',(2.222335598015,-9.1));
#2315 = CARTESIAN_POINT('',(2.222335598015,0.));
#2316 = ( GEOMETRIC_REPRESENTATION_CONTEXT(2) 
PARAMETRIC_REPRESENTATION_CONTEXT() REPRESENTATION_CONTEXT('2D SPACE',''
  ) );
#2317 = PCURVE('',#758,#2318);
#2318 = DEFINITIONAL_REPRESENTATION('',(#2319),#2322);
#2319 = B_SPLINE_CURVE_WITH_KNOTS('',1,(#2320,#2321),.UNSPECIFIED.,.F.,
  .F.,(2,2),(-9.1,0.),.PIECEWISE_BEZIER_KNOTS.);
#2320 = CARTESIAN_POINT('',(2.46609664309,-9.1));
#2321 = CARTESIAN_POINT('',(2.46609664309,0.));
#2322 = ( GEOMETRIC_REPRESENTATION_CONTEXT(2) 
PARAMETRIC_REPRESENTATION_CONTEXT() REPRESENTATION_CONTEXT('2D SPACE',''
  ) );
#2323 = ORIENTED_EDGE('',*,*,#2324,.T.);
#2324 = EDGE_CURVE('',#2304,#2250,#2325,.T.);
#2325 = SURFACE_CURVE('',#2326,(#2330,#2337),.PCURVE_S1.);
#2326 = LINE('',#2327,#2328);
#2327 = CARTESIAN_POINT('',(24.,13.5,11.5));
#2328 = VECTOR('',#2329,1.);
#2329 = DIRECTION('',(-0.707106781187,0.707106781187,0.));
#2330 = PCURVE('',#786,#2331);
#2331 = DEFINITIONAL_REPRESENTATION('',(#2332),#2336);
#2332 = LINE('',#2333,#2334);
#2333 = CARTESIAN_POINT('',(0.,-9.1));
#2334 = VECTOR('',#2335,1.);
#2335 = DIRECTION('',(1.,0.));
#2336 = ( GEOMETRIC_REPRESENTATION_CONTEXT(2) 
PARAMETRIC_REPRESENTATION_CONTEXT() REPRESENTATION_CONTEXT('2D SPACE',''
  ) );
#2337 = PCURVE('',#2338,#2343);
#2338 = B_SPLINE_SURFACE_WITH_KNOTS('',1,1,(
    (#2339,#2340)
    ,(#2341,#2342
    )),.UNSPECIFIED.,.F.,.F.,.F.,(2,2),(2,2),(0.,14.849242404917),(0.,1.
    ),.PIECEWISE_BEZIER_KNOTS.);
#2339 = CARTESIAN_POINT('',(24.,13.5,11.5));
#2340 = CARTESIAN_POINT('',(19.,10.6875,16.5));
#2341 = CARTESIAN_POINT('',(13.5,24.,11.5));
#2342 = CARTESIAN_POINT('',(10.6875,19.,16.5));
#2343 = DEFINITIONAL_REPRESENTATION('',(#2344),#2347);
#2344 = B_SPLINE_CURVE_WITH_KNOTS('',1,(#2345,#2346),.UNSPECIFIED.,.F.,
  .F.,(2,2),(0.,14.849242404917),.PIECEWISE_BEZIER_KNOTS.);
#2345 = CARTESIAN_POINT('',(0.,0.));
#2346 = CARTESIAN_POINT('',(14.849242404917,0.));
#2347 = ( GEOMETRIC_REPRESENTATION_CONTEXT(2) 
PARAMETRIC_REPRESENTATION_CONTEXT() REPRESENTATION_CONTEXT('2D SPACE',''
  ) );
#2348 = ORIENTED_EDGE('',*,*,#2249,.F.);
#2349 = ADVANCED_FACE('',(#2350),#758,.T.);
#2350 = FACE_BOUND('',#2351,.T.);
#2351 = EDGE_LOOP('',(#2352,#2382,#2403,#2404,#2405,#2437,#2465));
#2352 = ORIENTED_EDGE('',*,*,#2353,.F.);
#2353 = EDGE_CURVE('',#2354,#2356,#2358,.T.);
#2354 = VERTEX_POINT('',#2355);
#2355 = CARTESIAN_POINT('',(28.5,14.,3.2));
#2356 = VERTEX_POINT('',#2357);
#2357 = CARTESIAN_POINT('',(28.5,14.,11.5));
#2358 = SURFACE_CURVE('',#2359,(#2363,#2370),.PCURVE_S1.);
#2359 = LINE('',#2360,#2361);
#2360 = CARTESIAN_POINT('',(28.5,14.,2.4));
#2361 = VECTOR('',#2362,1.);
#2362 = DIRECTION('',(0.,0.,1.));
#2363 = PCURVE('',#758,#2364);
#2364 = DEFINITIONAL_REPRESENTATION('',(#2365),#2369);
#2365 = LINE('',#2366,#2367);
#2366 = CARTESIAN_POINT('',(8.631338250816,0.));
#2367 = VECTOR('',#2368,1.);
#2368 = DIRECTION('',(0.,-1.));
#2369 = ( GEOMETRIC_REPRESENTATION_CONTEXT(2) 
PARAMETRIC_REPRESENTATION_CONTEXT() REPRESENTATION_CONTEXT('2D SPACE',''
  ) );
#2370 = PCURVE('',#2371,#2376);
#2371 = PLANE('',#2372);
#2372 = AXIS2_PLACEMENT_3D('',#2373,#2374,#2375);
#2373 = CARTESIAN_POINT('',(28.5,14.,2.4));
#2374 = DIRECTION('',(0.509041095663,0.860742216303,-0.));
#2375 = DIRECTION('',(0.860742216303,-0.509041095663,0.));
#2376 = DEFINITIONAL_REPRESENTATION('',(#2377),#2381);
#2377 = LINE('',#2378,#2379);
#2378 = CARTESIAN_POINT('',(0.,0.));
#2379 = VECTOR('',#2380,1.);
#2380 = DIRECTION('',(0.,-1.));
#2381 = ( GEOMETRIC_REPRESENTATION_CONTEXT(2) 
PARAMETRIC_REPRESENTATION_CONTEXT() REPRESENTATION_CONTEXT('2D SPACE',''
  ) );
#2382 = ORIENTED_EDGE('',*,*,#2383,.F.);
#2383 = EDGE_CURVE('',#715,#2354,#2384,.T.);
#2384 = SURFACE_CURVE('',#2385,(#2389,#2396),.PCURVE_S1.);
#2385 = LINE('',#2386,#2387);
#2386 = CARTESIAN_POINT('',(24.471269033736,14.710952523458,
    1.761157225529));
#2387 = VECTOR('',#2388,1.);
#2388 = DIRECTION('',(0.928999515272,-0.16394109093,0.331787913174));
#2389 = PCURVE('',#758,#2390);
#2390 = DEFINITIONAL_REPRESENTATION('',(#2391),#2395);
#2391 = LINE('',#2392,#2393);
#2392 = CARTESIAN_POINT('',(4.540357110656,0.638842774471));
#2393 = VECTOR('',#2394,1.);
#2394 = DIRECTION('',(0.943354006019,-0.331787913174));
#2395 = ( GEOMETRIC_REPRESENTATION_CONTEXT(2) 
PARAMETRIC_REPRESENTATION_CONTEXT() REPRESENTATION_CONTEXT('2D SPACE',''
  ) );
#2396 = PCURVE('',#730,#2397);
#2397 = DEFINITIONAL_REPRESENTATION('',(#2398),#2402);
#2398 = LINE('',#2399,#2400);
#2399 = CARTESIAN_POINT('',(3.829602872296,-1.46914554083));
#2400 = VECTOR('',#2401,1.);
#2401 = DIRECTION('',(-0.883081854271,0.469218966642));
#2402 = ( GEOMETRIC_REPRESENTATION_CONTEXT(2) 
PARAMETRIC_REPRESENTATION_CONTEXT() REPRESENTATION_CONTEXT('2D SPACE',''
  ) );
#2403 = ORIENTED_EDGE('',*,*,#742,.F.);
#2404 = ORIENTED_EDGE('',*,*,#2303,.F.);
#2405 = ORIENTED_EDGE('',*,*,#2406,.T.);
#2406 = EDGE_CURVE('',#2304,#2407,#2409,.T.);
#2407 = VERTEX_POINT('',#2408);
#2408 = CARTESIAN_POINT('',(20.151785714286,15.473214285714,12.7));
#2409 = SURFACE_CURVE('',#2410,(#2417,#2427),.PCURVE_S1.);
#2410 = B_SPLINE_CURVE_WITH_KNOTS('',5,(#2411,#2412,#2413,#2414,#2415,
    #2416),.UNSPECIFIED.,.F.,.F.,(6,6),(0.,1.),
  .PIECEWISE_BEZIER_KNOTS.);
#2411 = CARTESIAN_POINT('',(22.428571428571,15.071428571429,11.5));
#2412 = CARTESIAN_POINT('',(21.966319981942,15.153002356128,
    11.743633703635));
#2413 = CARTESIAN_POINT('',(21.507360913675,15.233995132881,
    11.985532130204));
#2414 = CARTESIAN_POINT('',(21.051847621812,15.314379831445,
    12.225614429916));
#2415 = CARTESIAN_POINT('',(20.599937165895,15.39412873543,
    12.463797823152));
#2416 = CARTESIAN_POINT('',(20.151785714286,15.473214285714,12.7));
#2417 = PCURVE('',#758,#2418);
#2418 = DEFINITIONAL_REPRESENTATION('',(#2419),#2426);
#2419 = B_SPLINE_CURVE_WITH_KNOTS('',5,(#2420,#2421,#2422,#2423,#2424,
    #2425),.UNSPECIFIED.,.F.,.F.,(6,6),(0.,1.),
  .PIECEWISE_BEZIER_KNOTS.);
#2420 = CARTESIAN_POINT('',(2.46609664309,-9.1));
#2421 = CARTESIAN_POINT('',(1.996702690998,-9.343633703635));
#2422 = CARTESIAN_POINT('',(1.530651989645,-9.585532130204));
#2423 = CARTESIAN_POINT('',(1.068100307315,-9.825614429916));
#2424 = CARTESIAN_POINT('',(0.609207130362,-10.06379782315));
#2425 = CARTESIAN_POINT('',(0.154131040193,-10.3));
#2426 = ( GEOMETRIC_REPRESENTATION_CONTEXT(2) 
PARAMETRIC_REPRESENTATION_CONTEXT() REPRESENTATION_CONTEXT('2D SPACE',''
  ) );
#2427 = PCURVE('',#2338,#2428);
#2428 = DEFINITIONAL_REPRESENTATION('',(#2429),#2436);
#2429 = B_SPLINE_CURVE_WITH_KNOTS('',5,(#2430,#2431,#2432,#2433,#2434,
    #2435),.UNSPECIFIED.,.F.,.F.,(6,6),(0.,1.),
  .PIECEWISE_BEZIER_KNOTS.);
#2430 = CARTESIAN_POINT('',(2.222335598015,0.));
#2431 = CARTESIAN_POINT('',(2.554067602318,4.872674072702E-02));
#2432 = CARTESIAN_POINT('',(2.891855827269,9.710642604089E-02));
#2433 = CARTESIAN_POINT('',(3.235777116754,0.145122885983));
#2434 = CARTESIAN_POINT('',(3.585895152249,0.19275956463));
#2435 = CARTESIAN_POINT('',(3.94225329894,0.24));
#2436 = ( GEOMETRIC_REPRESENTATION_CONTEXT(2) 
PARAMETRIC_REPRESENTATION_CONTEXT() REPRESENTATION_CONTEXT('2D SPACE',''
  ) );
#2437 = ORIENTED_EDGE('',*,*,#2438,.T.);
#2438 = EDGE_CURVE('',#2407,#2439,#2441,.T.);
#2439 = VERTEX_POINT('',#2440);
#2440 = CARTESIAN_POINT('',(25.140024021183,14.592936937438,12.7));
#2441 = SURFACE_CURVE('',#2442,(#2446,#2453),.PCURVE_S1.);
#2442 = LINE('',#2443,#2444);
#2443 = CARTESIAN_POINT('',(20.,15.5,12.7));
#2444 = VECTOR('',#2445,1.);
#2445 = DIRECTION('',(0.984783558818,-0.173785333909,0.));
#2446 = PCURVE('',#758,#2447);
#2447 = DEFINITIONAL_REPRESENTATION('',(#2448),#2452);
#2448 = LINE('',#2449,#2450);
#2449 = CARTESIAN_POINT('',(0.,-10.3));
#2450 = VECTOR('',#2451,1.);
#2451 = DIRECTION('',(1.,0.));
#2452 = ( GEOMETRIC_REPRESENTATION_CONTEXT(2) 
PARAMETRIC_REPRESENTATION_CONTEXT() REPRESENTATION_CONTEXT('2D SPACE',''
  ) );
#2453 = PCURVE('',#2454,#2459);
#2454 = PLANE('',#2455);
#2455 = AXIS2_PLACEMENT_3D('',#2456,#2457,#2458);
#2456 = CARTESIAN_POINT('',(27.598865129427,0.,12.7));
#2457 = DIRECTION('',(-0.,-0.,-1.));
#2458 = DIRECTION('',(-1.,0.,0.));
#2459 = DEFINITIONAL_REPRESENTATION('',(#2460),#2464);
#2460 = LINE('',#2461,#2462);
#2461 = CARTESIAN_POINT('',(7.598865129427,15.5));
#2462 = VECTOR('',#2463,1.);
#2463 = DIRECTION('',(-0.984783558818,-0.173785333909));
#2464 = ( GEOMETRIC_REPRESENTATION_CONTEXT(2) 
PARAMETRIC_REPRESENTATION_CONTEXT() REPRESENTATION_CONTEXT('2D SPACE',''
  ) );
#2465 = ORIENTED_EDGE('',*,*,#2466,.F.);
#2466 = EDGE_CURVE('',#2356,#2439,#2467,.T.);
#2467 = SURFACE_CURVE('',#2468,(#2472,#2479),.PCURVE_S1.);
#2468 = LINE('',#2469,#2470);
#2469 = CARTESIAN_POINT('',(25.935365383668,14.452582579353,
    12.415947482661));
#2470 = VECTOR('',#2471,1.);
#2471 = DIRECTION('',(-0.928999515272,0.16394109093,0.331787913174));
#2472 = PCURVE('',#758,#2473);
#2473 = DEFINITIONAL_REPRESENTATION('',(#2474),#2478);
#2474 = LINE('',#2475,#2476);
#2475 = CARTESIAN_POINT('',(6.027076031603,-10.01594748266));
#2476 = VECTOR('',#2477,1.);
#2477 = DIRECTION('',(-0.943354006019,-0.331787913174));
#2478 = ( GEOMETRIC_REPRESENTATION_CONTEXT(2) 
PARAMETRIC_REPRESENTATION_CONTEXT() REPRESENTATION_CONTEXT('2D SPACE',''
  ) );
#2479 = PCURVE('',#2480,#2485);
#2480 = PLANE('',#2481);
#2481 = AXIS2_PLACEMENT_3D('',#2482,#2483,#2484);
#2482 = CARTESIAN_POINT('',(28.194575342602,13.483554670218,12.1));
#2483 = DIRECTION('',(-0.359946410646,-0.608636658001,-0.707106781187));
#2484 = DIRECTION('',(0.860742216303,-0.509041095663,5.76619637885E-17)
  );
#2485 = DEFINITIONAL_REPRESENTATION('',(#2486),#2490);
#2486 = LINE('',#2487,#2488);
#2487 = CARTESIAN_POINT('',(-2.437872415741,0.446817214977));
#2488 = VECTOR('',#2489,1.);
#2489 = DIRECTION('',(-0.883081854271,0.469218966642));
#2490 = ( GEOMETRIC_REPRESENTATION_CONTEXT(2) 
PARAMETRIC_REPRESENTATION_CONTEXT() REPRESENTATION_CONTEXT('2D SPACE',''
  ) );
#2491 = ADVANCED_FACE('',(#2492,#2502),#509,.F.);
#2492 = FACE_BOUND('',#2493,.F.);
#2493 = EDGE_LOOP('',(#2494,#2495,#2496,#2497,#2498,#2499,#2500,#2501));
#2494 = ORIENTED_EDGE('',*,*,#493,.T.);
#2495 = ORIENTED_EDGE('',*,*,#1611,.F.);
#2496 = ORIENTED_EDGE('',*,*,#1720,.T.);
#2497 = ORIENTED_EDGE('',*,*,#1838,.T.);
#2498 = ORIENTED_EDGE('',*,*,#1863,.T.);
#2499 = ORIENTED_EDGE('',*,*,#1987,.F.);
#2500 = ORIENTED_EDGE('',*,*,#2018,.F.);
#2501 = ORIENTED_EDGE('',*,*,#1937,.T.);
#2502 = FACE_BOUND('',#2503,.F.);
#2503 = EDGE_LOOP('',(#2504,#2535,#2561,#2590,#2616,#2645,#2671,#2700));
#2504 = ORIENTED_EDGE('',*,*,#2505,.F.);
#2505 = EDGE_CURVE('',#2506,#2508,#2510,.T.);
#2506 = VERTEX_POINT('',#2507);
#2507 = CARTESIAN_POINT('',(-5.5,-22.7,5.9));
#2508 = VERTEX_POINT('',#2509);
#2509 = CARTESIAN_POINT('',(-3.7,-22.7,7.7));
#2510 = SURFACE_CURVE('',#2511,(#2516,#2523),.PCURVE_S1.);
#2511 = CIRCLE('',#2512,1.8);
#2512 = AXIS2_PLACEMENT_3D('',#2513,#2514,#2515);
#2513 = CARTESIAN_POINT('',(-3.7,-22.7,5.9));
#2514 = DIRECTION('',(0.,1.,0.));
#2515 = DIRECTION('',(-1.,0.,0.));
#2516 = PCURVE('',#509,#2517);
#2517 = DEFINITIONAL_REPRESENTATION('',(#2518),#2522);
#2518 = CIRCLE('',#2519,1.8);
#2519 = AXIS2_PLACEMENT_2D('',#2520,#2521);
#2520 = CARTESIAN_POINT('',(3.6,2.6));
#2521 = DIRECTION('',(0.,-1.));
#2522 = ( GEOMETRIC_REPRESENTATION_CONTEXT(2) 
PARAMETRIC_REPRESENTATION_CONTEXT() REPRESENTATION_CONTEXT('2D SPACE',''
  ) );
#2523 = PCURVE('',#2524,#2529);
#2524 = CYLINDRICAL_SURFACE('',#2525,1.8);
#2525 = AXIS2_PLACEMENT_3D('',#2526,#2527,#2528);
#2526 = CARTESIAN_POINT('',(-3.7,-27.,5.9));
#2527 = DIRECTION('',(0.,1.,0.));
#2528 = DIRECTION('',(-1.,0.,0.));
#2529 = DEFINITIONAL_REPRESENTATION('',(#2530),#2534);
#2530 = LINE('',#2531,#2532);
#2531 = CARTESIAN_POINT('',(0.,4.3));
#2532 = VECTOR('',#2533,1.);
#2533 = DIRECTION('',(1.,0.));
#2534 = ( GEOMETRIC_REPRESENTATION_CONTEXT(2) 
PARAMETRIC_REPRESENTATION_CONTEXT() REPRESENTATION_CONTEXT('2D SPACE',''
  ) );
#2535 = ORIENTED_EDGE('',*,*,#2536,.F.);
#2536 = EDGE_CURVE('',#2537,#2506,#2539,.T.);
#2537 = VERTEX_POINT('',#2538);
#2538 = CARTESIAN_POINT('',(-5.5,-22.7,4.7));
#2539 = SURFACE_CURVE('',#2540,(#2544,#2550),.PCURVE_S1.);
#2540 = LINE('',#2541,#2542);
#2541 = CARTESIAN_POINT('',(-5.5,-22.7,2.6));
#2542 = VECTOR('',#2543,1.);
#2543 = DIRECTION('',(0.,0.,1.));
#2544 = PCURVE('',#509,#2545);
#2545 = DEFINITIONAL_REPRESENTATION('',(#2546),#2549);
#2546 = B_SPLINE_CURVE_WITH_KNOTS('',1,(#2547,#2548),.UNSPECIFIED.,.F.,
  .F.,(2,2),(2.1,3.3),.PIECEWISE_BEZIER_KNOTS.);
#2547 = CARTESIAN_POINT('',(2.4,0.8));
#2548 = CARTESIAN_POINT('',(3.6,0.8));
#2549 = ( GEOMETRIC_REPRESENTATION_CONTEXT(2) 
PARAMETRIC_REPRESENTATION_CONTEXT() REPRESENTATION_CONTEXT('2D SPACE',''
  ) );
#2550 = PCURVE('',#2551,#2556);
#2551 = PLANE('',#2552);
#2552 = AXIS2_PLACEMENT_3D('',#2553,#2554,#2555);
#2553 = CARTESIAN_POINT('',(-5.5,-27.,2.9));
#2554 = DIRECTION('',(1.,0.,0.));
#2555 = DIRECTION('',(0.,0.,1.));
#2556 = DEFINITIONAL_REPRESENTATION('',(#2557),#2560);
#2557 = B_SPLINE_CURVE_WITH_KNOTS('',1,(#2558,#2559),.UNSPECIFIED.,.F.,
  .F.,(2,2),(2.1,3.3),.PIECEWISE_BEZIER_KNOTS.);
#2558 = CARTESIAN_POINT('',(1.8,-4.3));
#2559 = CARTESIAN_POINT('',(3.,-4.3));
#2560 = ( GEOMETRIC_REPRESENTATION_CONTEXT(2) 
PARAMETRIC_REPRESENTATION_CONTEXT() REPRESENTATION_CONTEXT('2D SPACE',''
  ) );
#2561 = ORIENTED_EDGE('',*,*,#2562,.F.);
#2562 = EDGE_CURVE('',#2563,#2537,#2565,.T.);
#2563 = VERTEX_POINT('',#2564);
#2564 = CARTESIAN_POINT('',(-3.7,-22.7,2.9));
#2565 = SURFACE_CURVE('',#2566,(#2571,#2578),.PCURVE_S1.);
#2566 = CIRCLE('',#2567,1.8);
#2567 = AXIS2_PLACEMENT_3D('',#2568,#2569,#2570);
#2568 = CARTESIAN_POINT('',(-3.7,-22.7,4.7));
#2569 = DIRECTION('',(0.,1.,0.));
#2570 = DIRECTION('',(-1.,0.,0.));
#2571 = PCURVE('',#509,#2572);
#2572 = DEFINITIONAL_REPRESENTATION('',(#2573),#2577);
#2573 = CIRCLE('',#2574,1.8);
#2574 = AXIS2_PLACEMENT_2D('',#2575,#2576);
#2575 = CARTESIAN_POINT('',(2.4,2.6));
#2576 = DIRECTION('',(0.,-1.));
#2577 = ( GEOMETRIC_REPRESENTATION_CONTEXT(2) 
PARAMETRIC_REPRESENTATION_CONTEXT() REPRESENTATION_CONTEXT('2D SPACE',''
  ) );
#2578 = PCURVE('',#2579,#2584);
#2579 = CYLINDRICAL_SURFACE('',#2580,1.8);
#2580 = AXIS2_PLACEMENT_3D('',#2581,#2582,#2583);
#2581 = CARTESIAN_POINT('',(-3.7,-27.,4.7));
#2582 = DIRECTION('',(0.,1.,0.));
#2583 = DIRECTION('',(-1.,0.,0.));
#2584 = DEFINITIONAL_REPRESENTATION('',(#2585),#2589);
#2585 = LINE('',#2586,#2587);
#2586 = CARTESIAN_POINT('',(-6.28318530718,4.3));
#2587 = VECTOR('',#2588,1.);
#2588 = DIRECTION('',(1.,-0.));
#2589 = ( GEOMETRIC_REPRESENTATION_CONTEXT(2) 
PARAMETRIC_REPRESENTATION_CONTEXT() REPRESENTATION_CONTEXT('2D SPACE',''
  ) );
#2590 = ORIENTED_EDGE('',*,*,#2591,.F.);
#2591 = EDGE_CURVE('',#2592,#2563,#2594,.T.);
#2592 = VERTEX_POINT('',#2593);
#2593 = CARTESIAN_POINT('',(3.7,-22.7,2.9));
#2594 = SURFACE_CURVE('',#2595,(#2599,#2605),.PCURVE_S1.);
#2595 = LINE('',#2596,#2597);
#2596 = CARTESIAN_POINT('',(-5.9,-22.7,2.9));
#2597 = VECTOR('',#2598,1.);
#2598 = DIRECTION('',(-1.,0.,0.));
#2599 = PCURVE('',#509,#2600);
#2600 = DEFINITIONAL_REPRESENTATION('',(#2601),#2604);
#2601 = B_SPLINE_CURVE_WITH_KNOTS('',1,(#2602,#2603),.UNSPECIFIED.,.F.,
  .F.,(2,2),(-9.6,-2.2),.PIECEWISE_BEZIER_KNOTS.);
#2602 = CARTESIAN_POINT('',(0.6,10.));
#2603 = CARTESIAN_POINT('',(0.6,2.6));
#2604 = ( GEOMETRIC_REPRESENTATION_CONTEXT(2) 
PARAMETRIC_REPRESENTATION_CONTEXT() REPRESENTATION_CONTEXT('2D SPACE',''
  ) );
#2605 = PCURVE('',#2606,#2611);
#2606 = PLANE('',#2607);
#2607 = AXIS2_PLACEMENT_3D('',#2608,#2609,#2610);
#2608 = CARTESIAN_POINT('',(-5.5,-27.,2.9));
#2609 = DIRECTION('',(0.,0.,1.));
#2610 = DIRECTION('',(1.,0.,0.));
#2611 = DEFINITIONAL_REPRESENTATION('',(#2612),#2615);
#2612 = B_SPLINE_CURVE_WITH_KNOTS('',1,(#2613,#2614),.UNSPECIFIED.,.F.,
  .F.,(2,2),(-9.6,-2.2),.PIECEWISE_BEZIER_KNOTS.);
#2613 = CARTESIAN_POINT('',(9.2,4.3));
#2614 = CARTESIAN_POINT('',(1.8,4.3));
#2615 = ( GEOMETRIC_REPRESENTATION_CONTEXT(2) 
PARAMETRIC_REPRESENTATION_CONTEXT() REPRESENTATION_CONTEXT('2D SPACE',''
  ) );
#2616 = ORIENTED_EDGE('',*,*,#2617,.F.);
#2617 = EDGE_CURVE('',#2618,#2592,#2620,.T.);
#2618 = VERTEX_POINT('',#2619);
#2619 = CARTESIAN_POINT('',(5.5,-22.7,4.7));
#2620 = SURFACE_CURVE('',#2621,(#2626,#2633),.PCURVE_S1.);
#2621 = CIRCLE('',#2622,1.8);
#2622 = AXIS2_PLACEMENT_3D('',#2623,#2624,#2625);
#2623 = CARTESIAN_POINT('',(3.7,-22.7,4.7));
#2624 = DIRECTION('',(0.,1.,0.));
#2625 = DIRECTION('',(1.,0.,-0.));
#2626 = PCURVE('',#509,#2627);
#2627 = DEFINITIONAL_REPRESENTATION('',(#2628),#2632);
#2628 = CIRCLE('',#2629,1.8);
#2629 = AXIS2_PLACEMENT_2D('',#2630,#2631);
#2630 = CARTESIAN_POINT('',(2.4,10.));
#2631 = DIRECTION('',(0.,1.));
#2632 = ( GEOMETRIC_REPRESENTATION_CONTEXT(2) 
PARAMETRIC_REPRESENTATION_CONTEXT() REPRESENTATION_CONTEXT('2D SPACE',''
  ) );
#2633 = PCURVE('',#2634,#2639);
#2634 = CYLINDRICAL_SURFACE('',#2635,1.8);
#2635 = AXIS2_PLACEMENT_3D('',#2636,#2637,#2638);
#2636 = CARTESIAN_POINT('',(3.7,-27.,4.7));
#2637 = DIRECTION('',(0.,1.,0.));
#2638 = DIRECTION('',(1.,0.,-0.));
#2639 = DEFINITIONAL_REPRESENTATION('',(#2640),#2644);
#2640 = LINE('',#2641,#2642);
#2641 = CARTESIAN_POINT('',(0.,4.3));
#2642 = VECTOR('',#2643,1.);
#2643 = DIRECTION('',(1.,0.));
#2644 = ( GEOMETRIC_REPRESENTATION_CONTEXT(2) 
PARAMETRIC_REPRESENTATION_CONTEXT() REPRESENTATION_CONTEXT('2D SPACE',''
  ) );
#2645 = ORIENTED_EDGE('',*,*,#2646,.T.);
#2646 = EDGE_CURVE('',#2618,#2647,#2649,.T.);
#2647 = VERTEX_POINT('',#2648);
#2648 = CARTESIAN_POINT('',(5.5,-22.7,5.9));
#2649 = SURFACE_CURVE('',#2650,(#2654,#2660),.PCURVE_S1.);
#2650 = LINE('',#2651,#2652);
#2651 = CARTESIAN_POINT('',(5.5,-22.7,2.6));
#2652 = VECTOR('',#2653,1.);
#2653 = DIRECTION('',(0.,0.,1.));
#2654 = PCURVE('',#509,#2655);
#2655 = DEFINITIONAL_REPRESENTATION('',(#2656),#2659);
#2656 = B_SPLINE_CURVE_WITH_KNOTS('',1,(#2657,#2658),.UNSPECIFIED.,.F.,
  .F.,(2,2),(2.1,3.3),.PIECEWISE_BEZIER_KNOTS.);
#2657 = CARTESIAN_POINT('',(2.4,11.8));
#2658 = CARTESIAN_POINT('',(3.6,11.8));
#2659 = ( GEOMETRIC_REPRESENTATION_CONTEXT(2) 
PARAMETRIC_REPRESENTATION_CONTEXT() REPRESENTATION_CONTEXT('2D SPACE',''
  ) );
#2660 = PCURVE('',#2661,#2666);
#2661 = PLANE('',#2662);
#2662 = AXIS2_PLACEMENT_3D('',#2663,#2664,#2665);
#2663 = CARTESIAN_POINT('',(5.5,-27.,2.9));
#2664 = DIRECTION('',(1.,0.,0.));
#2665 = DIRECTION('',(0.,0.,1.));
#2666 = DEFINITIONAL_REPRESENTATION('',(#2667),#2670);
#2667 = B_SPLINE_CURVE_WITH_KNOTS('',1,(#2668,#2669),.UNSPECIFIED.,.F.,
  .F.,(2,2),(2.1,3.3),.PIECEWISE_BEZIER_KNOTS.);
#2668 = CARTESIAN_POINT('',(1.8,-4.3));
#2669 = CARTESIAN_POINT('',(3.,-4.3));
#2670 = ( GEOMETRIC_REPRESENTATION_CONTEXT(2) 
PARAMETRIC_REPRESENTATION_CONTEXT() REPRESENTATION_CONTEXT('2D SPACE',''
  ) );
#2671 = ORIENTED_EDGE('',*,*,#2672,.F.);
#2672 = EDGE_CURVE('',#2673,#2647,#2675,.T.);
#2673 = VERTEX_POINT('',#2674);
#2674 = CARTESIAN_POINT('',(3.7,-22.7,7.7));
#2675 = SURFACE_CURVE('',#2676,(#2681,#2688),.PCURVE_S1.);
#2676 = CIRCLE('',#2677,1.8);
#2677 = AXIS2_PLACEMENT_3D('',#2678,#2679,#2680);
#2678 = CARTESIAN_POINT('',(3.7,-22.7,5.9));
#2679 = DIRECTION('',(0.,1.,0.));
#2680 = DIRECTION('',(1.,0.,-0.));
#2681 = PCURVE('',#509,#2682);
#2682 = DEFINITIONAL_REPRESENTATION('',(#2683),#2687);
#2683 = CIRCLE('',#2684,1.8);
#2684 = AXIS2_PLACEMENT_2D('',#2685,#2686);
#2685 = CARTESIAN_POINT('',(3.6,10.));
#2686 = DIRECTION('',(0.,1.));
#2687 = ( GEOMETRIC_REPRESENTATION_CONTEXT(2) 
PARAMETRIC_REPRESENTATION_CONTEXT() REPRESENTATION_CONTEXT('2D SPACE',''
  ) );
#2688 = PCURVE('',#2689,#2694);
#2689 = CYLINDRICAL_SURFACE('',#2690,1.8);
#2690 = AXIS2_PLACEMENT_3D('',#2691,#2692,#2693);
#2691 = CARTESIAN_POINT('',(3.7,-27.,5.9));
#2692 = DIRECTION('',(0.,1.,0.));
#2693 = DIRECTION('',(1.,0.,-0.));
#2694 = DEFINITIONAL_REPRESENTATION('',(#2695),#2699);
#2695 = LINE('',#2696,#2697);
#2696 = CARTESIAN_POINT('',(-6.28318530718,4.3));
#2697 = VECTOR('',#2698,1.);
#2698 = DIRECTION('',(1.,-0.));
#2699 = ( GEOMETRIC_REPRESENTATION_CONTEXT(2) 
PARAMETRIC_REPRESENTATION_CONTEXT() REPRESENTATION_CONTEXT('2D SPACE',''
  ) );
#2700 = ORIENTED_EDGE('',*,*,#2701,.T.);
#2701 = EDGE_CURVE('',#2673,#2508,#2702,.T.);
#2702 = SURFACE_CURVE('',#2703,(#2707,#2713),.PCURVE_S1.);
#2703 = LINE('',#2704,#2705);
#2704 = CARTESIAN_POINT('',(-5.9,-22.7,7.7));
#2705 = VECTOR('',#2706,1.);
#2706 = DIRECTION('',(-1.,0.,0.));
#2707 = PCURVE('',#509,#2708);
#2708 = DEFINITIONAL_REPRESENTATION('',(#2709),#2712);
#2709 = B_SPLINE_CURVE_WITH_KNOTS('',1,(#2710,#2711),.UNSPECIFIED.,.F.,
  .F.,(2,2),(-9.6,-2.2),.PIECEWISE_BEZIER_KNOTS.);
#2710 = CARTESIAN_POINT('',(5.4,10.));
#2711 = CARTESIAN_POINT('',(5.4,2.6));
#2712 = ( GEOMETRIC_REPRESENTATION_CONTEXT(2) 
PARAMETRIC_REPRESENTATION_CONTEXT() REPRESENTATION_CONTEXT('2D SPACE',''
  ) );
#2713 = PCURVE('',#2714,#2719);
#2714 = PLANE('',#2715);
#2715 = AXIS2_PLACEMENT_3D('',#2716,#2717,#2718);
#2716 = CARTESIAN_POINT('',(-5.5,-27.,7.7));
#2717 = DIRECTION('',(0.,0.,1.));
#2718 = DIRECTION('',(1.,0.,0.));
#2719 = DEFINITIONAL_REPRESENTATION('',(#2720),#2723);
#2720 = B_SPLINE_CURVE_WITH_KNOTS('',1,(#2721,#2722),.UNSPECIFIED.,.F.,
  .F.,(2,2),(-9.6,-2.2),.PIECEWISE_BEZIER_KNOTS.);
#2721 = CARTESIAN_POINT('',(9.2,4.3));
#2722 = CARTESIAN_POINT('',(1.8,4.3));
#2723 = ( GEOMETRIC_REPRESENTATION_CONTEXT(2) 
PARAMETRIC_REPRESENTATION_CONTEXT() REPRESENTATION_CONTEXT('2D SPACE',''
  ) );
#2724 = ADVANCED_FACE('',(#2725),#730,.T.);
#2725 = FACE_BOUND('',#2726,.F.);
#2726 = EDGE_LOOP('',(#2727,#2728,#2729,#2750));
#2727 = ORIENTED_EDGE('',*,*,#2383,.F.);
#2728 = ORIENTED_EDGE('',*,*,#714,.T.);
#2729 = ORIENTED_EDGE('',*,*,#2730,.T.);
#2730 = EDGE_CURVE('',#682,#2731,#2733,.T.);
#2731 = VERTEX_POINT('',#2732);
#2732 = CARTESIAN_POINT('',(36.719890410459,9.138774488438,3.2));
#2733 = SURFACE_CURVE('',#2734,(#2738,#2744),.PCURVE_S1.);
#2734 = LINE('',#2735,#2736);
#2735 = CARTESIAN_POINT('',(36.516273972193,8.794477601917,2.8));
#2736 = VECTOR('',#2737,1.);
#2737 = DIRECTION('',(0.359946410646,0.608636658001,0.707106781187));
#2738 = PCURVE('',#730,#2739);
#2739 = DEFINITIONAL_REPRESENTATION('',(#2740),#2743);
#2740 = B_SPLINE_CURVE_WITH_KNOTS('',1,(#2741,#2742),.UNSPECIFIED.,.F.,
  .F.,(2,2),(-0.565685424949,0.565685424949),.PIECEWISE_BEZIER_KNOTS.);
#2741 = CARTESIAN_POINT('',(-9.549770250336,-0.565685424949));
#2742 = CARTESIAN_POINT('',(-9.549770250336,0.565685424949));
#2743 = ( GEOMETRIC_REPRESENTATION_CONTEXT(2) 
PARAMETRIC_REPRESENTATION_CONTEXT() REPRESENTATION_CONTEXT('2D SPACE',''
  ) );
#2744 = PCURVE('',#702,#2745);
#2745 = DEFINITIONAL_REPRESENTATION('',(#2746),#2749);
#2746 = B_SPLINE_CURVE_WITH_KNOTS('',1,(#2747,#2748),.UNSPECIFIED.,.F.,
  .F.,(2,2),(-0.565685424949,0.565685424949),.PIECEWISE_BEZIER_KNOTS.);
#2747 = CARTESIAN_POINT('',(3.229739708E-15,-0.8));
#2748 = CARTESIAN_POINT('',(3.229739708E-15,7.850462293419E-16));
#2749 = ( GEOMETRIC_REPRESENTATION_CONTEXT(2) 
PARAMETRIC_REPRESENTATION_CONTEXT() REPRESENTATION_CONTEXT('2D SPACE',''
  ) );
#2750 = ORIENTED_EDGE('',*,*,#2751,.F.);
#2751 = EDGE_CURVE('',#2354,#2731,#2752,.T.);
#2752 = SURFACE_CURVE('',#2753,(#2757,#2764),.PCURVE_S1.);
#2753 = LINE('',#2754,#2755);
#2754 = CARTESIAN_POINT('',(28.5,14.,3.2));
#2755 = VECTOR('',#2756,1.);
#2756 = DIRECTION('',(0.860742216303,-0.509041095663,0.));
#2757 = PCURVE('',#730,#2758);
#2758 = DEFINITIONAL_REPRESENTATION('',(#2759),#2763);
#2759 = LINE('',#2760,#2761);
#2760 = CARTESIAN_POINT('',(-3.552713678801E-15,0.565685424949));
#2761 = VECTOR('',#2762,1.);
#2762 = DIRECTION('',(-1.,0.));
#2763 = ( GEOMETRIC_REPRESENTATION_CONTEXT(2) 
PARAMETRIC_REPRESENTATION_CONTEXT() REPRESENTATION_CONTEXT('2D SPACE',''
  ) );
#2764 = PCURVE('',#2371,#2765);
#2765 = DEFINITIONAL_REPRESENTATION('',(#2766),#2770);
#2766 = LINE('',#2767,#2768);
#2767 = CARTESIAN_POINT('',(0.,-0.8));
#2768 = VECTOR('',#2769,1.);
#2769 = DIRECTION('',(1.,0.));
#2770 = ( GEOMETRIC_REPRESENTATION_CONTEXT(2) 
PARAMETRIC_REPRESENTATION_CONTEXT() REPRESENTATION_CONTEXT('2D SPACE',''
  ) );
#2771 = ADVANCED_FACE('',(#2772),#702,.T.);
#2772 = FACE_BOUND('',#2773,.F.);
#2773 = EDGE_LOOP('',(#2774,#2775,#2776,#2797));
#2774 = ORIENTED_EDGE('',*,*,#2730,.F.);
#2775 = ORIENTED_EDGE('',*,*,#681,.T.);
#2776 = ORIENTED_EDGE('',*,*,#2777,.T.);
#2777 = EDGE_CURVE('',#654,#2778,#2780,.T.);
#2778 = VERTEX_POINT('',#2779);
#2779 = CARTESIAN_POINT('',(37.8,7.245141612572,3.2));
#2780 = SURFACE_CURVE('',#2781,(#2785,#2791),.PCURVE_S1.);
#2781 = LINE('',#2782,#2783);
#2782 = CARTESIAN_POINT('',(37.8,7.245141612572,3.2));
#2783 = VECTOR('',#2784,1.);
#2784 = DIRECTION('',(0.707106781187,8.774526499198E-16,0.707106781187)
  );
#2785 = PCURVE('',#702,#2786);
#2786 = DEFINITIONAL_REPRESENTATION('',(#2787),#2790);
#2787 = B_SPLINE_CURVE_WITH_KNOTS('',1,(#2788,#2789),.UNSPECIFIED.,.F.,
  .F.,(2,2),(-1.131370849898,0.),.PIECEWISE_BEZIER_KNOTS.);
#2788 = CARTESIAN_POINT('',(-1.036725947558,-0.8));
#2789 = CARTESIAN_POINT('',(-1.036725947558,0.));
#2790 = ( GEOMETRIC_REPRESENTATION_CONTEXT(2) 
PARAMETRIC_REPRESENTATION_CONTEXT() REPRESENTATION_CONTEXT('2D SPACE',''
  ) );
#2791 = PCURVE('',#669,#2792);
#2792 = DEFINITIONAL_REPRESENTATION('',(#2793),#2796);
#2793 = B_SPLINE_CURVE_WITH_KNOTS('',1,(#2794,#2795),.UNSPECIFIED.,.F.,
  .F.,(2,2),(-1.131370849898,0.),.PIECEWISE_BEZIER_KNOTS.);
#2794 = CARTESIAN_POINT('',(0.,-0.565685424949));
#2795 = CARTESIAN_POINT('',(0.,0.565685424949));
#2796 = ( GEOMETRIC_REPRESENTATION_CONTEXT(2) 
PARAMETRIC_REPRESENTATION_CONTEXT() REPRESENTATION_CONTEXT('2D SPACE',''
  ) );
#2797 = ORIENTED_EDGE('',*,*,#2798,.F.);
#2798 = EDGE_CURVE('',#2731,#2778,#2799,.T.);
#2799 = SURFACE_CURVE('',#2800,(#2805,#2812),.PCURVE_S1.);
#2800 = CIRCLE('',#2801,2.2);
#2801 = AXIS2_PLACEMENT_3D('',#2802,#2803,#2804);
#2802 = CARTESIAN_POINT('',(35.6,7.245141612572,3.2));
#2803 = DIRECTION('',(0.,0.,-1.));
#2804 = DIRECTION('',(0.509041095663,0.860742216303,0.));
#2805 = PCURVE('',#702,#2806);
#2806 = DEFINITIONAL_REPRESENTATION('',(#2807),#2811);
#2807 = LINE('',#2808,#2809);
#2808 = CARTESIAN_POINT('',(-0.,0.));
#2809 = VECTOR('',#2810,1.);
#2810 = DIRECTION('',(-1.,0.));
#2811 = ( GEOMETRIC_REPRESENTATION_CONTEXT(2) 
PARAMETRIC_REPRESENTATION_CONTEXT() REPRESENTATION_CONTEXT('2D SPACE',''
  ) );
#2812 = PCURVE('',#2813,#2818);
#2813 = CYLINDRICAL_SURFACE('',#2814,2.2);
#2814 = AXIS2_PLACEMENT_3D('',#2815,#2816,#2817);
#2815 = CARTESIAN_POINT('',(35.6,7.245141612572,2.4));
#2816 = DIRECTION('',(0.,0.,1.));
#2817 = DIRECTION('',(0.509041095663,0.860742216303,-0.));
#2818 = DEFINITIONAL_REPRESENTATION('',(#2819),#2823);
#2819 = LINE('',#2820,#2821);
#2820 = CARTESIAN_POINT('',(-3.229739708E-15,0.8));
#2821 = VECTOR('',#2822,1.);
#2822 = DIRECTION('',(-1.,0.));
#2823 = ( GEOMETRIC_REPRESENTATION_CONTEXT(2) 
PARAMETRIC_REPRESENTATION_CONTEXT() REPRESENTATION_CONTEXT('2D SPACE',''
  ) );
#2824 = ADVANCED_FACE('',(#2825),#669,.T.);
#2825 = FACE_BOUND('',#2826,.F.);
#2826 = EDGE_LOOP('',(#2827,#2828,#2829,#2850));
#2827 = ORIENTED_EDGE('',*,*,#2777,.F.);
#2828 = ORIENTED_EDGE('',*,*,#653,.T.);
#2829 = ORIENTED_EDGE('',*,*,#2830,.T.);
#2830 = EDGE_CURVE('',#621,#2831,#2833,.T.);
#2831 = VERTEX_POINT('',#2832);
#2832 = CARTESIAN_POINT('',(37.8,-7.245141612572,3.2));
#2833 = SURFACE_CURVE('',#2834,(#2838,#2844),.PCURVE_S1.);
#2834 = LINE('',#2835,#2836);
#2835 = CARTESIAN_POINT('',(37.4,-7.245141612572,2.8));
#2836 = VECTOR('',#2837,1.);
#2837 = DIRECTION('',(0.707106781187,-1.410195502905E-34,0.707106781187)
  );
#2838 = PCURVE('',#669,#2839);
#2839 = DEFINITIONAL_REPRESENTATION('',(#2840),#2843);
#2840 = B_SPLINE_CURVE_WITH_KNOTS('',1,(#2841,#2842),.UNSPECIFIED.,.F.,
  .F.,(2,2),(-0.565685424949,0.565685424949),.PIECEWISE_BEZIER_KNOTS.);
#2841 = CARTESIAN_POINT('',(-14.49028322514,-0.565685424949));
#2842 = CARTESIAN_POINT('',(-14.49028322514,0.565685424949));
#2843 = ( GEOMETRIC_REPRESENTATION_CONTEXT(2) 
PARAMETRIC_REPRESENTATION_CONTEXT() REPRESENTATION_CONTEXT('2D SPACE',''
  ) );
#2844 = PCURVE('',#641,#2845);
#2845 = DEFINITIONAL_REPRESENTATION('',(#2846),#2849);
#2846 = B_SPLINE_CURVE_WITH_KNOTS('',1,(#2847,#2848),.UNSPECIFIED.,.F.,
  .F.,(2,2),(-0.565685424949,0.565685424949),.PIECEWISE_BEZIER_KNOTS.);
#2847 = CARTESIAN_POINT('',(0.,-0.8));
#2848 = CARTESIAN_POINT('',(0.,-1.727101704552E-15));
#2849 = ( GEOMETRIC_REPRESENTATION_CONTEXT(2) 
PARAMETRIC_REPRESENTATION_CONTEXT() REPRESENTATION_CONTEXT('2D SPACE',''
  ) );
#2850 = ORIENTED_EDGE('',*,*,#2851,.F.);
#2851 = EDGE_CURVE('',#2778,#2831,#2852,.T.);
#2852 = SURFACE_CURVE('',#2853,(#2857,#2864),.PCURVE_S1.);
#2853 = LINE('',#2854,#2855);
#2854 = CARTESIAN_POINT('',(37.8,7.245141612572,3.2));
#2855 = VECTOR('',#2856,1.);
#2856 = DIRECTION('',(0.,-1.,0.));
#2857 = PCURVE('',#669,#2858);
#2858 = DEFINITIONAL_REPRESENTATION('',(#2859),#2863);
#2859 = LINE('',#2860,#2861);
#2860 = CARTESIAN_POINT('',(-0.,0.565685424949));
#2861 = VECTOR('',#2862,1.);
#2862 = DIRECTION('',(-1.,0.));
#2863 = ( GEOMETRIC_REPRESENTATION_CONTEXT(2) 
PARAMETRIC_REPRESENTATION_CONTEXT() REPRESENTATION_CONTEXT('2D SPACE',''
  ) );
#2864 = PCURVE('',#2865,#2870);
#2865 = PLANE('',#2866);
#2866 = AXIS2_PLACEMENT_3D('',#2867,#2868,#2869);
#2867 = CARTESIAN_POINT('',(37.8,8.5,2.4));
#2868 = DIRECTION('',(1.,0.,-0.));
#2869 = DIRECTION('',(0.,-1.,0.));
#2870 = DEFINITIONAL_REPRESENTATION('',(#2871),#2875);
#2871 = LINE('',#2872,#2873);
#2872 = CARTESIAN_POINT('',(1.254858387428,-0.8));
#2873 = VECTOR('',#2874,1.);
#2874 = DIRECTION('',(1.,0.));
#2875 = ( GEOMETRIC_REPRESENTATION_CONTEXT(2) 
PARAMETRIC_REPRESENTATION_CONTEXT() REPRESENTATION_CONTEXT('2D SPACE',''
  ) );
#2876 = ADVANCED_FACE('',(#2877),#641,.T.);
#2877 = FACE_BOUND('',#2878,.F.);
#2878 = EDGE_LOOP('',(#2879,#2880,#2881,#2902));
#2879 = ORIENTED_EDGE('',*,*,#2830,.F.);
#2880 = ORIENTED_EDGE('',*,*,#620,.T.);
#2881 = ORIENTED_EDGE('',*,*,#2882,.T.);
#2882 = EDGE_CURVE('',#593,#2883,#2885,.T.);
#2883 = VERTEX_POINT('',#2884);
#2884 = CARTESIAN_POINT('',(36.719890410459,-9.138774488438,3.2));
#2885 = SURFACE_CURVE('',#2886,(#2890,#2896),.PCURVE_S1.);
#2886 = LINE('',#2887,#2888);
#2887 = CARTESIAN_POINT('',(36.719890410459,-9.138774488438,3.2));
#2888 = VECTOR('',#2889,1.);
#2889 = DIRECTION('',(0.359946410646,-0.608636658001,0.707106781187));
#2890 = PCURVE('',#641,#2891);
#2891 = DEFINITIONAL_REPRESENTATION('',(#2892),#2895);
#2892 = B_SPLINE_CURVE_WITH_KNOTS('',1,(#2893,#2894),.UNSPECIFIED.,.F.,
  .F.,(2,2),(-1.131370849898,0.),.PIECEWISE_BEZIER_KNOTS.);
#2893 = CARTESIAN_POINT('',(-1.036725947558,-0.8));
#2894 = CARTESIAN_POINT('',(-1.036725947558,0.));
#2895 = ( GEOMETRIC_REPRESENTATION_CONTEXT(2) 
PARAMETRIC_REPRESENTATION_CONTEXT() REPRESENTATION_CONTEXT('2D SPACE',''
  ) );
#2896 = PCURVE('',#608,#2897);
#2897 = DEFINITIONAL_REPRESENTATION('',(#2898),#2901);
#2898 = B_SPLINE_CURVE_WITH_KNOTS('',1,(#2899,#2900),.UNSPECIFIED.,.F.,
  .F.,(2,2),(-1.131370849898,0.),.PIECEWISE_BEZIER_KNOTS.);
#2899 = CARTESIAN_POINT('',(0.,-0.565685424949));
#2900 = CARTESIAN_POINT('',(0.,0.565685424949));
#2901 = ( GEOMETRIC_REPRESENTATION_CONTEXT(2) 
PARAMETRIC_REPRESENTATION_CONTEXT() REPRESENTATION_CONTEXT('2D SPACE',''
  ) );
#2902 = ORIENTED_EDGE('',*,*,#2903,.F.);
#2903 = EDGE_CURVE('',#2831,#2883,#2904,.T.);
#2904 = SURFACE_CURVE('',#2905,(#2910,#2917),.PCURVE_S1.);
#2905 = CIRCLE('',#2906,2.2);
#2906 = AXIS2_PLACEMENT_3D('',#2907,#2908,#2909);
#2907 = CARTESIAN_POINT('',(35.6,-7.245141612572,3.2));
#2908 = DIRECTION('',(0.,0.,-1.));
#2909 = DIRECTION('',(1.,0.,0.));
#2910 = PCURVE('',#641,#2911);
#2911 = DEFINITIONAL_REPRESENTATION('',(#2912),#2916);
#2912 = LINE('',#2913,#2914);
#2913 = CARTESIAN_POINT('',(-0.,0.));
#2914 = VECTOR('',#2915,1.);
#2915 = DIRECTION('',(-1.,0.));
#2916 = ( GEOMETRIC_REPRESENTATION_CONTEXT(2) 
PARAMETRIC_REPRESENTATION_CONTEXT() REPRESENTATION_CONTEXT('2D SPACE',''
  ) );
#2917 = PCURVE('',#2918,#2923);
#2918 = CYLINDRICAL_SURFACE('',#2919,2.2);
#2919 = AXIS2_PLACEMENT_3D('',#2920,#2921,#2922);
#2920 = CARTESIAN_POINT('',(35.6,-7.245141612572,2.4));
#2921 = DIRECTION('',(0.,0.,1.));
#2922 = DIRECTION('',(1.,0.,-0.));
#2923 = DEFINITIONAL_REPRESENTATION('',(#2924),#2928);
#2924 = LINE('',#2925,#2926);
#2925 = CARTESIAN_POINT('',(-0.,0.8));
#2926 = VECTOR('',#2927,1.);
#2927 = DIRECTION('',(-1.,0.));
#2928 = ( GEOMETRIC_REPRESENTATION_CONTEXT(2) 
PARAMETRIC_REPRESENTATION_CONTEXT() REPRESENTATION_CONTEXT('2D SPACE',''
  ) );
#2929 = ADVANCED_FACE('',(#2930),#580,.T.);
#2930 = FACE_BOUND('',#2931,.T.);
#2931 = EDGE_LOOP('',(#2932,#2955,#2983,#3011,#3034,#3064,#3065));
#2932 = ORIENTED_EDGE('',*,*,#2933,.T.);
#2933 = EDGE_CURVE('',#565,#2934,#2936,.T.);
#2934 = VERTEX_POINT('',#2935);
#2935 = CARTESIAN_POINT('',(28.5,-14.,3.2));
#2936 = SURFACE_CURVE('',#2937,(#2941,#2948),.PCURVE_S1.);
#2937 = LINE('',#2938,#2939);
#2938 = CARTESIAN_POINT('',(32.170648094817,-13.3522385715,
    4.510955120379));
#2939 = VECTOR('',#2940,1.);
#2940 = DIRECTION('',(0.928999515272,0.16394109093,0.331787913174));
#2941 = PCURVE('',#580,#2942);
#2942 = DEFINITIONAL_REPRESENTATION('',(#2943),#2947);
#2943 = LINE('',#2944,#2945);
#2944 = CARTESIAN_POINT('',(-3.727365330127,-2.110955120379));
#2945 = VECTOR('',#2946,1.);
#2946 = DIRECTION('',(-0.943354006019,-0.331787913174));
#2947 = ( GEOMETRIC_REPRESENTATION_CONTEXT(2) 
PARAMETRIC_REPRESENTATION_CONTEXT() REPRESENTATION_CONTEXT('2D SPACE',''
  ) );
#2948 = PCURVE('',#608,#2949);
#2949 = DEFINITIONAL_REPRESENTATION('',(#2950),#2954);
#2950 = LINE('',#2951,#2952);
#2951 = CARTESIAN_POINT('',(-6.060551286644,2.419655935852));
#2952 = VECTOR('',#2953,1.);
#2953 = DIRECTION('',(0.883081854271,0.469218966642));
#2954 = ( GEOMETRIC_REPRESENTATION_CONTEXT(2) 
PARAMETRIC_REPRESENTATION_CONTEXT() REPRESENTATION_CONTEXT('2D SPACE',''
  ) );
#2955 = ORIENTED_EDGE('',*,*,#2956,.T.);
#2956 = EDGE_CURVE('',#2934,#2957,#2959,.T.);
#2957 = VERTEX_POINT('',#2958);
#2958 = CARTESIAN_POINT('',(28.5,-14.,11.5));
#2959 = SURFACE_CURVE('',#2960,(#2964,#2971),.PCURVE_S1.);
#2960 = LINE('',#2961,#2962);
#2961 = CARTESIAN_POINT('',(28.5,-14.,2.4));
#2962 = VECTOR('',#2963,1.);
#2963 = DIRECTION('',(0.,0.,1.));
#2964 = PCURVE('',#580,#2965);
#2965 = DEFINITIONAL_REPRESENTATION('',(#2966),#2970);
#2966 = LINE('',#2967,#2968);
#2967 = CARTESIAN_POINT('',(0.,0.));
#2968 = VECTOR('',#2969,1.);
#2969 = DIRECTION('',(0.,-1.));
#2970 = ( GEOMETRIC_REPRESENTATION_CONTEXT(2) 
PARAMETRIC_REPRESENTATION_CONTEXT() REPRESENTATION_CONTEXT('2D SPACE',''
  ) );
#2971 = PCURVE('',#2972,#2977);
#2972 = PLANE('',#2973);
#2973 = AXIS2_PLACEMENT_3D('',#2974,#2975,#2976);
#2974 = CARTESIAN_POINT('',(37.8,-8.5,2.4));
#2975 = DIRECTION('',(0.509041095663,-0.860742216303,0.));
#2976 = DIRECTION('',(-0.860742216303,-0.509041095663,0.));
#2977 = DEFINITIONAL_REPRESENTATION('',(#2978),#2982);
#2978 = LINE('',#2979,#2980);
#2979 = CARTESIAN_POINT('',(10.804628637764,0.));
#2980 = VECTOR('',#2981,1.);
#2981 = DIRECTION('',(0.,-1.));
#2982 = ( GEOMETRIC_REPRESENTATION_CONTEXT(2) 
PARAMETRIC_REPRESENTATION_CONTEXT() REPRESENTATION_CONTEXT('2D SPACE',''
  ) );
#2983 = ORIENTED_EDGE('',*,*,#2984,.T.);
#2984 = EDGE_CURVE('',#2957,#2985,#2987,.T.);
#2985 = VERTEX_POINT('',#2986);
#2986 = CARTESIAN_POINT('',(25.140024021183,-14.59293693743,12.7));
#2987 = SURFACE_CURVE('',#2988,(#2992,#2999),.PCURVE_S1.);
#2988 = LINE('',#2989,#2990);
#2989 = CARTESIAN_POINT('',(33.634744444749,-13.09386862739,
    9.666149587811));
#2990 = VECTOR('',#2991,1.);
#2991 = DIRECTION('',(-0.928999515272,-0.16394109093,0.331787913174));
#2992 = PCURVE('',#580,#2993);
#2993 = DEFINITIONAL_REPRESENTATION('',(#2994),#2998);
#2994 = LINE('',#2995,#2996);
#2995 = CARTESIAN_POINT('',(-5.214084251074,-7.266149587811));
#2996 = VECTOR('',#2997,1.);
#2997 = DIRECTION('',(0.943354006019,-0.331787913174));
#2998 = ( GEOMETRIC_REPRESENTATION_CONTEXT(2) 
PARAMETRIC_REPRESENTATION_CONTEXT() REPRESENTATION_CONTEXT('2D SPACE',''
  ) );
#2999 = PCURVE('',#3000,#3005);
#3000 = PLANE('',#3001);
#3001 = AXIS2_PLACEMENT_3D('',#3002,#3003,#3004);
#3002 = CARTESIAN_POINT('',(36.414465753061,-8.622329158657,12.1));
#3003 = DIRECTION('',(-0.359946410646,0.608636658001,-0.707106781187));
#3004 = DIRECTION('',(-0.860742216303,-0.509041095663,1.082898428882E-16
    ));
#3005 = DEFINITIONAL_REPRESENTATION('',(#3006),#3010);
#3006 = LINE('',#3007,#3008);
#3007 = CARTESIAN_POINT('',(4.668820830089,-3.441984261705));
#3008 = VECTOR('',#3009,1.);
#3009 = DIRECTION('',(0.883081854271,0.469218966642));
#3010 = ( GEOMETRIC_REPRESENTATION_CONTEXT(2) 
PARAMETRIC_REPRESENTATION_CONTEXT() REPRESENTATION_CONTEXT('2D SPACE',''
  ) );
#3011 = ORIENTED_EDGE('',*,*,#3012,.T.);
#3012 = EDGE_CURVE('',#2985,#3013,#3015,.T.);
#3013 = VERTEX_POINT('',#3014);
#3014 = CARTESIAN_POINT('',(20.151785714286,-15.47321428571,12.7));
#3015 = SURFACE_CURVE('',#3016,(#3020,#3027),.PCURVE_S1.);
#3016 = LINE('',#3017,#3018);
#3017 = CARTESIAN_POINT('',(28.5,-14.,12.7));
#3018 = VECTOR('',#3019,1.);
#3019 = DIRECTION('',(-0.984783558818,-0.173785333909,0.));
#3020 = PCURVE('',#580,#3021);
#3021 = DEFINITIONAL_REPRESENTATION('',(#3022),#3026);
#3022 = LINE('',#3023,#3024);
#3023 = CARTESIAN_POINT('',(0.,-10.3));
#3024 = VECTOR('',#3025,1.);
#3025 = DIRECTION('',(1.,0.));
#3026 = ( GEOMETRIC_REPRESENTATION_CONTEXT(2) 
PARAMETRIC_REPRESENTATION_CONTEXT() REPRESENTATION_CONTEXT('2D SPACE',''
  ) );
#3027 = PCURVE('',#2454,#3028);
#3028 = DEFINITIONAL_REPRESENTATION('',(#3029),#3033);
#3029 = LINE('',#3030,#3031);
#3030 = CARTESIAN_POINT('',(-0.901134870573,-14.));
#3031 = VECTOR('',#3032,1.);
#3032 = DIRECTION('',(0.984783558818,-0.173785333909));
#3033 = ( GEOMETRIC_REPRESENTATION_CONTEXT(2) 
PARAMETRIC_REPRESENTATION_CONTEXT() REPRESENTATION_CONTEXT('2D SPACE',''
  ) );
#3034 = ORIENTED_EDGE('',*,*,#3035,.F.);
#3035 = EDGE_CURVE('',#1770,#3013,#3036,.T.);
#3036 = SURFACE_CURVE('',#3037,(#3044,#3054),.PCURVE_S1.);
#3037 = B_SPLINE_CURVE_WITH_KNOTS('',5,(#3038,#3039,#3040,#3041,#3042,
    #3043),.UNSPECIFIED.,.F.,.F.,(6,6),(0.,1.),
  .PIECEWISE_BEZIER_KNOTS.);
#3038 = CARTESIAN_POINT('',(22.428571428571,-15.07142857142,11.5));
#3039 = CARTESIAN_POINT('',(21.966319981942,-15.15300235612,
    11.743633703635));
#3040 = CARTESIAN_POINT('',(21.507360913675,-15.23399513288,
    11.985532130205));
#3041 = CARTESIAN_POINT('',(21.051847621812,-15.31437983144,
    12.225614429916));
#3042 = CARTESIAN_POINT('',(20.599937165895,-15.39412873543,
    12.463797823152));
#3043 = CARTESIAN_POINT('',(20.151785714286,-15.47321428571,12.7));
#3044 = PCURVE('',#580,#3045);
#3045 = DEFINITIONAL_REPRESENTATION('',(#3046),#3053);
#3046 = B_SPLINE_CURVE_WITH_KNOTS('',5,(#3047,#3048,#3049,#3050,#3051,
    #3052),.UNSPECIFIED.,.F.,.F.,(6,6),(0.,1.),
  .PIECEWISE_BEZIER_KNOTS.);
#3047 = CARTESIAN_POINT('',(6.165241607726,-9.1));
#3048 = CARTESIAN_POINT('',(6.634635559818,-9.343633703635));
#3049 = CARTESIAN_POINT('',(7.100686261171,-9.585532130205));
#3050 = CARTESIAN_POINT('',(7.563237943501,-9.825614429916));
#3051 = CARTESIAN_POINT('',(8.022131120454,-10.06379782315));
#3052 = CARTESIAN_POINT('',(8.477207210623,-10.3));
#3053 = ( GEOMETRIC_REPRESENTATION_CONTEXT(2) 
PARAMETRIC_REPRESENTATION_CONTEXT() REPRESENTATION_CONTEXT('2D SPACE',''
  ) );
#3054 = PCURVE('',#1656,#3055);
#3055 = DEFINITIONAL_REPRESENTATION('',(#3056),#3063);
#3056 = B_SPLINE_CURVE_WITH_KNOTS('',5,(#3057,#3058,#3059,#3060,#3061,
    #3062),.UNSPECIFIED.,.F.,.F.,(6,6),(0.,1.),
  .PIECEWISE_BEZIER_KNOTS.);
#3057 = CARTESIAN_POINT('',(12.626906806903,0.));
#3058 = CARTESIAN_POINT('',(12.295174802599,4.872674072701E-02));
#3059 = CARTESIAN_POINT('',(11.957386577649,9.71064260409E-02));
#3060 = CARTESIAN_POINT('',(11.613465288163,0.145122885983));
#3061 = CARTESIAN_POINT('',(11.263347252669,0.19275956463));
#3062 = CARTESIAN_POINT('',(10.906989105978,0.24));
#3063 = ( GEOMETRIC_REPRESENTATION_CONTEXT(2) 
PARAMETRIC_REPRESENTATION_CONTEXT() REPRESENTATION_CONTEXT('2D SPACE',''
  ) );
#3064 = ORIENTED_EDGE('',*,*,#1791,.F.);
#3065 = ORIENTED_EDGE('',*,*,#564,.F.);
#3066 = ADVANCED_FACE('',(#3067),#608,.T.);
#3067 = FACE_BOUND('',#3068,.F.);
#3068 = EDGE_LOOP('',(#3069,#3070,#3071,#3072));
#3069 = ORIENTED_EDGE('',*,*,#2882,.F.);
#3070 = ORIENTED_EDGE('',*,*,#592,.T.);
#3071 = ORIENTED_EDGE('',*,*,#2933,.T.);
#3072 = ORIENTED_EDGE('',*,*,#3073,.F.);
#3073 = EDGE_CURVE('',#2883,#2934,#3074,.T.);
#3074 = SURFACE_CURVE('',#3075,(#3079,#3086),.PCURVE_S1.);
#3075 = LINE('',#3076,#3077);
#3076 = CARTESIAN_POINT('',(36.719890410459,-9.138774488438,3.2));
#3077 = VECTOR('',#3078,1.);
#3078 = DIRECTION('',(-0.860742216303,-0.509041095663,0.));
#3079 = PCURVE('',#608,#3080);
#3080 = DEFINITIONAL_REPRESENTATION('',(#3081),#3085);
#3081 = LINE('',#3082,#3083);
#3082 = CARTESIAN_POINT('',(-0.,0.565685424949));
#3083 = VECTOR('',#3084,1.);
#3084 = DIRECTION('',(-1.,0.));
#3085 = ( GEOMETRIC_REPRESENTATION_CONTEXT(2) 
PARAMETRIC_REPRESENTATION_CONTEXT() REPRESENTATION_CONTEXT('2D SPACE',''
  ) );
#3086 = PCURVE('',#2972,#3087);
#3087 = DEFINITIONAL_REPRESENTATION('',(#3088),#3092);
#3088 = LINE('',#3089,#3090);
#3089 = CARTESIAN_POINT('',(1.254858387428,-0.8));
#3090 = VECTOR('',#3091,1.);
#3091 = DIRECTION('',(1.,0.));
#3092 = ( GEOMETRIC_REPRESENTATION_CONTEXT(2) 
PARAMETRIC_REPRESENTATION_CONTEXT() REPRESENTATION_CONTEXT('2D SPACE',''
  ) );
#3093 = ADVANCED_FACE('',(#3094,#3302,#3305,#3487),#872,.T.);
#3094 = FACE_BOUND('',#3095,.T.);
#3095 = EDGE_LOOP('',(#3096,#3097,#3120,#3147,#3168,#3169,#3190,#3216,
    #3235,#3236,#3257,#3283));
#3096 = ORIENTED_EDGE('',*,*,#854,.F.);
#3097 = ORIENTED_EDGE('',*,*,#3098,.T.);
#3098 = EDGE_CURVE('',#855,#3099,#3101,.T.);
#3099 = VERTEX_POINT('',#3100);
#3100 = CARTESIAN_POINT('',(-13.5,-21.8,11.5));
#3101 = SURFACE_CURVE('',#3102,(#3106,#3113),.PCURVE_S1.);
#3102 = LINE('',#3103,#3104);
#3103 = CARTESIAN_POINT('',(-13.5,-21.8,2.4));
#3104 = VECTOR('',#3105,1.);
#3105 = DIRECTION('',(0.,0.,1.));
#3106 = PCURVE('',#872,#3107);
#3107 = DEFINITIONAL_REPRESENTATION('',(#3108),#3112);
#3108 = LINE('',#3109,#3110);
#3109 = CARTESIAN_POINT('',(0.,0.));
#3110 = VECTOR('',#3111,1.);
#3111 = DIRECTION('',(0.,-1.));
#3112 = ( GEOMETRIC_REPRESENTATION_CONTEXT(2) 
PARAMETRIC_REPRESENTATION_CONTEXT() REPRESENTATION_CONTEXT('2D SPACE',''
  ) );
#3113 = PCURVE('',#900,#3114);
#3114 = DEFINITIONAL_REPRESENTATION('',(#3115),#3119);
#3115 = LINE('',#3116,#3117);
#3116 = CARTESIAN_POINT('',(11.737972567697,0.));
#3117 = VECTOR('',#3118,1.);
#3118 = DIRECTION('',(0.,-1.));
#3119 = ( GEOMETRIC_REPRESENTATION_CONTEXT(2) 
PARAMETRIC_REPRESENTATION_CONTEXT() REPRESENTATION_CONTEXT('2D SPACE',''
  ) );
#3120 = ORIENTED_EDGE('',*,*,#3121,.T.);
#3121 = EDGE_CURVE('',#3099,#3122,#3124,.T.);
#3122 = VERTEX_POINT('',#3123);
#3123 = CARTESIAN_POINT('',(13.5,-21.8,11.5));
#3124 = SURFACE_CURVE('',#3125,(#3129,#3136),.PCURVE_S1.);
#3125 = LINE('',#3126,#3127);
#3126 = CARTESIAN_POINT('',(-13.5,-21.8,11.5));
#3127 = VECTOR('',#3128,1.);
#3128 = DIRECTION('',(1.,0.,0.));
#3129 = PCURVE('',#872,#3130);
#3130 = DEFINITIONAL_REPRESENTATION('',(#3131),#3135);
#3131 = LINE('',#3132,#3133);
#3132 = CARTESIAN_POINT('',(0.,-9.1));
#3133 = VECTOR('',#3134,1.);
#3134 = DIRECTION('',(1.,0.));
#3135 = ( GEOMETRIC_REPRESENTATION_CONTEXT(2) 
PARAMETRIC_REPRESENTATION_CONTEXT() REPRESENTATION_CONTEXT('2D SPACE',''
  ) );
#3136 = PCURVE('',#3137,#3142);
#3137 = B_SPLINE_SURFACE_WITH_KNOTS('',1,1,(
    (#3138,#3139)
    ,(#3140,#3141
    )),.UNSPECIFIED.,.F.,.F.,.F.,(2,2),(2,2),(0.,27.),(0.,1.),
  .PIECEWISE_BEZIER_KNOTS.);
#3138 = CARTESIAN_POINT('',(-13.5,-21.8,11.5));
#3139 = CARTESIAN_POINT('',(-10.6875,-16.8,13.7));
#3140 = CARTESIAN_POINT('',(13.5,-21.8,11.5));
#3141 = CARTESIAN_POINT('',(10.6875,-16.8,13.7));
#3142 = DEFINITIONAL_REPRESENTATION('',(#3143),#3146);
#3143 = B_SPLINE_CURVE_WITH_KNOTS('',1,(#3144,#3145),.UNSPECIFIED.,.F.,
  .F.,(2,2),(0.,27.),.PIECEWISE_BEZIER_KNOTS.);
#3144 = CARTESIAN_POINT('',(0.,0.));
#3145 = CARTESIAN_POINT('',(27.,0.));
#3146 = ( GEOMETRIC_REPRESENTATION_CONTEXT(2) 
PARAMETRIC_REPRESENTATION_CONTEXT() REPRESENTATION_CONTEXT('2D SPACE',''
  ) );
#3147 = ORIENTED_EDGE('',*,*,#3148,.F.);
#3148 = EDGE_CURVE('',#1053,#3122,#3149,.T.);
#3149 = SURFACE_CURVE('',#3150,(#3154,#3161),.PCURVE_S1.);
#3150 = LINE('',#3151,#3152);
#3151 = CARTESIAN_POINT('',(13.5,-21.8,2.4));
#3152 = VECTOR('',#3153,1.);
#3153 = DIRECTION('',(0.,0.,1.));
#3154 = PCURVE('',#872,#3155);
#3155 = DEFINITIONAL_REPRESENTATION('',(#3156),#3160);
#3156 = LINE('',#3157,#3158);
#3157 = CARTESIAN_POINT('',(27.,0.));
#3158 = VECTOR('',#3159,1.);
#3159 = DIRECTION('',(0.,-1.));
#3160 = ( GEOMETRIC_REPRESENTATION_CONTEXT(2) 
PARAMETRIC_REPRESENTATION_CONTEXT() REPRESENTATION_CONTEXT('2D SPACE',''
  ) );
#3161 = PCURVE('',#1068,#3162);
#3162 = DEFINITIONAL_REPRESENTATION('',(#3163),#3167);
#3163 = LINE('',#3164,#3165);
#3164 = CARTESIAN_POINT('',(0.,0.));
#3165 = VECTOR('',#3166,1.);
#3166 = DIRECTION('',(0.,-1.));
#3167 = ( GEOMETRIC_REPRESENTATION_CONTEXT(2) 
PARAMETRIC_REPRESENTATION_CONTEXT() REPRESENTATION_CONTEXT('2D SPACE',''
  ) );
#3168 = ORIENTED_EDGE('',*,*,#1080,.F.);
#3169 = ORIENTED_EDGE('',*,*,#3170,.F.);
#3170 = EDGE_CURVE('',#3171,#1081,#3173,.T.);
#3171 = VERTEX_POINT('',#3172);
#3172 = CARTESIAN_POINT('',(8.5,-21.8,4.1));
#3173 = SURFACE_CURVE('',#3174,(#3178,#3184),.PCURVE_S1.);
#3174 = LINE('',#3175,#3176);
#3175 = CARTESIAN_POINT('',(8.5,-21.8,2.4));
#3176 = VECTOR('',#3177,1.);
#3177 = DIRECTION('',(0.,0.,-1.));
#3178 = PCURVE('',#872,#3179);
#3179 = DEFINITIONAL_REPRESENTATION('',(#3180),#3183);
#3180 = B_SPLINE_CURVE_WITH_KNOTS('',1,(#3181,#3182),.UNSPECIFIED.,.F.,
  .F.,(2,2),(-1.7,0.),.PIECEWISE_BEZIER_KNOTS.);
#3181 = CARTESIAN_POINT('',(22.,-1.7));
#3182 = CARTESIAN_POINT('',(22.,0.));
#3183 = ( GEOMETRIC_REPRESENTATION_CONTEXT(2) 
PARAMETRIC_REPRESENTATION_CONTEXT() REPRESENTATION_CONTEXT('2D SPACE',''
  ) );
#3184 = PCURVE('',#1119,#3185);
#3185 = DEFINITIONAL_REPRESENTATION('',(#3186),#3189);
#3186 = B_SPLINE_CURVE_WITH_KNOTS('',1,(#3187,#3188),.UNSPECIFIED.,.F.,
  .F.,(2,2),(-1.7,0.),.PIECEWISE_BEZIER_KNOTS.);
#3187 = CARTESIAN_POINT('',(1.7,-0.2));
#3188 = CARTESIAN_POINT('',(0.,-0.2));
#3189 = ( GEOMETRIC_REPRESENTATION_CONTEXT(2) 
PARAMETRIC_REPRESENTATION_CONTEXT() REPRESENTATION_CONTEXT('2D SPACE',''
  ) );
#3190 = ORIENTED_EDGE('',*,*,#3191,.F.);
#3191 = EDGE_CURVE('',#3192,#3171,#3194,.T.);
#3192 = VERTEX_POINT('',#3193);
#3193 = CARTESIAN_POINT('',(7.1,-21.8,4.1));
#3194 = SURFACE_CURVE('',#3195,(#3199,#3205),.PCURVE_S1.);
#3195 = LINE('',#3196,#3197);
#3196 = CARTESIAN_POINT('',(-3.2,-21.8,4.1));
#3197 = VECTOR('',#3198,1.);
#3198 = DIRECTION('',(1.,0.,0.));
#3199 = PCURVE('',#872,#3200);
#3200 = DEFINITIONAL_REPRESENTATION('',(#3201),#3204);
#3201 = B_SPLINE_CURVE_WITH_KNOTS('',1,(#3202,#3203),.UNSPECIFIED.,.F.,
  .F.,(2,2),(10.3,11.7),.PIECEWISE_BEZIER_KNOTS.);
#3202 = CARTESIAN_POINT('',(20.6,-1.7));
#3203 = CARTESIAN_POINT('',(22.,-1.7));
#3204 = ( GEOMETRIC_REPRESENTATION_CONTEXT(2) 
PARAMETRIC_REPRESENTATION_CONTEXT() REPRESENTATION_CONTEXT('2D SPACE',''
  ) );
#3205 = PCURVE('',#3206,#3211);
#3206 = PLANE('',#3207);
#3207 = AXIS2_PLACEMENT_3D('',#3208,#3209,#3210);
#3208 = CARTESIAN_POINT('',(7.1,-22.,4.1));
#3209 = DIRECTION('',(0.,0.,1.));
#3210 = DIRECTION('',(1.,0.,0.));
#3211 = DEFINITIONAL_REPRESENTATION('',(#3212),#3215);
#3212 = B_SPLINE_CURVE_WITH_KNOTS('',1,(#3213,#3214),.UNSPECIFIED.,.F.,
  .F.,(2,2),(10.3,11.7),.PIECEWISE_BEZIER_KNOTS.);
#3213 = CARTESIAN_POINT('',(0.,0.2));
#3214 = CARTESIAN_POINT('',(1.4,0.2));
#3215 = ( GEOMETRIC_REPRESENTATION_CONTEXT(2) 
PARAMETRIC_REPRESENTATION_CONTEXT() REPRESENTATION_CONTEXT('2D SPACE',''
  ) );
#3216 = ORIENTED_EDGE('',*,*,#3217,.T.);
#3217 = EDGE_CURVE('',#3192,#1160,#3218,.T.);
#3218 = SURFACE_CURVE('',#3219,(#3223,#3229),.PCURVE_S1.);
#3219 = LINE('',#3220,#3221);
#3220 = CARTESIAN_POINT('',(7.1,-21.8,2.4));
#3221 = VECTOR('',#3222,1.);
#3222 = DIRECTION('',(0.,0.,-1.));
#3223 = PCURVE('',#872,#3224);
#3224 = DEFINITIONAL_REPRESENTATION('',(#3225),#3228);
#3225 = B_SPLINE_CURVE_WITH_KNOTS('',1,(#3226,#3227),.UNSPECIFIED.,.F.,
  .F.,(2,2),(-1.7,0.),.PIECEWISE_BEZIER_KNOTS.);
#3226 = CARTESIAN_POINT('',(20.6,-1.7));
#3227 = CARTESIAN_POINT('',(20.6,0.));
#3228 = ( GEOMETRIC_REPRESENTATION_CONTEXT(2) 
PARAMETRIC_REPRESENTATION_CONTEXT() REPRESENTATION_CONTEXT('2D SPACE',''
  ) );
#3229 = PCURVE('',#1175,#3230);
#3230 = DEFINITIONAL_REPRESENTATION('',(#3231),#3234);
#3231 = B_SPLINE_CURVE_WITH_KNOTS('',1,(#3232,#3233),.UNSPECIFIED.,.F.,
  .F.,(2,2),(-1.7,0.),.PIECEWISE_BEZIER_KNOTS.);
#3232 = CARTESIAN_POINT('',(1.7,-0.2));
#3233 = CARTESIAN_POINT('',(0.,-0.2));
#3234 = ( GEOMETRIC_REPRESENTATION_CONTEXT(2) 
PARAMETRIC_REPRESENTATION_CONTEXT() REPRESENTATION_CONTEXT('2D SPACE',''
  ) );
#3235 = ORIENTED_EDGE('',*,*,#1187,.F.);
#3236 = ORIENTED_EDGE('',*,*,#3237,.F.);
#3237 = EDGE_CURVE('',#3238,#1188,#3240,.T.);
#3238 = VERTEX_POINT('',#3239);
#3239 = CARTESIAN_POINT('',(-7.1,-21.8,4.1));
#3240 = SURFACE_CURVE('',#3241,(#3245,#3251),.PCURVE_S1.);
#3241 = LINE('',#3242,#3243);
#3242 = CARTESIAN_POINT('',(-7.1,-21.8,2.4));
#3243 = VECTOR('',#3244,1.);
#3244 = DIRECTION('',(0.,0.,-1.));
#3245 = PCURVE('',#872,#3246);
#3246 = DEFINITIONAL_REPRESENTATION('',(#3247),#3250);
#3247 = B_SPLINE_CURVE_WITH_KNOTS('',1,(#3248,#3249),.UNSPECIFIED.,.F.,
  .F.,(2,2),(-1.7,0.),.PIECEWISE_BEZIER_KNOTS.);
#3248 = CARTESIAN_POINT('',(6.4,-1.7));
#3249 = CARTESIAN_POINT('',(6.4,0.));
#3250 = ( GEOMETRIC_REPRESENTATION_CONTEXT(2) 
PARAMETRIC_REPRESENTATION_CONTEXT() REPRESENTATION_CONTEXT('2D SPACE',''
  ) );
#3251 = PCURVE('',#1226,#3252);
#3252 = DEFINITIONAL_REPRESENTATION('',(#3253),#3256);
#3253 = B_SPLINE_CURVE_WITH_KNOTS('',1,(#3254,#3255),.UNSPECIFIED.,.F.,
  .F.,(2,2),(-1.7,0.),.PIECEWISE_BEZIER_KNOTS.);
#3254 = CARTESIAN_POINT('',(1.7,-0.2));
#3255 = CARTESIAN_POINT('',(0.,-0.2));
#3256 = ( GEOMETRIC_REPRESENTATION_CONTEXT(2) 
PARAMETRIC_REPRESENTATION_CONTEXT() REPRESENTATION_CONTEXT('2D SPACE',''
  ) );
#3257 = ORIENTED_EDGE('',*,*,#3258,.F.);
#3258 = EDGE_CURVE('',#3259,#3238,#3261,.T.);
#3259 = VERTEX_POINT('',#3260);
#3260 = CARTESIAN_POINT('',(-8.5,-21.8,4.1));
#3261 = SURFACE_CURVE('',#3262,(#3266,#3272),.PCURVE_S1.);
#3262 = LINE('',#3263,#3264);
#3263 = CARTESIAN_POINT('',(-11.,-21.8,4.1));
#3264 = VECTOR('',#3265,1.);
#3265 = DIRECTION('',(1.,0.,0.));
#3266 = PCURVE('',#872,#3267);
#3267 = DEFINITIONAL_REPRESENTATION('',(#3268),#3271);
#3268 = B_SPLINE_CURVE_WITH_KNOTS('',1,(#3269,#3270),.UNSPECIFIED.,.F.,
  .F.,(2,2),(2.5,3.9),.PIECEWISE_BEZIER_KNOTS.);
#3269 = CARTESIAN_POINT('',(5.,-1.7));
#3270 = CARTESIAN_POINT('',(6.4,-1.7));
#3271 = ( GEOMETRIC_REPRESENTATION_CONTEXT(2) 
PARAMETRIC_REPRESENTATION_CONTEXT() REPRESENTATION_CONTEXT('2D SPACE',''
  ) );
#3272 = PCURVE('',#3273,#3278);
#3273 = PLANE('',#3274);
#3274 = AXIS2_PLACEMENT_3D('',#3275,#3276,#3277);
#3275 = CARTESIAN_POINT('',(-8.5,-22.,4.1));
#3276 = DIRECTION('',(0.,0.,1.));
#3277 = DIRECTION('',(1.,0.,0.));
#3278 = DEFINITIONAL_REPRESENTATION('',(#3279),#3282);
#3279 = B_SPLINE_CURVE_WITH_KNOTS('',1,(#3280,#3281),.UNSPECIFIED.,.F.,
  .F.,(2,2),(2.5,3.9),.PIECEWISE_BEZIER_KNOTS.);
#3280 = CARTESIAN_POINT('',(0.,0.2));
#3281 = CARTESIAN_POINT('',(1.4,0.2));
#3282 = ( GEOMETRIC_REPRESENTATION_CONTEXT(2) 
PARAMETRIC_REPRESENTATION_CONTEXT() REPRESENTATION_CONTEXT('2D SPACE',''
  ) );
#3283 = ORIENTED_EDGE('',*,*,#3284,.T.);
#3284 = EDGE_CURVE('',#3259,#857,#3285,.T.);
#3285 = SURFACE_CURVE('',#3286,(#3290,#3296),.PCURVE_S1.);
#3286 = LINE('',#3287,#3288);
#3287 = CARTESIAN_POINT('',(-8.5,-21.8,2.4));
#3288 = VECTOR('',#3289,1.);
#3289 = DIRECTION('',(0.,0.,-1.));
#3290 = PCURVE('',#872,#3291);
#3291 = DEFINITIONAL_REPRESENTATION('',(#3292),#3295);
#3292 = B_SPLINE_CURVE_WITH_KNOTS('',1,(#3293,#3294),.UNSPECIFIED.,.F.,
  .F.,(2,2),(-1.7,0.),.PIECEWISE_BEZIER_KNOTS.);
#3293 = CARTESIAN_POINT('',(5.,-1.7));
#3294 = CARTESIAN_POINT('',(5.,0.));
#3295 = ( GEOMETRIC_REPRESENTATION_CONTEXT(2) 
PARAMETRIC_REPRESENTATION_CONTEXT() REPRESENTATION_CONTEXT('2D SPACE',''
  ) );
#3296 = PCURVE('',#1280,#3297);
#3297 = DEFINITIONAL_REPRESENTATION('',(#3298),#3301);
#3298 = B_SPLINE_CURVE_WITH_KNOTS('',1,(#3299,#3300),.UNSPECIFIED.,.F.,
  .F.,(2,2),(-1.7,0.),.PIECEWISE_BEZIER_KNOTS.);
#3299 = CARTESIAN_POINT('',(1.7,-0.2));
#3300 = CARTESIAN_POINT('',(0.,-0.2));
#3301 = ( GEOMETRIC_REPRESENTATION_CONTEXT(2) 
PARAMETRIC_REPRESENTATION_CONTEXT() REPRESENTATION_CONTEXT('2D SPACE',''
  ) );
#3302 = FACE_BOUND('',#3303,.T.);
#3303 = EDGE_LOOP('',(#3304));
#3304 = ORIENTED_EDGE('',*,*,#2043,.F.);
#3305 = FACE_BOUND('',#3306,.T.);
#3306 = EDGE_LOOP('',(#3307,#3333,#3354,#3378,#3399,#3423,#3444,#3468));
#3307 = ORIENTED_EDGE('',*,*,#3308,.F.);
#3308 = EDGE_CURVE('',#3309,#3311,#3313,.T.);
#3309 = VERTEX_POINT('',#3310);
#3310 = CARTESIAN_POINT('',(-5.5,-21.8,5.9));
#3311 = VERTEX_POINT('',#3312);
#3312 = CARTESIAN_POINT('',(-3.7,-21.8,7.7));
#3313 = SURFACE_CURVE('',#3314,(#3319,#3326),.PCURVE_S1.);
#3314 = CIRCLE('',#3315,1.8);
#3315 = AXIS2_PLACEMENT_3D('',#3316,#3317,#3318);
#3316 = CARTESIAN_POINT('',(-3.7,-21.8,5.9));
#3317 = DIRECTION('',(0.,1.,0.));
#3318 = DIRECTION('',(-1.,0.,0.));
#3319 = PCURVE('',#872,#3320);
#3320 = DEFINITIONAL_REPRESENTATION('',(#3321),#3325);
#3321 = CIRCLE('',#3322,1.8);
#3322 = AXIS2_PLACEMENT_2D('',#3323,#3324);
#3323 = CARTESIAN_POINT('',(9.8,-3.5));
#3324 = DIRECTION('',(-1.,0.));
#3325 = ( GEOMETRIC_REPRESENTATION_CONTEXT(2) 
PARAMETRIC_REPRESENTATION_CONTEXT() REPRESENTATION_CONTEXT('2D SPACE',''
  ) );
#3326 = PCURVE('',#2524,#3327);
#3327 = DEFINITIONAL_REPRESENTATION('',(#3328),#3332);
#3328 = LINE('',#3329,#3330);
#3329 = CARTESIAN_POINT('',(0.,5.2));
#3330 = VECTOR('',#3331,1.);
#3331 = DIRECTION('',(1.,0.));
#3332 = ( GEOMETRIC_REPRESENTATION_CONTEXT(2) 
PARAMETRIC_REPRESENTATION_CONTEXT() REPRESENTATION_CONTEXT('2D SPACE',''
  ) );
#3333 = ORIENTED_EDGE('',*,*,#3334,.T.);
#3334 = EDGE_CURVE('',#3309,#3335,#3337,.T.);
#3335 = VERTEX_POINT('',#3336);
#3336 = CARTESIAN_POINT('',(-5.5,-21.8,4.7));
#3337 = SURFACE_CURVE('',#3338,(#3342,#3348),.PCURVE_S1.);
#3338 = LINE('',#3339,#3340);
#3339 = CARTESIAN_POINT('',(-5.5,-21.8,2.65));
#3340 = VECTOR('',#3341,1.);
#3341 = DIRECTION('',(0.,0.,-1.));
#3342 = PCURVE('',#872,#3343);
#3343 = DEFINITIONAL_REPRESENTATION('',(#3344),#3347);
#3344 = B_SPLINE_CURVE_WITH_KNOTS('',1,(#3345,#3346),.UNSPECIFIED.,.F.,
  .F.,(2,2),(-3.25,-2.05),.PIECEWISE_BEZIER_KNOTS.);
#3345 = CARTESIAN_POINT('',(8.,-3.5));
#3346 = CARTESIAN_POINT('',(8.,-2.3));
#3347 = ( GEOMETRIC_REPRESENTATION_CONTEXT(2) 
PARAMETRIC_REPRESENTATION_CONTEXT() REPRESENTATION_CONTEXT('2D SPACE',''
  ) );
#3348 = PCURVE('',#2551,#3349);
#3349 = DEFINITIONAL_REPRESENTATION('',(#3350),#3353);
#3350 = B_SPLINE_CURVE_WITH_KNOTS('',1,(#3351,#3352),.UNSPECIFIED.,.F.,
  .F.,(2,2),(-3.25,-2.05),.PIECEWISE_BEZIER_KNOTS.);
#3351 = CARTESIAN_POINT('',(3.,-5.2));
#3352 = CARTESIAN_POINT('',(1.8,-5.2));
#3353 = ( GEOMETRIC_REPRESENTATION_CONTEXT(2) 
PARAMETRIC_REPRESENTATION_CONTEXT() REPRESENTATION_CONTEXT('2D SPACE',''
  ) );
#3354 = ORIENTED_EDGE('',*,*,#3355,.F.);
#3355 = EDGE_CURVE('',#3356,#3335,#3358,.T.);
#3356 = VERTEX_POINT('',#3357);
#3357 = CARTESIAN_POINT('',(-3.7,-21.8,2.9));
#3358 = SURFACE_CURVE('',#3359,(#3364,#3371),.PCURVE_S1.);
#3359 = CIRCLE('',#3360,1.8);
#3360 = AXIS2_PLACEMENT_3D('',#3361,#3362,#3363);
#3361 = CARTESIAN_POINT('',(-3.7,-21.8,4.7));
#3362 = DIRECTION('',(0.,1.,0.));
#3363 = DIRECTION('',(-1.,0.,0.));
#3364 = PCURVE('',#872,#3365);
#3365 = DEFINITIONAL_REPRESENTATION('',(#3366),#3370);
#3366 = CIRCLE('',#3367,1.8);
#3367 = AXIS2_PLACEMENT_2D('',#3368,#3369);
#3368 = CARTESIAN_POINT('',(9.8,-2.3));
#3369 = DIRECTION('',(-1.,0.));
#3370 = ( GEOMETRIC_REPRESENTATION_CONTEXT(2) 
PARAMETRIC_REPRESENTATION_CONTEXT() REPRESENTATION_CONTEXT('2D SPACE',''
  ) );
#3371 = PCURVE('',#2579,#3372);
#3372 = DEFINITIONAL_REPRESENTATION('',(#3373),#3377);
#3373 = LINE('',#3374,#3375);
#3374 = CARTESIAN_POINT('',(-6.28318530718,5.2));
#3375 = VECTOR('',#3376,1.);
#3376 = DIRECTION('',(1.,-0.));
#3377 = ( GEOMETRIC_REPRESENTATION_CONTEXT(2) 
PARAMETRIC_REPRESENTATION_CONTEXT() REPRESENTATION_CONTEXT('2D SPACE',''
  ) );
#3378 = ORIENTED_EDGE('',*,*,#3379,.T.);
#3379 = EDGE_CURVE('',#3356,#3380,#3382,.T.);
#3380 = VERTEX_POINT('',#3381);
#3381 = CARTESIAN_POINT('',(3.7,-21.8,2.9));
#3382 = SURFACE_CURVE('',#3383,(#3387,#3393),.PCURVE_S1.);
#3383 = LINE('',#3384,#3385);
#3384 = CARTESIAN_POINT('',(-9.5,-21.8,2.9));
#3385 = VECTOR('',#3386,1.);
#3386 = DIRECTION('',(1.,0.,0.));
#3387 = PCURVE('',#872,#3388);
#3388 = DEFINITIONAL_REPRESENTATION('',(#3389),#3392);
#3389 = B_SPLINE_CURVE_WITH_KNOTS('',1,(#3390,#3391),.UNSPECIFIED.,.F.,
  .F.,(2,2),(5.8,13.2),.PIECEWISE_BEZIER_KNOTS.);
#3390 = CARTESIAN_POINT('',(9.8,-0.5));
#3391 = CARTESIAN_POINT('',(17.2,-0.5));
#3392 = ( GEOMETRIC_REPRESENTATION_CONTEXT(2) 
PARAMETRIC_REPRESENTATION_CONTEXT() REPRESENTATION_CONTEXT('2D SPACE',''
  ) );
#3393 = PCURVE('',#2606,#3394);
#3394 = DEFINITIONAL_REPRESENTATION('',(#3395),#3398);
#3395 = B_SPLINE_CURVE_WITH_KNOTS('',1,(#3396,#3397),.UNSPECIFIED.,.F.,
  .F.,(2,2),(5.8,13.2),.PIECEWISE_BEZIER_KNOTS.);
#3396 = CARTESIAN_POINT('',(1.8,5.2));
#3397 = CARTESIAN_POINT('',(9.2,5.2));
#3398 = ( GEOMETRIC_REPRESENTATION_CONTEXT(2) 
PARAMETRIC_REPRESENTATION_CONTEXT() REPRESENTATION_CONTEXT('2D SPACE',''
  ) );
#3399 = ORIENTED_EDGE('',*,*,#3400,.F.);
#3400 = EDGE_CURVE('',#3401,#3380,#3403,.T.);
#3401 = VERTEX_POINT('',#3402);
#3402 = CARTESIAN_POINT('',(5.5,-21.8,4.7));
#3403 = SURFACE_CURVE('',#3404,(#3409,#3416),.PCURVE_S1.);
#3404 = CIRCLE('',#3405,1.8);
#3405 = AXIS2_PLACEMENT_3D('',#3406,#3407,#3408);
#3406 = CARTESIAN_POINT('',(3.7,-21.8,4.7));
#3407 = DIRECTION('',(0.,1.,0.));
#3408 = DIRECTION('',(1.,0.,-0.));
#3409 = PCURVE('',#872,#3410);
#3410 = DEFINITIONAL_REPRESENTATION('',(#3411),#3415);
#3411 = CIRCLE('',#3412,1.8);
#3412 = AXIS2_PLACEMENT_2D('',#3413,#3414);
#3413 = CARTESIAN_POINT('',(17.2,-2.3));
#3414 = DIRECTION('',(1.,0.));
#3415 = ( GEOMETRIC_REPRESENTATION_CONTEXT(2) 
PARAMETRIC_REPRESENTATION_CONTEXT() REPRESENTATION_CONTEXT('2D SPACE',''
  ) );
#3416 = PCURVE('',#2634,#3417);
#3417 = DEFINITIONAL_REPRESENTATION('',(#3418),#3422);
#3418 = LINE('',#3419,#3420);
#3419 = CARTESIAN_POINT('',(0.,5.2));
#3420 = VECTOR('',#3421,1.);
#3421 = DIRECTION('',(1.,0.));
#3422 = ( GEOMETRIC_REPRESENTATION_CONTEXT(2) 
PARAMETRIC_REPRESENTATION_CONTEXT() REPRESENTATION_CONTEXT('2D SPACE',''
  ) );
#3423 = ORIENTED_EDGE('',*,*,#3424,.F.);
#3424 = EDGE_CURVE('',#3425,#3401,#3427,.T.);
#3425 = VERTEX_POINT('',#3426);
#3426 = CARTESIAN_POINT('',(5.5,-21.8,5.9));
#3427 = SURFACE_CURVE('',#3428,(#3432,#3438),.PCURVE_S1.);
#3428 = LINE('',#3429,#3430);
#3429 = CARTESIAN_POINT('',(5.5,-21.8,2.65));
#3430 = VECTOR('',#3431,1.);
#3431 = DIRECTION('',(0.,0.,-1.));
#3432 = PCURVE('',#872,#3433);
#3433 = DEFINITIONAL_REPRESENTATION('',(#3434),#3437);
#3434 = B_SPLINE_CURVE_WITH_KNOTS('',1,(#3435,#3436),.UNSPECIFIED.,.F.,
  .F.,(2,2),(-3.25,-2.05),.PIECEWISE_BEZIER_KNOTS.);
#3435 = CARTESIAN_POINT('',(19.,-3.5));
#3436 = CARTESIAN_POINT('',(19.,-2.3));
#3437 = ( GEOMETRIC_REPRESENTATION_CONTEXT(2) 
PARAMETRIC_REPRESENTATION_CONTEXT() REPRESENTATION_CONTEXT('2D SPACE',''
  ) );
#3438 = PCURVE('',#2661,#3439);
#3439 = DEFINITIONAL_REPRESENTATION('',(#3440),#3443);
#3440 = B_SPLINE_CURVE_WITH_KNOTS('',1,(#3441,#3442),.UNSPECIFIED.,.F.,
  .F.,(2,2),(-3.25,-2.05),.PIECEWISE_BEZIER_KNOTS.);
#3441 = CARTESIAN_POINT('',(3.,-5.2));
#3442 = CARTESIAN_POINT('',(1.8,-5.2));
#3443 = ( GEOMETRIC_REPRESENTATION_CONTEXT(2) 
PARAMETRIC_REPRESENTATION_CONTEXT() REPRESENTATION_CONTEXT('2D SPACE',''
  ) );
#3444 = ORIENTED_EDGE('',*,*,#3445,.F.);
#3445 = EDGE_CURVE('',#3446,#3425,#3448,.T.);
#3446 = VERTEX_POINT('',#3447);
#3447 = CARTESIAN_POINT('',(3.7,-21.8,7.7));
#3448 = SURFACE_CURVE('',#3449,(#3454,#3461),.PCURVE_S1.);
#3449 = CIRCLE('',#3450,1.8);
#3450 = AXIS2_PLACEMENT_3D('',#3451,#3452,#3453);
#3451 = CARTESIAN_POINT('',(3.7,-21.8,5.9));
#3452 = DIRECTION('',(0.,1.,0.));
#3453 = DIRECTION('',(1.,0.,-0.));
#3454 = PCURVE('',#872,#3455);
#3455 = DEFINITIONAL_REPRESENTATION('',(#3456),#3460);
#3456 = CIRCLE('',#3457,1.8);
#3457 = AXIS2_PLACEMENT_2D('',#3458,#3459);
#3458 = CARTESIAN_POINT('',(17.2,-3.5));
#3459 = DIRECTION('',(1.,0.));
#3460 = ( GEOMETRIC_REPRESENTATION_CONTEXT(2) 
PARAMETRIC_REPRESENTATION_CONTEXT() REPRESENTATION_CONTEXT('2D SPACE',''
  ) );
#3461 = PCURVE('',#2689,#3462);
#3462 = DEFINITIONAL_REPRESENTATION('',(#3463),#3467);
#3463 = LINE('',#3464,#3465);
#3464 = CARTESIAN_POINT('',(-6.28318530718,5.2));
#3465 = VECTOR('',#3466,1.);
#3466 = DIRECTION('',(1.,-0.));
#3467 = ( GEOMETRIC_REPRESENTATION_CONTEXT(2) 
PARAMETRIC_REPRESENTATION_CONTEXT() REPRESENTATION_CONTEXT('2D SPACE',''
  ) );
#3468 = ORIENTED_EDGE('',*,*,#3469,.F.);
#3469 = EDGE_CURVE('',#3311,#3446,#3470,.T.);
#3470 = SURFACE_CURVE('',#3471,(#3475,#3481),.PCURVE_S1.);
#3471 = LINE('',#3472,#3473);
#3472 = CARTESIAN_POINT('',(-9.5,-21.8,7.7));
#3473 = VECTOR('',#3474,1.);
#3474 = DIRECTION('',(1.,0.,0.));
#3475 = PCURVE('',#872,#3476);
#3476 = DEFINITIONAL_REPRESENTATION('',(#3477),#3480);
#3477 = B_SPLINE_CURVE_WITH_KNOTS('',1,(#3478,#3479),.UNSPECIFIED.,.F.,
  .F.,(2,2),(5.8,13.2),.PIECEWISE_BEZIER_KNOTS.);
#3478 = CARTESIAN_POINT('',(9.8,-5.3));
#3479 = CARTESIAN_POINT('',(17.2,-5.3));
#3480 = ( GEOMETRIC_REPRESENTATION_CONTEXT(2) 
PARAMETRIC_REPRESENTATION_CONTEXT() REPRESENTATION_CONTEXT('2D SPACE',''
  ) );
#3481 = PCURVE('',#2714,#3482);
#3482 = DEFINITIONAL_REPRESENTATION('',(#3483),#3486);
#3483 = B_SPLINE_CURVE_WITH_KNOTS('',1,(#3484,#3485),.UNSPECIFIED.,.F.,
  .F.,(2,2),(5.8,13.2),.PIECEWISE_BEZIER_KNOTS.);
#3484 = CARTESIAN_POINT('',(1.8,5.2));
#3485 = CARTESIAN_POINT('',(9.2,5.2));
#3486 = ( GEOMETRIC_REPRESENTATION_CONTEXT(2) 
PARAMETRIC_REPRESENTATION_CONTEXT() REPRESENTATION_CONTEXT('2D SPACE',''
  ) );
#3487 = FACE_BOUND('',#3488,.T.);
#3488 = EDGE_LOOP('',(#3489));
#3489 = ORIENTED_EDGE('',*,*,#2093,.F.);
#3490 = ADVANCED_FACE('',(#3491),#1280,.F.);
#3491 = FACE_BOUND('',#3492,.F.);
#3492 = EDGE_LOOP('',(#3493,#3516,#3517,#3518));
#3493 = ORIENTED_EDGE('',*,*,#3494,.F.);
#3494 = EDGE_CURVE('',#3259,#3495,#3497,.T.);
#3495 = VERTEX_POINT('',#3496);
#3496 = CARTESIAN_POINT('',(-8.5,-21.45,4.1));
#3497 = SURFACE_CURVE('',#3498,(#3502,#3509),.PCURVE_S1.);
#3498 = LINE('',#3499,#3500);
#3499 = CARTESIAN_POINT('',(-8.5,-22.,4.1));
#3500 = VECTOR('',#3501,1.);
#3501 = DIRECTION('',(0.,1.,0.));
#3502 = PCURVE('',#1280,#3503);
#3503 = DEFINITIONAL_REPRESENTATION('',(#3504),#3508);
#3504 = LINE('',#3505,#3506);
#3505 = CARTESIAN_POINT('',(1.7,0.));
#3506 = VECTOR('',#3507,1.);
#3507 = DIRECTION('',(0.,-1.));
#3508 = ( GEOMETRIC_REPRESENTATION_CONTEXT(2) 
PARAMETRIC_REPRESENTATION_CONTEXT() REPRESENTATION_CONTEXT('2D SPACE',''
  ) );
#3509 = PCURVE('',#3273,#3510);
#3510 = DEFINITIONAL_REPRESENTATION('',(#3511),#3515);
#3511 = LINE('',#3512,#3513);
#3512 = CARTESIAN_POINT('',(0.,0.));
#3513 = VECTOR('',#3514,1.);
#3514 = DIRECTION('',(0.,1.));
#3515 = ( GEOMETRIC_REPRESENTATION_CONTEXT(2) 
PARAMETRIC_REPRESENTATION_CONTEXT() REPRESENTATION_CONTEXT('2D SPACE',''
  ) );
#3516 = ORIENTED_EDGE('',*,*,#3284,.T.);
#3517 = ORIENTED_EDGE('',*,*,#1266,.T.);
#3518 = ORIENTED_EDGE('',*,*,#3519,.T.);
#3519 = EDGE_CURVE('',#1239,#3495,#3520,.T.);
#3520 = SURFACE_CURVE('',#3521,(#3525,#3532),.PCURVE_S1.);
#3521 = LINE('',#3522,#3523);
#3522 = CARTESIAN_POINT('',(-8.5,-21.45,2.4));
#3523 = VECTOR('',#3524,1.);
#3524 = DIRECTION('',(0.,0.,1.));
#3525 = PCURVE('',#1280,#3526);
#3526 = DEFINITIONAL_REPRESENTATION('',(#3527),#3531);
#3527 = LINE('',#3528,#3529);
#3528 = CARTESIAN_POINT('',(0.,-0.55));
#3529 = VECTOR('',#3530,1.);
#3530 = DIRECTION('',(1.,0.));
#3531 = ( GEOMETRIC_REPRESENTATION_CONTEXT(2) 
PARAMETRIC_REPRESENTATION_CONTEXT() REPRESENTATION_CONTEXT('2D SPACE',''
  ) );
#3532 = PCURVE('',#1254,#3533);
#3533 = DEFINITIONAL_REPRESENTATION('',(#3534),#3538);
#3534 = LINE('',#3535,#3536);
#3535 = CARTESIAN_POINT('',(0.,0.));
#3536 = VECTOR('',#3537,1.);
#3537 = DIRECTION('',(1.,0.));
#3538 = ( GEOMETRIC_REPRESENTATION_CONTEXT(2) 
PARAMETRIC_REPRESENTATION_CONTEXT() REPRESENTATION_CONTEXT('2D SPACE',''
  ) );
#3539 = ADVANCED_FACE('',(#3540),#1254,.T.);
#3540 = FACE_BOUND('',#3541,.T.);
#3541 = EDGE_LOOP('',(#3542,#3543,#3544,#3567));
#3542 = ORIENTED_EDGE('',*,*,#1238,.F.);
#3543 = ORIENTED_EDGE('',*,*,#3519,.T.);
#3544 = ORIENTED_EDGE('',*,*,#3545,.T.);
#3545 = EDGE_CURVE('',#3495,#3546,#3548,.T.);
#3546 = VERTEX_POINT('',#3547);
#3547 = CARTESIAN_POINT('',(-7.1,-21.45,4.1));
#3548 = SURFACE_CURVE('',#3549,(#3553,#3560),.PCURVE_S1.);
#3549 = LINE('',#3550,#3551);
#3550 = CARTESIAN_POINT('',(-8.5,-21.45,4.1));
#3551 = VECTOR('',#3552,1.);
#3552 = DIRECTION('',(1.,0.,0.));
#3553 = PCURVE('',#1254,#3554);
#3554 = DEFINITIONAL_REPRESENTATION('',(#3555),#3559);
#3555 = LINE('',#3556,#3557);
#3556 = CARTESIAN_POINT('',(1.7,0.));
#3557 = VECTOR('',#3558,1.);
#3558 = DIRECTION('',(0.,1.));
#3559 = ( GEOMETRIC_REPRESENTATION_CONTEXT(2) 
PARAMETRIC_REPRESENTATION_CONTEXT() REPRESENTATION_CONTEXT('2D SPACE',''
  ) );
#3560 = PCURVE('',#3273,#3561);
#3561 = DEFINITIONAL_REPRESENTATION('',(#3562),#3566);
#3562 = LINE('',#3563,#3564);
#3563 = CARTESIAN_POINT('',(0.,0.55));
#3564 = VECTOR('',#3565,1.);
#3565 = DIRECTION('',(1.,0.));
#3566 = ( GEOMETRIC_REPRESENTATION_CONTEXT(2) 
PARAMETRIC_REPRESENTATION_CONTEXT() REPRESENTATION_CONTEXT('2D SPACE',''
  ) );
#3567 = ORIENTED_EDGE('',*,*,#3568,.F.);
#3568 = EDGE_CURVE('',#1211,#3546,#3569,.T.);
#3569 = SURFACE_CURVE('',#3570,(#3574,#3581),.PCURVE_S1.);
#3570 = LINE('',#3571,#3572);
#3571 = CARTESIAN_POINT('',(-7.1,-21.45,2.4));
#3572 = VECTOR('',#3573,1.);
#3573 = DIRECTION('',(0.,0.,1.));
#3574 = PCURVE('',#1254,#3575);
#3575 = DEFINITIONAL_REPRESENTATION('',(#3576),#3580);
#3576 = LINE('',#3577,#3578);
#3577 = CARTESIAN_POINT('',(0.,1.4));
#3578 = VECTOR('',#3579,1.);
#3579 = DIRECTION('',(1.,0.));
#3580 = ( GEOMETRIC_REPRESENTATION_CONTEXT(2) 
PARAMETRIC_REPRESENTATION_CONTEXT() REPRESENTATION_CONTEXT('2D SPACE',''
  ) );
#3581 = PCURVE('',#1226,#3582);
#3582 = DEFINITIONAL_REPRESENTATION('',(#3583),#3587);
#3583 = LINE('',#3584,#3585);
#3584 = CARTESIAN_POINT('',(0.,-0.55));
#3585 = VECTOR('',#3586,1.);
#3586 = DIRECTION('',(1.,0.));
#3587 = ( GEOMETRIC_REPRESENTATION_CONTEXT(2) 
PARAMETRIC_REPRESENTATION_CONTEXT() REPRESENTATION_CONTEXT('2D SPACE',''
  ) );
#3588 = ADVANCED_FACE('',(#3589),#1226,.T.);
#3589 = FACE_BOUND('',#3590,.T.);
#3590 = EDGE_LOOP('',(#3591,#3612,#3613,#3614));
#3591 = ORIENTED_EDGE('',*,*,#3592,.F.);
#3592 = EDGE_CURVE('',#3238,#3546,#3593,.T.);
#3593 = SURFACE_CURVE('',#3594,(#3598,#3605),.PCURVE_S1.);
#3594 = LINE('',#3595,#3596);
#3595 = CARTESIAN_POINT('',(-7.1,-22.,4.1));
#3596 = VECTOR('',#3597,1.);
#3597 = DIRECTION('',(0.,1.,0.));
#3598 = PCURVE('',#1226,#3599);
#3599 = DEFINITIONAL_REPRESENTATION('',(#3600),#3604);
#3600 = LINE('',#3601,#3602);
#3601 = CARTESIAN_POINT('',(1.7,0.));
#3602 = VECTOR('',#3603,1.);
#3603 = DIRECTION('',(0.,-1.));
#3604 = ( GEOMETRIC_REPRESENTATION_CONTEXT(2) 
PARAMETRIC_REPRESENTATION_CONTEXT() REPRESENTATION_CONTEXT('2D SPACE',''
  ) );
#3605 = PCURVE('',#3273,#3606);
#3606 = DEFINITIONAL_REPRESENTATION('',(#3607),#3611);
#3607 = LINE('',#3608,#3609);
#3608 = CARTESIAN_POINT('',(1.4,0.));
#3609 = VECTOR('',#3610,1.);
#3610 = DIRECTION('',(0.,1.));
#3611 = ( GEOMETRIC_REPRESENTATION_CONTEXT(2) 
PARAMETRIC_REPRESENTATION_CONTEXT() REPRESENTATION_CONTEXT('2D SPACE',''
  ) );
#3612 = ORIENTED_EDGE('',*,*,#3237,.T.);
#3613 = ORIENTED_EDGE('',*,*,#1210,.T.);
#3614 = ORIENTED_EDGE('',*,*,#3568,.T.);
#3615 = ADVANCED_FACE('',(#3616),#1068,.T.);
#3616 = FACE_BOUND('',#3617,.T.);
#3617 = EDGE_LOOP('',(#3618,#3619,#3646,#3667));
#3618 = ORIENTED_EDGE('',*,*,#3148,.T.);
#3619 = ORIENTED_EDGE('',*,*,#3620,.T.);
#3620 = EDGE_CURVE('',#3122,#3621,#3623,.T.);
#3621 = VERTEX_POINT('',#3622);
#3622 = CARTESIAN_POINT('',(21.8,-13.5,11.5));
#3623 = SURFACE_CURVE('',#3624,(#3628,#3635),.PCURVE_S1.);
#3624 = LINE('',#3625,#3626);
#3625 = CARTESIAN_POINT('',(13.5,-21.8,11.5));
#3626 = VECTOR('',#3627,1.);
#3627 = DIRECTION('',(0.707106781187,0.707106781187,0.));
#3628 = PCURVE('',#1068,#3629);
#3629 = DEFINITIONAL_REPRESENTATION('',(#3630),#3634);
#3630 = LINE('',#3631,#3632);
#3631 = CARTESIAN_POINT('',(0.,-9.1));
#3632 = VECTOR('',#3633,1.);
#3633 = DIRECTION('',(1.,0.));
#3634 = ( GEOMETRIC_REPRESENTATION_CONTEXT(2) 
PARAMETRIC_REPRESENTATION_CONTEXT() REPRESENTATION_CONTEXT('2D SPACE',''
  ) );
#3635 = PCURVE('',#3636,#3641);
#3636 = B_SPLINE_SURFACE_WITH_KNOTS('',1,1,(
    (#3637,#3638)
    ,(#3639,#3640
    )),.UNSPECIFIED.,.F.,.F.,.F.,(2,2),(2,2),(0.,11.737972567697),(0.,1.
    ),.PIECEWISE_BEZIER_KNOTS.);
#3637 = CARTESIAN_POINT('',(13.5,-21.8,11.5));
#3638 = CARTESIAN_POINT('',(10.6875,-16.8,13.7));
#3639 = CARTESIAN_POINT('',(21.8,-13.5,11.5));
#3640 = CARTESIAN_POINT('',(16.8,-10.6875,13.7));
#3641 = DEFINITIONAL_REPRESENTATION('',(#3642),#3645);
#3642 = B_SPLINE_CURVE_WITH_KNOTS('',1,(#3643,#3644),.UNSPECIFIED.,.F.,
  .F.,(2,2),(0.,11.737972567697),.PIECEWISE_BEZIER_KNOTS.);
#3643 = CARTESIAN_POINT('',(0.,0.));
#3644 = CARTESIAN_POINT('',(11.737972567697,0.));
#3645 = ( GEOMETRIC_REPRESENTATION_CONTEXT(2) 
PARAMETRIC_REPRESENTATION_CONTEXT() REPRESENTATION_CONTEXT('2D SPACE',''
  ) );
#3646 = ORIENTED_EDGE('',*,*,#3647,.F.);
#3647 = EDGE_CURVE('',#1025,#3621,#3648,.T.);
#3648 = SURFACE_CURVE('',#3649,(#3653,#3660),.PCURVE_S1.);
#3649 = LINE('',#3650,#3651);
#3650 = CARTESIAN_POINT('',(21.8,-13.5,2.4));
#3651 = VECTOR('',#3652,1.);
#3652 = DIRECTION('',(0.,0.,1.));
#3653 = PCURVE('',#1068,#3654);
#3654 = DEFINITIONAL_REPRESENTATION('',(#3655),#3659);
#3655 = LINE('',#3656,#3657);
#3656 = CARTESIAN_POINT('',(11.737972567697,0.));
#3657 = VECTOR('',#3658,1.);
#3658 = DIRECTION('',(0.,-1.));
#3659 = ( GEOMETRIC_REPRESENTATION_CONTEXT(2) 
PARAMETRIC_REPRESENTATION_CONTEXT() REPRESENTATION_CONTEXT('2D SPACE',''
  ) );
#3660 = PCURVE('',#1040,#3661);
#3661 = DEFINITIONAL_REPRESENTATION('',(#3662),#3666);
#3662 = LINE('',#3663,#3664);
#3663 = CARTESIAN_POINT('',(0.,0.));
#3664 = VECTOR('',#3665,1.);
#3665 = DIRECTION('',(0.,-1.));
#3666 = ( GEOMETRIC_REPRESENTATION_CONTEXT(2) 
PARAMETRIC_REPRESENTATION_CONTEXT() REPRESENTATION_CONTEXT('2D SPACE',''
  ) );
#3667 = ORIENTED_EDGE('',*,*,#1052,.F.);
#3668 = ADVANCED_FACE('',(#3669),#1040,.T.);
#3669 = FACE_BOUND('',#3670,.T.);
#3670 = EDGE_LOOP('',(#3671,#3672,#3699,#3720));
#3671 = ORIENTED_EDGE('',*,*,#3647,.T.);
#3672 = ORIENTED_EDGE('',*,*,#3673,.T.);
#3673 = EDGE_CURVE('',#3621,#3674,#3676,.T.);
#3674 = VERTEX_POINT('',#3675);
#3675 = CARTESIAN_POINT('',(21.8,13.5,11.5));
#3676 = SURFACE_CURVE('',#3677,(#3681,#3688),.PCURVE_S1.);
#3677 = LINE('',#3678,#3679);
#3678 = CARTESIAN_POINT('',(21.8,-13.5,11.5));
#3679 = VECTOR('',#3680,1.);
#3680 = DIRECTION('',(0.,1.,0.));
#3681 = PCURVE('',#1040,#3682);
#3682 = DEFINITIONAL_REPRESENTATION('',(#3683),#3687);
#3683 = LINE('',#3684,#3685);
#3684 = CARTESIAN_POINT('',(0.,-9.1));
#3685 = VECTOR('',#3686,1.);
#3686 = DIRECTION('',(1.,0.));
#3687 = ( GEOMETRIC_REPRESENTATION_CONTEXT(2) 
PARAMETRIC_REPRESENTATION_CONTEXT() REPRESENTATION_CONTEXT('2D SPACE',''
  ) );
#3688 = PCURVE('',#3689,#3694);
#3689 = B_SPLINE_SURFACE_WITH_KNOTS('',1,1,(
    (#3690,#3691)
    ,(#3692,#3693
    )),.UNSPECIFIED.,.F.,.F.,.F.,(2,2),(2,2),(0.,27.),(0.,1.),
  .PIECEWISE_BEZIER_KNOTS.);
#3690 = CARTESIAN_POINT('',(21.8,-13.5,11.5));
#3691 = CARTESIAN_POINT('',(16.8,-10.6875,13.7));
#3692 = CARTESIAN_POINT('',(21.8,13.5,11.5));
#3693 = CARTESIAN_POINT('',(16.8,10.6875,13.7));
#3694 = DEFINITIONAL_REPRESENTATION('',(#3695),#3698);
#3695 = B_SPLINE_CURVE_WITH_KNOTS('',1,(#3696,#3697),.UNSPECIFIED.,.F.,
  .F.,(2,2),(0.,27.),.PIECEWISE_BEZIER_KNOTS.);
#3696 = CARTESIAN_POINT('',(0.,0.));
#3697 = CARTESIAN_POINT('',(27.,0.));
#3698 = ( GEOMETRIC_REPRESENTATION_CONTEXT(2) 
PARAMETRIC_REPRESENTATION_CONTEXT() REPRESENTATION_CONTEXT('2D SPACE',''
  ) );
#3699 = ORIENTED_EDGE('',*,*,#3700,.F.);
#3700 = EDGE_CURVE('',#997,#3674,#3701,.T.);
#3701 = SURFACE_CURVE('',#3702,(#3706,#3713),.PCURVE_S1.);
#3702 = LINE('',#3703,#3704);
#3703 = CARTESIAN_POINT('',(21.8,13.5,2.4));
#3704 = VECTOR('',#3705,1.);
#3705 = DIRECTION('',(0.,0.,1.));
#3706 = PCURVE('',#1040,#3707);
#3707 = DEFINITIONAL_REPRESENTATION('',(#3708),#3712);
#3708 = LINE('',#3709,#3710);
#3709 = CARTESIAN_POINT('',(27.,0.));
#3710 = VECTOR('',#3711,1.);
#3711 = DIRECTION('',(0.,-1.));
#3712 = ( GEOMETRIC_REPRESENTATION_CONTEXT(2) 
PARAMETRIC_REPRESENTATION_CONTEXT() REPRESENTATION_CONTEXT('2D SPACE',''
  ) );
#3713 = PCURVE('',#1012,#3714);
#3714 = DEFINITIONAL_REPRESENTATION('',(#3715),#3719);
#3715 = LINE('',#3716,#3717);
#3716 = CARTESIAN_POINT('',(0.,0.));
#3717 = VECTOR('',#3718,1.);
#3718 = DIRECTION('',(0.,-1.));
#3719 = ( GEOMETRIC_REPRESENTATION_CONTEXT(2) 
PARAMETRIC_REPRESENTATION_CONTEXT() REPRESENTATION_CONTEXT('2D SPACE',''
  ) );
#3720 = ORIENTED_EDGE('',*,*,#1024,.F.);
#3721 = ADVANCED_FACE('',(#3722),#1012,.T.);
#3722 = FACE_BOUND('',#3723,.T.);
#3723 = EDGE_LOOP('',(#3724,#3725,#3752,#3773));
#3724 = ORIENTED_EDGE('',*,*,#3700,.T.);
#3725 = ORIENTED_EDGE('',*,*,#3726,.T.);
#3726 = EDGE_CURVE('',#3674,#3727,#3729,.T.);
#3727 = VERTEX_POINT('',#3728);
#3728 = CARTESIAN_POINT('',(13.5,21.8,11.5));
#3729 = SURFACE_CURVE('',#3730,(#3734,#3741),.PCURVE_S1.);
#3730 = LINE('',#3731,#3732);
#3731 = CARTESIAN_POINT('',(21.8,13.5,11.5));
#3732 = VECTOR('',#3733,1.);
#3733 = DIRECTION('',(-0.707106781187,0.707106781187,0.));
#3734 = PCURVE('',#1012,#3735);
#3735 = DEFINITIONAL_REPRESENTATION('',(#3736),#3740);
#3736 = LINE('',#3737,#3738);
#3737 = CARTESIAN_POINT('',(0.,-9.1));
#3738 = VECTOR('',#3739,1.);
#3739 = DIRECTION('',(1.,0.));
#3740 = ( GEOMETRIC_REPRESENTATION_CONTEXT(2) 
PARAMETRIC_REPRESENTATION_CONTEXT() REPRESENTATION_CONTEXT('2D SPACE',''
  ) );
#3741 = PCURVE('',#3742,#3747);
#3742 = B_SPLINE_SURFACE_WITH_KNOTS('',1,1,(
    (#3743,#3744)
    ,(#3745,#3746
    )),.UNSPECIFIED.,.F.,.F.,.F.,(2,2),(2,2),(0.,11.737972567697),(0.,1.
    ),.PIECEWISE_BEZIER_KNOTS.);
#3743 = CARTESIAN_POINT('',(21.8,13.5,11.5));
#3744 = CARTESIAN_POINT('',(16.8,10.6875,13.7));
#3745 = CARTESIAN_POINT('',(13.5,21.8,11.5));
#3746 = CARTESIAN_POINT('',(10.6875,16.8,13.7));
#3747 = DEFINITIONAL_REPRESENTATION('',(#3748),#3751);
#3748 = B_SPLINE_CURVE_WITH_KNOTS('',1,(#3749,#3750),.UNSPECIFIED.,.F.,
  .F.,(2,2),(0.,11.737972567697),.PIECEWISE_BEZIER_KNOTS.);
#3749 = CARTESIAN_POINT('',(0.,0.));
#3750 = CARTESIAN_POINT('',(11.737972567697,0.));
#3751 = ( GEOMETRIC_REPRESENTATION_CONTEXT(2) 
PARAMETRIC_REPRESENTATION_CONTEXT() REPRESENTATION_CONTEXT('2D SPACE',''
  ) );
#3752 = ORIENTED_EDGE('',*,*,#3753,.F.);
#3753 = EDGE_CURVE('',#969,#3727,#3754,.T.);
#3754 = SURFACE_CURVE('',#3755,(#3759,#3766),.PCURVE_S1.);
#3755 = LINE('',#3756,#3757);
#3756 = CARTESIAN_POINT('',(13.5,21.8,2.4));
#3757 = VECTOR('',#3758,1.);
#3758 = DIRECTION('',(0.,0.,1.));
#3759 = PCURVE('',#1012,#3760);
#3760 = DEFINITIONAL_REPRESENTATION('',(#3761),#3765);
#3761 = LINE('',#3762,#3763);
#3762 = CARTESIAN_POINT('',(11.737972567697,0.));
#3763 = VECTOR('',#3764,1.);
#3764 = DIRECTION('',(0.,-1.));
#3765 = ( GEOMETRIC_REPRESENTATION_CONTEXT(2) 
PARAMETRIC_REPRESENTATION_CONTEXT() REPRESENTATION_CONTEXT('2D SPACE',''
  ) );
#3766 = PCURVE('',#984,#3767);
#3767 = DEFINITIONAL_REPRESENTATION('',(#3768),#3772);
#3768 = LINE('',#3769,#3770);
#3769 = CARTESIAN_POINT('',(0.,-0.));
#3770 = VECTOR('',#3771,1.);
#3771 = DIRECTION('',(0.,-1.));
#3772 = ( GEOMETRIC_REPRESENTATION_CONTEXT(2) 
PARAMETRIC_REPRESENTATION_CONTEXT() REPRESENTATION_CONTEXT('2D SPACE',''
  ) );
#3773 = ORIENTED_EDGE('',*,*,#996,.F.);
#3774 = ADVANCED_FACE('',(#3775),#984,.T.);
#3775 = FACE_BOUND('',#3776,.T.);
#3776 = EDGE_LOOP('',(#3777,#3778,#3805,#3826));
#3777 = ORIENTED_EDGE('',*,*,#3753,.T.);
#3778 = ORIENTED_EDGE('',*,*,#3779,.T.);
#3779 = EDGE_CURVE('',#3727,#3780,#3782,.T.);
#3780 = VERTEX_POINT('',#3781);
#3781 = CARTESIAN_POINT('',(-13.5,21.8,11.5));
#3782 = SURFACE_CURVE('',#3783,(#3787,#3794),.PCURVE_S1.);
#3783 = LINE('',#3784,#3785);
#3784 = CARTESIAN_POINT('',(13.5,21.8,11.5));
#3785 = VECTOR('',#3786,1.);
#3786 = DIRECTION('',(-1.,0.,0.));
#3787 = PCURVE('',#984,#3788);
#3788 = DEFINITIONAL_REPRESENTATION('',(#3789),#3793);
#3789 = LINE('',#3790,#3791);
#3790 = CARTESIAN_POINT('',(0.,-9.1));
#3791 = VECTOR('',#3792,1.);
#3792 = DIRECTION('',(1.,0.));
#3793 = ( GEOMETRIC_REPRESENTATION_CONTEXT(2) 
PARAMETRIC_REPRESENTATION_CONTEXT() REPRESENTATION_CONTEXT('2D SPACE',''
  ) );
#3794 = PCURVE('',#3795,#3800);
#3795 = B_SPLINE_SURFACE_WITH_KNOTS('',1,1,(
    (#3796,#3797)
    ,(#3798,#3799
    )),.UNSPECIFIED.,.F.,.F.,.F.,(2,2),(2,2),(0.,27.),(0.,1.),
  .PIECEWISE_BEZIER_KNOTS.);
#3796 = CARTESIAN_POINT('',(13.5,21.8,11.5));
#3797 = CARTESIAN_POINT('',(10.6875,16.8,13.7));
#3798 = CARTESIAN_POINT('',(-13.5,21.8,11.5));
#3799 = CARTESIAN_POINT('',(-10.6875,16.8,13.7));
#3800 = DEFINITIONAL_REPRESENTATION('',(#3801),#3804);
#3801 = B_SPLINE_CURVE_WITH_KNOTS('',1,(#3802,#3803),.UNSPECIFIED.,.F.,
  .F.,(2,2),(0.,27.),.PIECEWISE_BEZIER_KNOTS.);
#3802 = CARTESIAN_POINT('',(0.,0.));
#3803 = CARTESIAN_POINT('',(27.,0.));
#3804 = ( GEOMETRIC_REPRESENTATION_CONTEXT(2) 
PARAMETRIC_REPRESENTATION_CONTEXT() REPRESENTATION_CONTEXT('2D SPACE',''
  ) );
#3805 = ORIENTED_EDGE('',*,*,#3806,.F.);
#3806 = EDGE_CURVE('',#941,#3780,#3807,.T.);
#3807 = SURFACE_CURVE('',#3808,(#3812,#3819),.PCURVE_S1.);
#3808 = LINE('',#3809,#3810);
#3809 = CARTESIAN_POINT('',(-13.5,21.8,2.4));
#3810 = VECTOR('',#3811,1.);
#3811 = DIRECTION('',(0.,0.,1.));
#3812 = PCURVE('',#984,#3813);
#3813 = DEFINITIONAL_REPRESENTATION('',(#3814),#3818);
#3814 = LINE('',#3815,#3816);
#3815 = CARTESIAN_POINT('',(27.,0.));
#3816 = VECTOR('',#3817,1.);
#3817 = DIRECTION('',(0.,-1.));
#3818 = ( GEOMETRIC_REPRESENTATION_CONTEXT(2) 
PARAMETRIC_REPRESENTATION_CONTEXT() REPRESENTATION_CONTEXT('2D SPACE',''
  ) );
#3819 = PCURVE('',#956,#3820);
#3820 = DEFINITIONAL_REPRESENTATION('',(#3821),#3825);
#3821 = LINE('',#3822,#3823);
#3822 = CARTESIAN_POINT('',(0.,0.));
#3823 = VECTOR('',#3824,1.);
#3824 = DIRECTION('',(0.,-1.));
#3825 = ( GEOMETRIC_REPRESENTATION_CONTEXT(2) 
PARAMETRIC_REPRESENTATION_CONTEXT() REPRESENTATION_CONTEXT('2D SPACE',''
  ) );
#3826 = ORIENTED_EDGE('',*,*,#968,.F.);
#3827 = ADVANCED_FACE('',(#3828),#956,.T.);
#3828 = FACE_BOUND('',#3829,.T.);
#3829 = EDGE_LOOP('',(#3830,#3831,#3858,#3879));
#3830 = ORIENTED_EDGE('',*,*,#3806,.T.);
#3831 = ORIENTED_EDGE('',*,*,#3832,.T.);
#3832 = EDGE_CURVE('',#3780,#3833,#3835,.T.);
#3833 = VERTEX_POINT('',#3834);
#3834 = CARTESIAN_POINT('',(-21.8,13.5,11.5));
#3835 = SURFACE_CURVE('',#3836,(#3840,#3847),.PCURVE_S1.);
#3836 = LINE('',#3837,#3838);
#3837 = CARTESIAN_POINT('',(-13.5,21.8,11.5));
#3838 = VECTOR('',#3839,1.);
#3839 = DIRECTION('',(-0.707106781187,-0.707106781187,0.));
#3840 = PCURVE('',#956,#3841);
#3841 = DEFINITIONAL_REPRESENTATION('',(#3842),#3846);
#3842 = LINE('',#3843,#3844);
#3843 = CARTESIAN_POINT('',(0.,-9.1));
#3844 = VECTOR('',#3845,1.);
#3845 = DIRECTION('',(1.,0.));
#3846 = ( GEOMETRIC_REPRESENTATION_CONTEXT(2) 
PARAMETRIC_REPRESENTATION_CONTEXT() REPRESENTATION_CONTEXT('2D SPACE',''
  ) );
#3847 = PCURVE('',#3848,#3853);
#3848 = B_SPLINE_SURFACE_WITH_KNOTS('',1,1,(
    (#3849,#3850)
    ,(#3851,#3852
    )),.UNSPECIFIED.,.F.,.F.,.F.,(2,2),(2,2),(0.,11.737972567697),(0.,1.
    ),.PIECEWISE_BEZIER_KNOTS.);
#3849 = CARTESIAN_POINT('',(-13.5,21.8,11.5));
#3850 = CARTESIAN_POINT('',(-10.6875,16.8,13.7));
#3851 = CARTESIAN_POINT('',(-21.8,13.5,11.5));
#3852 = CARTESIAN_POINT('',(-16.8,10.6875,13.7));
#3853 = DEFINITIONAL_REPRESENTATION('',(#3854),#3857);
#3854 = B_SPLINE_CURVE_WITH_KNOTS('',1,(#3855,#3856),.UNSPECIFIED.,.F.,
  .F.,(2,2),(0.,11.737972567697),.PIECEWISE_BEZIER_KNOTS.);
#3855 = CARTESIAN_POINT('',(0.,0.));
#3856 = CARTESIAN_POINT('',(11.737972567697,0.));
#3857 = ( GEOMETRIC_REPRESENTATION_CONTEXT(2) 
PARAMETRIC_REPRESENTATION_CONTEXT() REPRESENTATION_CONTEXT('2D SPACE',''
  ) );
#3858 = ORIENTED_EDGE('',*,*,#3859,.F.);
#3859 = EDGE_CURVE('',#913,#3833,#3860,.T.);
#3860 = SURFACE_CURVE('',#3861,(#3865,#3872),.PCURVE_S1.);
#3861 = LINE('',#3862,#3863);
#3862 = CARTESIAN_POINT('',(-21.8,13.5,2.4));
#3863 = VECTOR('',#3864,1.);
#3864 = DIRECTION('',(0.,0.,1.));
#3865 = PCURVE('',#956,#3866);
#3866 = DEFINITIONAL_REPRESENTATION('',(#3867),#3871);
#3867 = LINE('',#3868,#3869);
#3868 = CARTESIAN_POINT('',(11.737972567697,0.));
#3869 = VECTOR('',#3870,1.);
#3870 = DIRECTION('',(0.,-1.));
#3871 = ( GEOMETRIC_REPRESENTATION_CONTEXT(2) 
PARAMETRIC_REPRESENTATION_CONTEXT() REPRESENTATION_CONTEXT('2D SPACE',''
  ) );
#3872 = PCURVE('',#928,#3873);
#3873 = DEFINITIONAL_REPRESENTATION('',(#3874),#3878);
#3874 = LINE('',#3875,#3876);
#3875 = CARTESIAN_POINT('',(0.,0.));
#3876 = VECTOR('',#3877,1.);
#3877 = DIRECTION('',(0.,-1.));
#3878 = ( GEOMETRIC_REPRESENTATION_CONTEXT(2) 
PARAMETRIC_REPRESENTATION_CONTEXT() REPRESENTATION_CONTEXT('2D SPACE',''
  ) );
#3879 = ORIENTED_EDGE('',*,*,#940,.F.);
#3880 = ADVANCED_FACE('',(#3881),#928,.T.);
#3881 = FACE_BOUND('',#3882,.T.);
#3882 = EDGE_LOOP('',(#3883,#3884,#3911,#3932));
#3883 = ORIENTED_EDGE('',*,*,#3859,.T.);
#3884 = ORIENTED_EDGE('',*,*,#3885,.T.);
#3885 = EDGE_CURVE('',#3833,#3886,#3888,.T.);
#3886 = VERTEX_POINT('',#3887);
#3887 = CARTESIAN_POINT('',(-21.8,-13.5,11.5));
#3888 = SURFACE_CURVE('',#3889,(#3893,#3900),.PCURVE_S1.);
#3889 = LINE('',#3890,#3891);
#3890 = CARTESIAN_POINT('',(-21.8,13.5,11.5));
#3891 = VECTOR('',#3892,1.);
#3892 = DIRECTION('',(0.,-1.,0.));
#3893 = PCURVE('',#928,#3894);
#3894 = DEFINITIONAL_REPRESENTATION('',(#3895),#3899);
#3895 = LINE('',#3896,#3897);
#3896 = CARTESIAN_POINT('',(0.,-9.1));
#3897 = VECTOR('',#3898,1.);
#3898 = DIRECTION('',(1.,0.));
#3899 = ( GEOMETRIC_REPRESENTATION_CONTEXT(2) 
PARAMETRIC_REPRESENTATION_CONTEXT() REPRESENTATION_CONTEXT('2D SPACE',''
  ) );
#3900 = PCURVE('',#3901,#3906);
#3901 = B_SPLINE_SURFACE_WITH_KNOTS('',1,1,(
    (#3902,#3903)
    ,(#3904,#3905
    )),.UNSPECIFIED.,.F.,.F.,.F.,(2,2),(2,2),(0.,27.),(0.,1.),
  .PIECEWISE_BEZIER_KNOTS.);
#3902 = CARTESIAN_POINT('',(-21.8,13.5,11.5));
#3903 = CARTESIAN_POINT('',(-16.8,10.6875,13.7));
#3904 = CARTESIAN_POINT('',(-21.8,-13.5,11.5));
#3905 = CARTESIAN_POINT('',(-16.8,-10.6875,13.7));
#3906 = DEFINITIONAL_REPRESENTATION('',(#3907),#3910);
#3907 = B_SPLINE_CURVE_WITH_KNOTS('',1,(#3908,#3909),.UNSPECIFIED.,.F.,
  .F.,(2,2),(0.,27.),.PIECEWISE_BEZIER_KNOTS.);
#3908 = CARTESIAN_POINT('',(0.,0.));
#3909 = CARTESIAN_POINT('',(27.,0.));
#3910 = ( GEOMETRIC_REPRESENTATION_CONTEXT(2) 
PARAMETRIC_REPRESENTATION_CONTEXT() REPRESENTATION_CONTEXT('2D SPACE',''
  ) );
#3911 = ORIENTED_EDGE('',*,*,#3912,.F.);
#3912 = EDGE_CURVE('',#885,#3886,#3913,.T.);
#3913 = SURFACE_CURVE('',#3914,(#3918,#3925),.PCURVE_S1.);
#3914 = LINE('',#3915,#3916);
#3915 = CARTESIAN_POINT('',(-21.8,-13.5,2.4));
#3916 = VECTOR('',#3917,1.);
#3917 = DIRECTION('',(0.,0.,1.));
#3918 = PCURVE('',#928,#3919);
#3919 = DEFINITIONAL_REPRESENTATION('',(#3920),#3924);
#3920 = LINE('',#3921,#3922);
#3921 = CARTESIAN_POINT('',(27.,0.));
#3922 = VECTOR('',#3923,1.);
#3923 = DIRECTION('',(0.,-1.));
#3924 = ( GEOMETRIC_REPRESENTATION_CONTEXT(2) 
PARAMETRIC_REPRESENTATION_CONTEXT() REPRESENTATION_CONTEXT('2D SPACE',''
  ) );
#3925 = PCURVE('',#900,#3926);
#3926 = DEFINITIONAL_REPRESENTATION('',(#3927),#3931);
#3927 = LINE('',#3928,#3929);
#3928 = CARTESIAN_POINT('',(0.,0.));
#3929 = VECTOR('',#3930,1.);
#3930 = DIRECTION('',(0.,-1.));
#3931 = ( GEOMETRIC_REPRESENTATION_CONTEXT(2) 
PARAMETRIC_REPRESENTATION_CONTEXT() REPRESENTATION_CONTEXT('2D SPACE',''
  ) );
#3932 = ORIENTED_EDGE('',*,*,#912,.F.);
#3933 = ADVANCED_FACE('',(#3934),#900,.T.);
#3934 = FACE_BOUND('',#3935,.T.);
#3935 = EDGE_LOOP('',(#3936,#3937,#3962,#3963));
#3936 = ORIENTED_EDGE('',*,*,#3912,.T.);
#3937 = ORIENTED_EDGE('',*,*,#3938,.T.);
#3938 = EDGE_CURVE('',#3886,#3099,#3939,.T.);
#3939 = SURFACE_CURVE('',#3940,(#3944,#3951),.PCURVE_S1.);
#3940 = LINE('',#3941,#3942);
#3941 = CARTESIAN_POINT('',(-21.8,-13.5,11.5));
#3942 = VECTOR('',#3943,1.);
#3943 = DIRECTION('',(0.707106781187,-0.707106781187,0.));
#3944 = PCURVE('',#900,#3945);
#3945 = DEFINITIONAL_REPRESENTATION('',(#3946),#3950);
#3946 = LINE('',#3947,#3948);
#3947 = CARTESIAN_POINT('',(0.,-9.1));
#3948 = VECTOR('',#3949,1.);
#3949 = DIRECTION('',(1.,0.));
#3950 = ( GEOMETRIC_REPRESENTATION_CONTEXT(2) 
PARAMETRIC_REPRESENTATION_CONTEXT() REPRESENTATION_CONTEXT('2D SPACE',''
  ) );
#3951 = PCURVE('',#3952,#3957);
#3952 = B_SPLINE_SURFACE_WITH_KNOTS('',1,1,(
    (#3953,#3954)
    ,(#3955,#3956
    )),.UNSPECIFIED.,.F.,.F.,.F.,(2,2),(2,2),(0.,11.737972567697),(0.,1.
    ),.PIECEWISE_BEZIER_KNOTS.);
#3953 = CARTESIAN_POINT('',(-21.8,-13.5,11.5));
#3954 = CARTESIAN_POINT('',(-16.8,-10.6875,13.7));
#3955 = CARTESIAN_POINT('',(-13.5,-21.8,11.5));
#3956 = CARTESIAN_POINT('',(-10.6875,-16.8,13.7));
#3957 = DEFINITIONAL_REPRESENTATION('',(#3958),#3961);
#3958 = B_SPLINE_CURVE_WITH_KNOTS('',1,(#3959,#3960),.UNSPECIFIED.,.F.,
  .F.,(2,2),(0.,11.737972567697),.PIECEWISE_BEZIER_KNOTS.);
#3959 = CARTESIAN_POINT('',(0.,0.));
#3960 = CARTESIAN_POINT('',(11.737972567697,0.));
#3961 = ( GEOMETRIC_REPRESENTATION_CONTEXT(2) 
PARAMETRIC_REPRESENTATION_CONTEXT() REPRESENTATION_CONTEXT('2D SPACE',''
  ) );
#3962 = ORIENTED_EDGE('',*,*,#3098,.F.);
#3963 = ORIENTED_EDGE('',*,*,#884,.F.);
#3964 = ADVANCED_FACE('',(#3965),#1312,.F.);
#3965 = FACE_BOUND('',#3966,.F.);
#3966 = EDGE_LOOP('',(#3967,#3968,#3991,#4012));
#3967 = ORIENTED_EDGE('',*,*,#1294,.F.);
#3968 = ORIENTED_EDGE('',*,*,#3969,.T.);
#3969 = EDGE_CURVE('',#1295,#3970,#3972,.T.);
#3970 = VERTEX_POINT('',#3971);
#3971 = CARTESIAN_POINT('',(33.55328820132,-7.282308377823,12.7));
#3972 = SURFACE_CURVE('',#3973,(#3977,#3984),.PCURVE_S1.);
#3973 = LINE('',#3974,#3975);
#3974 = CARTESIAN_POINT('',(33.55328820132,-7.282308377823,2.4));
#3975 = VECTOR('',#3976,1.);
#3976 = DIRECTION('',(0.,0.,1.));
#3977 = PCURVE('',#1312,#3978);
#3978 = DEFINITIONAL_REPRESENTATION('',(#3979),#3983);
#3979 = LINE('',#3980,#3981);
#3980 = CARTESIAN_POINT('',(1.152487293125,-2.));
#3981 = VECTOR('',#3982,1.);
#3982 = DIRECTION('',(0.,-1.));
#3983 = ( GEOMETRIC_REPRESENTATION_CONTEXT(2) 
PARAMETRIC_REPRESENTATION_CONTEXT() REPRESENTATION_CONTEXT('2D SPACE',''
  ) );
#3984 = PCURVE('',#1518,#3985);
#3985 = DEFINITIONAL_REPRESENTATION('',(#3986),#3990);
#3986 = LINE('',#3987,#3988);
#3987 = CARTESIAN_POINT('',(-1.139010441691,0.));
#3988 = VECTOR('',#3989,1.);
#3989 = DIRECTION('',(-0.,1.));
#3990 = ( GEOMETRIC_REPRESENTATION_CONTEXT(2) 
PARAMETRIC_REPRESENTATION_CONTEXT() REPRESENTATION_CONTEXT('2D SPACE',''
  ) );
#3991 = ORIENTED_EDGE('',*,*,#3992,.T.);
#3992 = EDGE_CURVE('',#3970,#3993,#3995,.T.);
#3993 = VERTEX_POINT('',#3994);
#3994 = CARTESIAN_POINT('',(26.95328820132,-10.32348484841,12.7));
#3995 = SURFACE_CURVE('',#3996,(#4000,#4006),.PCURVE_S1.);
#3996 = LINE('',#3997,#3998);
#3997 = CARTESIAN_POINT('',(33.004796353229,-7.53504481763,12.7));
#3998 = VECTOR('',#3999,1.);
#3999 = DIRECTION('',(-0.908219817194,-0.418493445178,0.));
#4000 = PCURVE('',#1312,#4001);
#4001 = DEFINITIONAL_REPRESENTATION('',(#4002),#4005);
#4002 = B_SPLINE_CURVE_WITH_KNOTS('',1,(#4003,#4004),.UNSPECIFIED.,.F.,
  .F.,(2,2),(-1.756407002547,9.474354325164),.PIECEWISE_BEZIER_KNOTS.);
#4003 = CARTESIAN_POINT('',(0.,-12.3));
#4004 = CARTESIAN_POINT('',(11.230761327711,-12.3));
#4005 = ( GEOMETRIC_REPRESENTATION_CONTEXT(2) 
PARAMETRIC_REPRESENTATION_CONTEXT() REPRESENTATION_CONTEXT('2D SPACE',''
  ) );
#4006 = PCURVE('',#2454,#4007);
#4007 = DEFINITIONAL_REPRESENTATION('',(#4008),#4011);
#4008 = B_SPLINE_CURVE_WITH_KNOTS('',1,(#4009,#4010),.UNSPECIFIED.,.F.,
  .F.,(2,2),(-1.756407002547,9.474354325164),.PIECEWISE_BEZIER_KNOTS.);
#4009 = CARTESIAN_POINT('',(-7.001134870573,-6.8));
#4010 = CARTESIAN_POINT('',(3.198865129427,-11.5));
#4011 = ( GEOMETRIC_REPRESENTATION_CONTEXT(2) 
PARAMETRIC_REPRESENTATION_CONTEXT() REPRESENTATION_CONTEXT('2D SPACE',''
  ) );
#4012 = ORIENTED_EDGE('',*,*,#4013,.F.);
#4013 = EDGE_CURVE('',#1297,#3993,#4014,.T.);
#4014 = SURFACE_CURVE('',#4015,(#4019,#4026),.PCURVE_S1.);
#4015 = LINE('',#4016,#4017);
#4016 = CARTESIAN_POINT('',(26.95328820132,-10.32348484841,2.4));
#4017 = VECTOR('',#4018,1.);
#4018 = DIRECTION('',(0.,0.,1.));
#4019 = PCURVE('',#1312,#4020);
#4020 = DEFINITIONAL_REPRESENTATION('',(#4021),#4025);
#4021 = LINE('',#4022,#4023);
#4022 = CARTESIAN_POINT('',(8.419450505173,-2.));
#4023 = VECTOR('',#4024,1.);
#4024 = DIRECTION('',(0.,-1.));
#4025 = ( GEOMETRIC_REPRESENTATION_CONTEXT(2) 
PARAMETRIC_REPRESENTATION_CONTEXT() REPRESENTATION_CONTEXT('2D SPACE',''
  ) );
#4026 = PCURVE('',#1344,#4027);
#4027 = DEFINITIONAL_REPRESENTATION('',(#4028),#4032);
#4028 = LINE('',#4029,#4030);
#4029 = CARTESIAN_POINT('',(-0.,0.));
#4030 = VECTOR('',#4031,1.);
#4031 = DIRECTION('',(-0.,1.));
#4032 = ( GEOMETRIC_REPRESENTATION_CONTEXT(2) 
PARAMETRIC_REPRESENTATION_CONTEXT() REPRESENTATION_CONTEXT('2D SPACE',''
  ) );
#4033 = ADVANCED_FACE('',(#4034),#1518,.F.);
#4034 = FACE_BOUND('',#4035,.T.);
#4035 = EDGE_LOOP('',(#4036,#4037,#4038,#4062));
#4036 = ORIENTED_EDGE('',*,*,#1499,.T.);
#4037 = ORIENTED_EDGE('',*,*,#3969,.T.);
#4038 = ORIENTED_EDGE('',*,*,#4039,.F.);
#4039 = EDGE_CURVE('',#4040,#3970,#4042,.T.);
#4040 = VERTEX_POINT('',#4041);
#4041 = CARTESIAN_POINT('',(34.6,-5.647512706875,12.7));
#4042 = SURFACE_CURVE('',#4043,(#4048,#4055),.PCURVE_S1.);
#4043 = CIRCLE('',#4044,1.8);
#4044 = AXIS2_PLACEMENT_3D('',#4045,#4046,#4047);
#4045 = CARTESIAN_POINT('',(32.8,-5.647512706875,12.7));
#4046 = DIRECTION('',(-0.,-0.,-1.));
#4047 = DIRECTION('',(0.,-1.,0.));
#4048 = PCURVE('',#1518,#4049);
#4049 = DEFINITIONAL_REPRESENTATION('',(#4050),#4054);
#4050 = LINE('',#4051,#4052);
#4051 = CARTESIAN_POINT('',(4.712388980385,10.3));
#4052 = VECTOR('',#4053,1.);
#4053 = DIRECTION('',(-1.,0.));
#4054 = ( GEOMETRIC_REPRESENTATION_CONTEXT(2) 
PARAMETRIC_REPRESENTATION_CONTEXT() REPRESENTATION_CONTEXT('2D SPACE',''
  ) );
#4055 = PCURVE('',#2454,#4056);
#4056 = DEFINITIONAL_REPRESENTATION('',(#4057),#4061);
#4057 = CIRCLE('',#4058,1.8);
#4058 = AXIS2_PLACEMENT_2D('',#4059,#4060);
#4059 = CARTESIAN_POINT('',(-5.201134870573,-5.647512706875));
#4060 = DIRECTION('',(0.,-1.));
#4061 = ( GEOMETRIC_REPRESENTATION_CONTEXT(2) 
PARAMETRIC_REPRESENTATION_CONTEXT() REPRESENTATION_CONTEXT('2D SPACE',''
  ) );
#4062 = ORIENTED_EDGE('',*,*,#4063,.F.);
#4063 = EDGE_CURVE('',#1473,#4040,#4064,.T.);
#4064 = SURFACE_CURVE('',#4065,(#4069,#4076),.PCURVE_S1.);
#4065 = LINE('',#4066,#4067);
#4066 = CARTESIAN_POINT('',(34.6,-5.647512706875,2.4));
#4067 = VECTOR('',#4068,1.);
#4068 = DIRECTION('',(0.,0.,1.));
#4069 = PCURVE('',#1518,#4070);
#4070 = DEFINITIONAL_REPRESENTATION('',(#4071),#4075);
#4071 = LINE('',#4072,#4073);
#4072 = CARTESIAN_POINT('',(-0.,0.));
#4073 = VECTOR('',#4074,1.);
#4074 = DIRECTION('',(-0.,1.));
#4075 = ( GEOMETRIC_REPRESENTATION_CONTEXT(2) 
PARAMETRIC_REPRESENTATION_CONTEXT() REPRESENTATION_CONTEXT('2D SPACE',''
  ) );
#4076 = PCURVE('',#1488,#4077);
#4077 = DEFINITIONAL_REPRESENTATION('',(#4078),#4082);
#4078 = LINE('',#4079,#4080);
#4079 = CARTESIAN_POINT('',(12.447512706875,-2.));
#4080 = VECTOR('',#4081,1.);
#4081 = DIRECTION('',(0.,-1.));
#4082 = ( GEOMETRIC_REPRESENTATION_CONTEXT(2) 
PARAMETRIC_REPRESENTATION_CONTEXT() REPRESENTATION_CONTEXT('2D SPACE',''
  ) );
#4083 = ADVANCED_FACE('',(#4084),#1344,.F.);
#4084 = FACE_BOUND('',#4085,.T.);
#4085 = EDGE_LOOP('',(#4086,#4087,#4110,#4132));
#4086 = ORIENTED_EDGE('',*,*,#1323,.T.);
#4087 = ORIENTED_EDGE('',*,*,#4088,.T.);
#4088 = EDGE_CURVE('',#1324,#4089,#4091,.T.);
#4089 = VERTEX_POINT('',#4090);
#4090 = CARTESIAN_POINT('',(24.4,-8.688689177463,12.7));
#4091 = SURFACE_CURVE('',#4092,(#4096,#4103),.PCURVE_S1.);
#4092 = LINE('',#4093,#4094);
#4093 = CARTESIAN_POINT('',(24.4,-8.688689177463,2.4));
#4094 = VECTOR('',#4095,1.);
#4095 = DIRECTION('',(0.,0.,1.));
#4096 = PCURVE('',#1344,#4097);
#4097 = DEFINITIONAL_REPRESENTATION('',(#4098),#4102);
#4098 = LINE('',#4099,#4100);
#4099 = CARTESIAN_POINT('',(-2.002582211898,0.));
#4100 = VECTOR('',#4101,1.);
#4101 = DIRECTION('',(-0.,1.));
#4102 = ( GEOMETRIC_REPRESENTATION_CONTEXT(2) 
PARAMETRIC_REPRESENTATION_CONTEXT() REPRESENTATION_CONTEXT('2D SPACE',''
  ) );
#4103 = PCURVE('',#1372,#4104);
#4104 = DEFINITIONAL_REPRESENTATION('',(#4105),#4109);
#4105 = LINE('',#4106,#4107);
#4106 = CARTESIAN_POINT('',(2.811310822537,-2.));
#4107 = VECTOR('',#4108,1.);
#4108 = DIRECTION('',(0.,-1.));
#4109 = ( GEOMETRIC_REPRESENTATION_CONTEXT(2) 
PARAMETRIC_REPRESENTATION_CONTEXT() REPRESENTATION_CONTEXT('2D SPACE',''
  ) );
#4110 = ORIENTED_EDGE('',*,*,#4111,.F.);
#4111 = EDGE_CURVE('',#3993,#4089,#4112,.T.);
#4112 = SURFACE_CURVE('',#4113,(#4118,#4125),.PCURVE_S1.);
#4113 = CIRCLE('',#4114,1.8);
#4114 = AXIS2_PLACEMENT_3D('',#4115,#4116,#4117);
#4115 = CARTESIAN_POINT('',(26.2,-8.688689177463,12.7));
#4116 = DIRECTION('',(-0.,-0.,-1.));
#4117 = DIRECTION('',(0.,-1.,0.));
#4118 = PCURVE('',#1344,#4119);
#4119 = DEFINITIONAL_REPRESENTATION('',(#4120),#4124);
#4120 = LINE('',#4121,#4122);
#4121 = CARTESIAN_POINT('',(5.851399422076,10.3));
#4122 = VECTOR('',#4123,1.);
#4123 = DIRECTION('',(-1.,0.));
#4124 = ( GEOMETRIC_REPRESENTATION_CONTEXT(2) 
PARAMETRIC_REPRESENTATION_CONTEXT() REPRESENTATION_CONTEXT('2D SPACE',''
  ) );
#4125 = PCURVE('',#2454,#4126);
#4126 = DEFINITIONAL_REPRESENTATION('',(#4127),#4131);
#4127 = CIRCLE('',#4128,1.8);
#4128 = AXIS2_PLACEMENT_2D('',#4129,#4130);
#4129 = CARTESIAN_POINT('',(1.398865129427,-8.688689177463));
#4130 = DIRECTION('',(0.,-1.));
#4131 = ( GEOMETRIC_REPRESENTATION_CONTEXT(2) 
PARAMETRIC_REPRESENTATION_CONTEXT() REPRESENTATION_CONTEXT('2D SPACE',''
  ) );
#4132 = ORIENTED_EDGE('',*,*,#4013,.F.);
#4133 = ADVANCED_FACE('',(#4134),#1488,.F.);
#4134 = FACE_BOUND('',#4135,.F.);
#4135 = EDGE_LOOP('',(#4136,#4137,#4160,#4179));
#4136 = ORIENTED_EDGE('',*,*,#1472,.F.);
#4137 = ORIENTED_EDGE('',*,*,#4138,.T.);
#4138 = EDGE_CURVE('',#1440,#4139,#4141,.T.);
#4139 = VERTEX_POINT('',#4140);
#4140 = CARTESIAN_POINT('',(34.6,5.647512706875,12.7));
#4141 = SURFACE_CURVE('',#4142,(#4146,#4153),.PCURVE_S1.);
#4142 = LINE('',#4143,#4144);
#4143 = CARTESIAN_POINT('',(34.6,5.647512706875,2.4));
#4144 = VECTOR('',#4145,1.);
#4145 = DIRECTION('',(0.,0.,1.));
#4146 = PCURVE('',#1488,#4147);
#4147 = DEFINITIONAL_REPRESENTATION('',(#4148),#4152);
#4148 = LINE('',#4149,#4150);
#4149 = CARTESIAN_POINT('',(1.152487293125,-2.));
#4150 = VECTOR('',#4151,1.);
#4151 = DIRECTION('',(0.,-1.));
#4152 = ( GEOMETRIC_REPRESENTATION_CONTEXT(2) 
PARAMETRIC_REPRESENTATION_CONTEXT() REPRESENTATION_CONTEXT('2D SPACE',''
  ) );
#4153 = PCURVE('',#1460,#4154);
#4154 = DEFINITIONAL_REPRESENTATION('',(#4155),#4159);
#4155 = LINE('',#4156,#4157);
#4156 = CARTESIAN_POINT('',(-1.139010441691,0.));
#4157 = VECTOR('',#4158,1.);
#4158 = DIRECTION('',(-0.,1.));
#4159 = ( GEOMETRIC_REPRESENTATION_CONTEXT(2) 
PARAMETRIC_REPRESENTATION_CONTEXT() REPRESENTATION_CONTEXT('2D SPACE',''
  ) );
#4160 = ORIENTED_EDGE('',*,*,#4161,.T.);
#4161 = EDGE_CURVE('',#4139,#4040,#4162,.T.);
#4162 = SURFACE_CURVE('',#4163,(#4167,#4173),.PCURVE_S1.);
#4163 = LINE('',#4164,#4165);
#4164 = CARTESIAN_POINT('',(34.6,3.4,12.7));
#4165 = VECTOR('',#4166,1.);
#4166 = DIRECTION('',(0.,-1.,0.));
#4167 = PCURVE('',#1488,#4168);
#4168 = DEFINITIONAL_REPRESENTATION('',(#4169),#4172);
#4169 = B_SPLINE_CURVE_WITH_KNOTS('',1,(#4170,#4171),.UNSPECIFIED.,.F.,
  .F.,(2,2),(-3.4,10.2),.PIECEWISE_BEZIER_KNOTS.);
#4170 = CARTESIAN_POINT('',(0.,-12.3));
#4171 = CARTESIAN_POINT('',(13.6,-12.3));
#4172 = ( GEOMETRIC_REPRESENTATION_CONTEXT(2) 
PARAMETRIC_REPRESENTATION_CONTEXT() REPRESENTATION_CONTEXT('2D SPACE',''
  ) );
#4173 = PCURVE('',#2454,#4174);
#4174 = DEFINITIONAL_REPRESENTATION('',(#4175),#4178);
#4175 = B_SPLINE_CURVE_WITH_KNOTS('',1,(#4176,#4177),.UNSPECIFIED.,.F.,
  .F.,(2,2),(-3.4,10.2),.PIECEWISE_BEZIER_KNOTS.);
#4176 = CARTESIAN_POINT('',(-7.001134870573,6.8));
#4177 = CARTESIAN_POINT('',(-7.001134870573,-6.8));
#4178 = ( GEOMETRIC_REPRESENTATION_CONTEXT(2) 
PARAMETRIC_REPRESENTATION_CONTEXT() REPRESENTATION_CONTEXT('2D SPACE',''
  ) );
#4179 = ORIENTED_EDGE('',*,*,#4063,.F.);
#4180 = ADVANCED_FACE('',(#4181),#1372,.F.);
#4181 = FACE_BOUND('',#4182,.F.);
#4182 = EDGE_LOOP('',(#4183,#4184,#4185,#4206));
#4183 = ORIENTED_EDGE('',*,*,#1356,.F.);
#4184 = ORIENTED_EDGE('',*,*,#4088,.T.);
#4185 = ORIENTED_EDGE('',*,*,#4186,.T.);
#4186 = EDGE_CURVE('',#4089,#4187,#4189,.T.);
#4187 = VERTEX_POINT('',#4188);
#4188 = CARTESIAN_POINT('',(24.4,8.688689177463,12.7));
#4189 = SURFACE_CURVE('',#4190,(#4194,#4200),.PCURVE_S1.);
#4190 = LINE('',#4191,#4192);
#4191 = CARTESIAN_POINT('',(24.4,-5.75,12.7));
#4192 = VECTOR('',#4193,1.);
#4193 = DIRECTION('',(0.,1.,-0.));
#4194 = PCURVE('',#1372,#4195);
#4195 = DEFINITIONAL_REPRESENTATION('',(#4196),#4199);
#4196 = B_SPLINE_CURVE_WITH_KNOTS('',1,(#4197,#4198),.UNSPECIFIED.,.F.,
  .F.,(2,2),(-5.75,17.25),.PIECEWISE_BEZIER_KNOTS.);
#4197 = CARTESIAN_POINT('',(0.,-12.3));
#4198 = CARTESIAN_POINT('',(23.,-12.3));
#4199 = ( GEOMETRIC_REPRESENTATION_CONTEXT(2) 
PARAMETRIC_REPRESENTATION_CONTEXT() REPRESENTATION_CONTEXT('2D SPACE',''
  ) );
#4200 = PCURVE('',#2454,#4201);
#4201 = DEFINITIONAL_REPRESENTATION('',(#4202),#4205);
#4202 = B_SPLINE_CURVE_WITH_KNOTS('',1,(#4203,#4204),.UNSPECIFIED.,.F.,
  .F.,(2,2),(-5.75,17.25),.PIECEWISE_BEZIER_KNOTS.);
#4203 = CARTESIAN_POINT('',(3.198865129427,-11.5));
#4204 = CARTESIAN_POINT('',(3.198865129427,11.5));
#4205 = ( GEOMETRIC_REPRESENTATION_CONTEXT(2) 
PARAMETRIC_REPRESENTATION_CONTEXT() REPRESENTATION_CONTEXT('2D SPACE',''
  ) );
#4206 = ORIENTED_EDGE('',*,*,#4207,.F.);
#4207 = EDGE_CURVE('',#1357,#4187,#4208,.T.);
#4208 = SURFACE_CURVE('',#4209,(#4213,#4220),.PCURVE_S1.);
#4209 = LINE('',#4210,#4211);
#4210 = CARTESIAN_POINT('',(24.4,8.688689177463,2.4));
#4211 = VECTOR('',#4212,1.);
#4212 = DIRECTION('',(0.,0.,1.));
#4213 = PCURVE('',#1372,#4214);
#4214 = DEFINITIONAL_REPRESENTATION('',(#4215),#4219);
#4215 = LINE('',#4216,#4217);
#4216 = CARTESIAN_POINT('',(20.188689177463,-2.));
#4217 = VECTOR('',#4218,1.);
#4218 = DIRECTION('',(0.,-1.));
#4219 = ( GEOMETRIC_REPRESENTATION_CONTEXT(2) 
PARAMETRIC_REPRESENTATION_CONTEXT() REPRESENTATION_CONTEXT('2D SPACE',''
  ) );
#4220 = PCURVE('',#1400,#4221);
#4221 = DEFINITIONAL_REPRESENTATION('',(#4222),#4226);
#4222 = LINE('',#4223,#4224);
#4223 = CARTESIAN_POINT('',(2.002582211898,0.));
#4224 = VECTOR('',#4225,1.);
#4225 = DIRECTION('',(0.,1.));
#4226 = ( GEOMETRIC_REPRESENTATION_CONTEXT(2) 
PARAMETRIC_REPRESENTATION_CONTEXT() REPRESENTATION_CONTEXT('2D SPACE',''
  ) );
#4227 = ADVANCED_FACE('',(#4228),#1460,.F.);
#4228 = FACE_BOUND('',#4229,.T.);
#4229 = EDGE_LOOP('',(#4230,#4231,#4232,#4256));
#4230 = ORIENTED_EDGE('',*,*,#1439,.T.);
#4231 = ORIENTED_EDGE('',*,*,#4138,.T.);
#4232 = ORIENTED_EDGE('',*,*,#4233,.F.);
#4233 = EDGE_CURVE('',#4234,#4139,#4236,.T.);
#4234 = VERTEX_POINT('',#4235);
#4235 = CARTESIAN_POINT('',(33.55328820132,7.282308377823,12.7));
#4236 = SURFACE_CURVE('',#4237,(#4242,#4249),.PCURVE_S1.);
#4237 = CIRCLE('',#4238,1.8);
#4238 = AXIS2_PLACEMENT_3D('',#4239,#4240,#4241);
#4239 = CARTESIAN_POINT('',(32.8,5.647512706875,12.7));
#4240 = DIRECTION('',(-0.,-0.,-1.));
#4241 = DIRECTION('',(0.,-1.,0.));
#4242 = PCURVE('',#1460,#4243);
#4243 = DEFINITIONAL_REPRESENTATION('',(#4244),#4248);
#4244 = LINE('',#4245,#4246);
#4245 = CARTESIAN_POINT('',(3.573378538693,10.3));
#4246 = VECTOR('',#4247,1.);
#4247 = DIRECTION('',(-1.,0.));
#4248 = ( GEOMETRIC_REPRESENTATION_CONTEXT(2) 
PARAMETRIC_REPRESENTATION_CONTEXT() REPRESENTATION_CONTEXT('2D SPACE',''
  ) );
#4249 = PCURVE('',#2454,#4250);
#4250 = DEFINITIONAL_REPRESENTATION('',(#4251),#4255);
#4251 = CIRCLE('',#4252,1.8);
#4252 = AXIS2_PLACEMENT_2D('',#4253,#4254);
#4253 = CARTESIAN_POINT('',(-5.201134870573,5.647512706875));
#4254 = DIRECTION('',(0.,-1.));
#4255 = ( GEOMETRIC_REPRESENTATION_CONTEXT(2) 
PARAMETRIC_REPRESENTATION_CONTEXT() REPRESENTATION_CONTEXT('2D SPACE',''
  ) );
#4256 = ORIENTED_EDGE('',*,*,#4257,.F.);
#4257 = EDGE_CURVE('',#1413,#4234,#4258,.T.);
#4258 = SURFACE_CURVE('',#4259,(#4263,#4270),.PCURVE_S1.);
#4259 = LINE('',#4260,#4261);
#4260 = CARTESIAN_POINT('',(33.55328820132,7.282308377823,2.4));
#4261 = VECTOR('',#4262,1.);
#4262 = DIRECTION('',(0.,0.,1.));
#4263 = PCURVE('',#1460,#4264);
#4264 = DEFINITIONAL_REPRESENTATION('',(#4265),#4269);
#4265 = LINE('',#4266,#4267);
#4266 = CARTESIAN_POINT('',(-0.,0.));
#4267 = VECTOR('',#4268,1.);
#4268 = DIRECTION('',(-0.,1.));
#4269 = ( GEOMETRIC_REPRESENTATION_CONTEXT(2) 
PARAMETRIC_REPRESENTATION_CONTEXT() REPRESENTATION_CONTEXT('2D SPACE',''
  ) );
#4270 = PCURVE('',#1428,#4271);
#4271 = DEFINITIONAL_REPRESENTATION('',(#4272),#4276);
#4272 = LINE('',#4273,#4274);
#4273 = CARTESIAN_POINT('',(10.078274034585,-2.));
#4274 = VECTOR('',#4275,1.);
#4275 = DIRECTION('',(0.,-1.));
#4276 = ( GEOMETRIC_REPRESENTATION_CONTEXT(2) 
PARAMETRIC_REPRESENTATION_CONTEXT() REPRESENTATION_CONTEXT('2D SPACE',''
  ) );
#4277 = ADVANCED_FACE('',(#4278),#1400,.F.);
#4278 = FACE_BOUND('',#4279,.F.);
#4279 = EDGE_LOOP('',(#4280,#4281,#4282,#4310));
#4280 = ORIENTED_EDGE('',*,*,#1383,.T.);
#4281 = ORIENTED_EDGE('',*,*,#4207,.T.);
#4282 = ORIENTED_EDGE('',*,*,#4283,.F.);
#4283 = EDGE_CURVE('',#4284,#4187,#4286,.T.);
#4284 = VERTEX_POINT('',#4285);
#4285 = CARTESIAN_POINT('',(26.95328820132,10.323484848412,12.7));
#4286 = SURFACE_CURVE('',#4287,(#4292,#4299),.PCURVE_S1.);
#4287 = CIRCLE('',#4288,1.8);
#4288 = AXIS2_PLACEMENT_3D('',#4289,#4290,#4291);
#4289 = CARTESIAN_POINT('',(26.2,8.688689177463,12.7));
#4290 = DIRECTION('',(0.,0.,1.));
#4291 = DIRECTION('',(0.,-1.,0.));
#4292 = PCURVE('',#1400,#4293);
#4293 = DEFINITIONAL_REPRESENTATION('',(#4294),#4298);
#4294 = LINE('',#4295,#4296);
#4295 = CARTESIAN_POINT('',(-2.709806768486,10.3));
#4296 = VECTOR('',#4297,1.);
#4297 = DIRECTION('',(1.,0.));
#4298 = ( GEOMETRIC_REPRESENTATION_CONTEXT(2) 
PARAMETRIC_REPRESENTATION_CONTEXT() REPRESENTATION_CONTEXT('2D SPACE',''
  ) );
#4299 = PCURVE('',#2454,#4300);
#4300 = DEFINITIONAL_REPRESENTATION('',(#4301),#4309);
#4301 = ( BOUNDED_CURVE() B_SPLINE_CURVE(2,(#4302,#4303,#4304,#4305,
#4306,#4307,#4308),.UNSPECIFIED.,.T.,.F.) B_SPLINE_CURVE_WITH_KNOTS((1,2
    ,2,2,2,1),(-2.094395102393,0.,2.094395102393,4.188790204786,
6.28318530718,8.377580409573),.UNSPECIFIED.) CURVE() 
GEOMETRIC_REPRESENTATION_ITEM() RATIONAL_B_SPLINE_CURVE((1.,0.5,1.,0.5,
1.,0.5,1.)) REPRESENTATION_ITEM('') );
#4302 = CARTESIAN_POINT('',(1.398865129427,6.888689177463));
#4303 = CARTESIAN_POINT('',(-1.718826324197,6.888689177463));
#4304 = CARTESIAN_POINT('',(-0.159980597385,9.588689177463));
#4305 = CARTESIAN_POINT('',(1.398865129427,12.288689177463));
#4306 = CARTESIAN_POINT('',(2.957710856239,9.588689177463));
#4307 = CARTESIAN_POINT('',(4.516556583051,6.888689177463));
#4308 = CARTESIAN_POINT('',(1.398865129427,6.888689177463));
#4309 = ( GEOMETRIC_REPRESENTATION_CONTEXT(2) 
PARAMETRIC_REPRESENTATION_CONTEXT() REPRESENTATION_CONTEXT('2D SPACE',''
  ) );
#4310 = ORIENTED_EDGE('',*,*,#4311,.F.);
#4311 = EDGE_CURVE('',#1384,#4284,#4312,.T.);
#4312 = SURFACE_CURVE('',#4313,(#4317,#4324),.PCURVE_S1.);
#4313 = LINE('',#4314,#4315);
#4314 = CARTESIAN_POINT('',(26.95328820132,10.323484848412,2.4));
#4315 = VECTOR('',#4316,1.);
#4316 = DIRECTION('',(0.,0.,1.));
#4317 = PCURVE('',#1400,#4318);
#4318 = DEFINITIONAL_REPRESENTATION('',(#4319),#4323);
#4319 = LINE('',#4320,#4321);
#4320 = CARTESIAN_POINT('',(0.,0.));
#4321 = VECTOR('',#4322,1.);
#4322 = DIRECTION('',(0.,1.));
#4323 = ( GEOMETRIC_REPRESENTATION_CONTEXT(2) 
PARAMETRIC_REPRESENTATION_CONTEXT() REPRESENTATION_CONTEXT('2D SPACE',''
  ) );
#4324 = PCURVE('',#1428,#4325);
#4325 = DEFINITIONAL_REPRESENTATION('',(#4326),#4330);
#4326 = LINE('',#4327,#4328);
#4327 = CARTESIAN_POINT('',(2.811310822537,-2.));
#4328 = VECTOR('',#4329,1.);
#4329 = DIRECTION('',(0.,-1.));
#4330 = ( GEOMETRIC_REPRESENTATION_CONTEXT(2) 
PARAMETRIC_REPRESENTATION_CONTEXT() REPRESENTATION_CONTEXT('2D SPACE',''
  ) );
#4331 = ADVANCED_FACE('',(#4332),#1428,.F.);
#4332 = FACE_BOUND('',#4333,.F.);
#4333 = EDGE_LOOP('',(#4334,#4335,#4336,#4355));
#4334 = ORIENTED_EDGE('',*,*,#1412,.F.);
#4335 = ORIENTED_EDGE('',*,*,#4311,.T.);
#4336 = ORIENTED_EDGE('',*,*,#4337,.T.);
#4337 = EDGE_CURVE('',#4284,#4234,#4338,.T.);
#4338 = SURFACE_CURVE('',#4339,(#4343,#4349),.PCURVE_S1.);
#4339 = LINE('',#4340,#4341);
#4340 = CARTESIAN_POINT('',(27.904796353229,9.88504481763,12.7));
#4341 = VECTOR('',#4342,1.);
#4342 = DIRECTION('',(0.908219817194,-0.418493445178,0.));
#4343 = PCURVE('',#1428,#4344);
#4344 = DEFINITIONAL_REPRESENTATION('',(#4345),#4348);
#4345 = B_SPLINE_CURVE_WITH_KNOTS('',1,(#4346,#4347),.UNSPECIFIED.,.F.,
  .F.,(2,2),(-3.858973661308,7.371787666402),.PIECEWISE_BEZIER_KNOTS.);
#4346 = CARTESIAN_POINT('',(0.,-12.3));
#4347 = CARTESIAN_POINT('',(11.230761327711,-12.3));
#4348 = ( GEOMETRIC_REPRESENTATION_CONTEXT(2) 
PARAMETRIC_REPRESENTATION_CONTEXT() REPRESENTATION_CONTEXT('2D SPACE',''
  ) );
#4349 = PCURVE('',#2454,#4350);
#4350 = DEFINITIONAL_REPRESENTATION('',(#4351),#4354);
#4351 = B_SPLINE_CURVE_WITH_KNOTS('',1,(#4352,#4353),.UNSPECIFIED.,.F.,
  .F.,(2,2),(-3.858973661308,7.371787666402),.PIECEWISE_BEZIER_KNOTS.);
#4352 = CARTESIAN_POINT('',(3.198865129427,11.5));
#4353 = CARTESIAN_POINT('',(-7.001134870573,6.8));
#4354 = ( GEOMETRIC_REPRESENTATION_CONTEXT(2) 
PARAMETRIC_REPRESENTATION_CONTEXT() REPRESENTATION_CONTEXT('2D SPACE',''
  ) );
#4355 = ORIENTED_EDGE('',*,*,#4257,.F.);
#4356 = ADVANCED_FACE('',(#4357),#1570,.T.);
#4357 = FACE_BOUND('',#4358,.T.);
#4358 = EDGE_LOOP('',(#4359,#4360,#4361,#4383));
#4359 = ORIENTED_EDGE('',*,*,#1556,.T.);
#4360 = ORIENTED_EDGE('',*,*,#1695,.T.);
#4361 = ORIENTED_EDGE('',*,*,#4362,.F.);
#4362 = EDGE_CURVE('',#4363,#1669,#4365,.T.);
#4363 = VERTEX_POINT('',#4364);
#4364 = CARTESIAN_POINT('',(-19.,-10.6875,16.5));
#4365 = SURFACE_CURVE('',#4366,(#4370,#4376),.PCURVE_S1.);
#4366 = LINE('',#4367,#4368);
#4367 = CARTESIAN_POINT('',(-19.,-10.6875,16.5));
#4368 = VECTOR('',#4369,1.);
#4369 = DIRECTION('',(0.707106781187,-0.707106781187,0.));
#4370 = PCURVE('',#1570,#4371);
#4371 = DEFINITIONAL_REPRESENTATION('',(#4372),#4375);
#4372 = B_SPLINE_CURVE_WITH_KNOTS('',1,(#4373,#4374),.UNSPECIFIED.,.F.,
  .F.,(2,2),(0.,11.755650237226),.PIECEWISE_BEZIER_KNOTS.);
#4373 = CARTESIAN_POINT('',(0.,1.));
#4374 = CARTESIAN_POINT('',(14.849242404917,1.));
#4375 = ( GEOMETRIC_REPRESENTATION_CONTEXT(2) 
PARAMETRIC_REPRESENTATION_CONTEXT() REPRESENTATION_CONTEXT('2D SPACE',''
  ) );
#4376 = PCURVE('',#1683,#4377);
#4377 = DEFINITIONAL_REPRESENTATION('',(#4378),#4382);
#4378 = LINE('',#4379,#4380);
#4379 = CARTESIAN_POINT('',(3.169675097902,-11.32026820679));
#4380 = VECTOR('',#4381,1.);
#4381 = DIRECTION('',(-0.26962992552,0.962964019714));
#4382 = ( GEOMETRIC_REPRESENTATION_CONTEXT(2) 
PARAMETRIC_REPRESENTATION_CONTEXT() REPRESENTATION_CONTEXT('2D SPACE',''
  ) );
#4383 = ORIENTED_EDGE('',*,*,#4384,.F.);
#4384 = EDGE_CURVE('',#1534,#4363,#4385,.T.);
#4385 = SURFACE_CURVE('',#4386,(#4389,#4396),.PCURVE_S1.);
#4386 = B_SPLINE_CURVE_WITH_KNOTS('',1,(#4387,#4388),.UNSPECIFIED.,.F.,
  .F.,(2,2),(0.,1.),.PIECEWISE_BEZIER_KNOTS.);
#4387 = CARTESIAN_POINT('',(-24.,-13.5,11.5));
#4388 = CARTESIAN_POINT('',(-19.,-10.6875,16.5));
#4389 = PCURVE('',#1570,#4390);
#4390 = DEFINITIONAL_REPRESENTATION('',(#4391),#4395);
#4391 = LINE('',#4392,#4393);
#4392 = CARTESIAN_POINT('',(0.,0.));
#4393 = VECTOR('',#4394,1.);
#4394 = DIRECTION('',(0.,1.));
#4395 = ( GEOMETRIC_REPRESENTATION_CONTEXT(2) 
PARAMETRIC_REPRESENTATION_CONTEXT() REPRESENTATION_CONTEXT('2D SPACE',''
  ) );
#4396 = PCURVE('',#2180,#4397);
#4397 = DEFINITIONAL_REPRESENTATION('',(#4398),#4402);
#4398 = LINE('',#4399,#4400);
#4399 = CARTESIAN_POINT('',(27.,0.));
#4400 = VECTOR('',#4401,1.);
#4401 = DIRECTION('',(0.,1.));
#4402 = ( GEOMETRIC_REPRESENTATION_CONTEXT(2) 
PARAMETRIC_REPRESENTATION_CONTEXT() REPRESENTATION_CONTEXT('2D SPACE',''
  ) );
#4403 = ADVANCED_FACE('',(#4404),#1656,.T.);
#4404 = FACE_BOUND('',#4405,.T.);
#4405 = EDGE_LOOP('',(#4406,#4407,#4408,#4409,#4429,#4456));
#4406 = ORIENTED_EDGE('',*,*,#1641,.F.);
#4407 = ORIENTED_EDGE('',*,*,#1769,.T.);
#4408 = ORIENTED_EDGE('',*,*,#3035,.T.);
#4409 = ORIENTED_EDGE('',*,*,#4410,.F.);
#4410 = EDGE_CURVE('',#4411,#3013,#4413,.T.);
#4411 = VERTEX_POINT('',#4412);
#4412 = CARTESIAN_POINT('',(22.8,-12.825,12.7));
#4413 = SURFACE_CURVE('',#4414,(#4417,#4423),.PCURVE_S1.);
#4414 = B_SPLINE_CURVE_WITH_KNOTS('',1,(#4415,#4416),.UNSPECIFIED.,.F.,
  .F.,(2,2),(0.,1.),.PIECEWISE_BEZIER_KNOTS.);
#4415 = CARTESIAN_POINT('',(22.8,-12.825,12.7));
#4416 = CARTESIAN_POINT('',(20.125,-15.5,12.7));
#4417 = PCURVE('',#1656,#4418);
#4418 = DEFINITIONAL_REPRESENTATION('',(#4419),#4422);
#4419 = B_SPLINE_CURVE_WITH_KNOTS('',1,(#4420,#4421),.UNSPECIFIED.,.F.,
  .F.,(2,2),(0.,1.),.PIECEWISE_BEZIER_KNOTS.);
#4420 = CARTESIAN_POINT('',(14.849242404917,0.24));
#4421 = CARTESIAN_POINT('',(10.867114742446,0.24));
#4422 = ( GEOMETRIC_REPRESENTATION_CONTEXT(2) 
PARAMETRIC_REPRESENTATION_CONTEXT() REPRESENTATION_CONTEXT('2D SPACE',''
  ) );
#4423 = PCURVE('',#2454,#4424);
#4424 = DEFINITIONAL_REPRESENTATION('',(#4425),#4428);
#4425 = B_SPLINE_CURVE_WITH_KNOTS('',1,(#4426,#4427),.UNSPECIFIED.,.F.,
  .F.,(2,2),(0.,1.),.PIECEWISE_BEZIER_KNOTS.);
#4426 = CARTESIAN_POINT('',(4.798865129427,-12.825));
#4427 = CARTESIAN_POINT('',(7.473865129427,-15.5));
#4428 = ( GEOMETRIC_REPRESENTATION_CONTEXT(2) 
PARAMETRIC_REPRESENTATION_CONTEXT() REPRESENTATION_CONTEXT('2D SPACE',''
  ) );
#4429 = ORIENTED_EDGE('',*,*,#4430,.T.);
#4430 = EDGE_CURVE('',#4411,#4431,#4433,.T.);
#4431 = VERTEX_POINT('',#4432);
#4432 = CARTESIAN_POINT('',(19.,-10.6875,16.5));
#4433 = SURFACE_CURVE('',#4434,(#4437,#4444),.PCURVE_S1.);
#4434 = B_SPLINE_CURVE_WITH_KNOTS('',1,(#4435,#4436),.UNSPECIFIED.,.F.,
  .F.,(2,2),(0.,1.),.PIECEWISE_BEZIER_KNOTS.);
#4435 = CARTESIAN_POINT('',(24.,-13.5,11.5));
#4436 = CARTESIAN_POINT('',(19.,-10.6875,16.5));
#4437 = PCURVE('',#1656,#4438);
#4438 = DEFINITIONAL_REPRESENTATION('',(#4439),#4443);
#4439 = LINE('',#4440,#4441);
#4440 = CARTESIAN_POINT('',(14.849242404917,0.));
#4441 = VECTOR('',#4442,1.);
#4442 = DIRECTION('',(0.,1.));
#4443 = ( GEOMETRIC_REPRESENTATION_CONTEXT(2) 
PARAMETRIC_REPRESENTATION_CONTEXT() REPRESENTATION_CONTEXT('2D SPACE',''
  ) );
#4444 = PCURVE('',#4445,#4450);
#4445 = B_SPLINE_SURFACE_WITH_KNOTS('',1,1,(
    (#4446,#4447)
    ,(#4448,#4449
    )),.UNSPECIFIED.,.F.,.F.,.F.,(2,2),(2,2),(0.,27.),(0.,1.),
  .PIECEWISE_BEZIER_KNOTS.);
#4446 = CARTESIAN_POINT('',(24.,-13.5,11.5));
#4447 = CARTESIAN_POINT('',(19.,-10.6875,16.5));
#4448 = CARTESIAN_POINT('',(24.,13.5,11.5));
#4449 = CARTESIAN_POINT('',(19.,10.6875,16.5));
#4450 = DEFINITIONAL_REPRESENTATION('',(#4451),#4455);
#4451 = LINE('',#4452,#4453);
#4452 = CARTESIAN_POINT('',(0.,0.));
#4453 = VECTOR('',#4454,1.);
#4454 = DIRECTION('',(0.,1.));
#4455 = ( GEOMETRIC_REPRESENTATION_CONTEXT(2) 
PARAMETRIC_REPRESENTATION_CONTEXT() REPRESENTATION_CONTEXT('2D SPACE',''
  ) );
#4456 = ORIENTED_EDGE('',*,*,#4457,.F.);
#4457 = EDGE_CURVE('',#1642,#4431,#4458,.T.);
#4458 = SURFACE_CURVE('',#4459,(#4463,#4469),.PCURVE_S1.);
#4459 = LINE('',#4460,#4461);
#4460 = CARTESIAN_POINT('',(10.6875,-19.,16.5));
#4461 = VECTOR('',#4462,1.);
#4462 = DIRECTION('',(0.707106781187,0.707106781187,0.));
#4463 = PCURVE('',#1656,#4464);
#4464 = DEFINITIONAL_REPRESENTATION('',(#4465),#4468);
#4465 = B_SPLINE_CURVE_WITH_KNOTS('',1,(#4466,#4467),.UNSPECIFIED.,.F.,
  .F.,(2,2),(0.,11.755650237226),.PIECEWISE_BEZIER_KNOTS.);
#4466 = CARTESIAN_POINT('',(0.,1.));
#4467 = CARTESIAN_POINT('',(14.849242404917,1.));
#4468 = ( GEOMETRIC_REPRESENTATION_CONTEXT(2) 
PARAMETRIC_REPRESENTATION_CONTEXT() REPRESENTATION_CONTEXT('2D SPACE',''
  ) );
#4469 = PCURVE('',#1683,#4470);
#4470 = DEFINITIONAL_REPRESENTATION('',(#4471),#4475);
#4471 = LINE('',#4472,#4473);
#4472 = CARTESIAN_POINT('',(10.479333997146,18.629927106037));
#4473 = VECTOR('',#4474,1.);
#4474 = DIRECTION('',(0.962964019714,0.26962992552));
#4475 = ( GEOMETRIC_REPRESENTATION_CONTEXT(2) 
PARAMETRIC_REPRESENTATION_CONTEXT() REPRESENTATION_CONTEXT('2D SPACE',''
  ) );
#4476 = ADVANCED_FACE('',(#4477,#4590),#1683,.F.);
#4477 = FACE_BOUND('',#4478,.F.);
#4478 = EDGE_LOOP('',(#4479,#4480,#4481,#4503,#4525,#4547,#4569,#4589));
#4479 = ORIENTED_EDGE('',*,*,#1668,.F.);
#4480 = ORIENTED_EDGE('',*,*,#4362,.F.);
#4481 = ORIENTED_EDGE('',*,*,#4482,.F.);
#4482 = EDGE_CURVE('',#4483,#4363,#4485,.T.);
#4483 = VERTEX_POINT('',#4484);
#4484 = CARTESIAN_POINT('',(-19.,10.6875,16.5));
#4485 = SURFACE_CURVE('',#4486,(#4490,#4497),.PCURVE_S1.);
#4486 = LINE('',#4487,#4488);
#4487 = CARTESIAN_POINT('',(-19.,10.6875,16.5));
#4488 = VECTOR('',#4489,1.);
#4489 = DIRECTION('',(0.,-1.,0.));
#4490 = PCURVE('',#1683,#4491);
#4491 = DEFINITIONAL_REPRESENTATION('',(#4492),#4496);
#4492 = LINE('',#4493,#4494);
#4493 = CARTESIAN_POINT('',(21.799602203939,-21.79960220393));
#4494 = VECTOR('',#4495,1.);
#4495 = DIRECTION('',(-0.871575537125,0.490261239633));
#4496 = ( GEOMETRIC_REPRESENTATION_CONTEXT(2) 
PARAMETRIC_REPRESENTATION_CONTEXT() REPRESENTATION_CONTEXT('2D SPACE',''
  ) );
#4497 = PCURVE('',#2180,#4498);
#4498 = DEFINITIONAL_REPRESENTATION('',(#4499),#4502);
#4499 = B_SPLINE_CURVE_WITH_KNOTS('',1,(#4500,#4501),.UNSPECIFIED.,.F.,
  .F.,(2,2),(0.,21.375),.PIECEWISE_BEZIER_KNOTS.);
#4500 = CARTESIAN_POINT('',(0.,1.));
#4501 = CARTESIAN_POINT('',(27.,1.));
#4502 = ( GEOMETRIC_REPRESENTATION_CONTEXT(2) 
PARAMETRIC_REPRESENTATION_CONTEXT() REPRESENTATION_CONTEXT('2D SPACE',''
  ) );
#4503 = ORIENTED_EDGE('',*,*,#4504,.F.);
#4504 = EDGE_CURVE('',#4505,#4483,#4507,.T.);
#4505 = VERTEX_POINT('',#4506);
#4506 = CARTESIAN_POINT('',(-10.6875,19.,16.5));
#4507 = SURFACE_CURVE('',#4508,(#4512,#4519),.PCURVE_S1.);
#4508 = LINE('',#4509,#4510);
#4509 = CARTESIAN_POINT('',(-10.6875,19.,16.5));
#4510 = VECTOR('',#4511,1.);
#4511 = DIRECTION('',(-0.707106781187,-0.707106781187,0.));
#4512 = PCURVE('',#1683,#4513);
#4513 = DEFINITIONAL_REPRESENTATION('',(#4514),#4518);
#4514 = LINE('',#4515,#4516);
#4515 = CARTESIAN_POINT('',(33.119870410733,-18.62992710603));
#4516 = VECTOR('',#4517,1.);
#4517 = DIRECTION('',(-0.962964019714,-0.26962992552));
#4518 = ( GEOMETRIC_REPRESENTATION_CONTEXT(2) 
PARAMETRIC_REPRESENTATION_CONTEXT() REPRESENTATION_CONTEXT('2D SPACE',''
  ) );
#4519 = PCURVE('',#2233,#4520);
#4520 = DEFINITIONAL_REPRESENTATION('',(#4521),#4524);
#4521 = B_SPLINE_CURVE_WITH_KNOTS('',1,(#4522,#4523),.UNSPECIFIED.,.F.,
  .F.,(2,2),(0.,11.755650237226),.PIECEWISE_BEZIER_KNOTS.);
#4522 = CARTESIAN_POINT('',(0.,1.));
#4523 = CARTESIAN_POINT('',(14.849242404917,1.));
#4524 = ( GEOMETRIC_REPRESENTATION_CONTEXT(2) 
PARAMETRIC_REPRESENTATION_CONTEXT() REPRESENTATION_CONTEXT('2D SPACE',''
  ) );
#4525 = ORIENTED_EDGE('',*,*,#4526,.F.);
#4526 = EDGE_CURVE('',#4527,#4505,#4529,.T.);
#4527 = VERTEX_POINT('',#4528);
#4528 = CARTESIAN_POINT('',(10.6875,19.,16.5));
#4529 = SURFACE_CURVE('',#4530,(#4534,#4541),.PCURVE_S1.);
#4530 = LINE('',#4531,#4532);
#4531 = CARTESIAN_POINT('',(10.6875,19.,16.5));
#4532 = VECTOR('',#4533,1.);
#4533 = DIRECTION('',(-1.,0.,0.));
#4534 = PCURVE('',#1683,#4535);
#4535 = DEFINITIONAL_REPRESENTATION('',(#4536),#4540);
#4536 = LINE('',#4537,#4538);
#4537 = CARTESIAN_POINT('',(43.599204407879,8.881784197001E-16));
#4538 = VECTOR('',#4539,1.);
#4539 = DIRECTION('',(-0.490261239633,-0.871575537125));
#4540 = ( GEOMETRIC_REPRESENTATION_CONTEXT(2) 
PARAMETRIC_REPRESENTATION_CONTEXT() REPRESENTATION_CONTEXT('2D SPACE',''
  ) );
#4541 = PCURVE('',#2286,#4542);
#4542 = DEFINITIONAL_REPRESENTATION('',(#4543),#4546);
#4543 = B_SPLINE_CURVE_WITH_KNOTS('',1,(#4544,#4545),.UNSPECIFIED.,.F.,
  .F.,(2,2),(0.,21.375),.PIECEWISE_BEZIER_KNOTS.);
#4544 = CARTESIAN_POINT('',(0.,1.));
#4545 = CARTESIAN_POINT('',(27.,1.));
#4546 = ( GEOMETRIC_REPRESENTATION_CONTEXT(2) 
PARAMETRIC_REPRESENTATION_CONTEXT() REPRESENTATION_CONTEXT('2D SPACE',''
  ) );
#4547 = ORIENTED_EDGE('',*,*,#4548,.F.);
#4548 = EDGE_CURVE('',#4549,#4527,#4551,.T.);
#4549 = VERTEX_POINT('',#4550);
#4550 = CARTESIAN_POINT('',(19.,10.6875,16.5));
#4551 = SURFACE_CURVE('',#4552,(#4556,#4563),.PCURVE_S1.);
#4552 = LINE('',#4553,#4554);
#4553 = CARTESIAN_POINT('',(19.,10.6875,16.5));
#4554 = VECTOR('',#4555,1.);
#4555 = DIRECTION('',(-0.707106781187,0.707106781187,0.));
#4556 = PCURVE('',#1683,#4557);
#4557 = DEFINITIONAL_REPRESENTATION('',(#4558),#4562);
#4558 = LINE('',#4559,#4560);
#4559 = CARTESIAN_POINT('',(40.429529309977,11.320268206793));
#4560 = VECTOR('',#4561,1.);
#4561 = DIRECTION('',(0.26962992552,-0.962964019714));
#4562 = ( GEOMETRIC_REPRESENTATION_CONTEXT(2) 
PARAMETRIC_REPRESENTATION_CONTEXT() REPRESENTATION_CONTEXT('2D SPACE',''
  ) );
#4563 = PCURVE('',#2338,#4564);
#4564 = DEFINITIONAL_REPRESENTATION('',(#4565),#4568);
#4565 = B_SPLINE_CURVE_WITH_KNOTS('',1,(#4566,#4567),.UNSPECIFIED.,.F.,
  .F.,(2,2),(0.,11.755650237226),.PIECEWISE_BEZIER_KNOTS.);
#4566 = CARTESIAN_POINT('',(0.,1.));
#4567 = CARTESIAN_POINT('',(14.849242404917,1.));
#4568 = ( GEOMETRIC_REPRESENTATION_CONTEXT(2) 
PARAMETRIC_REPRESENTATION_CONTEXT() REPRESENTATION_CONTEXT('2D SPACE',''
  ) );
#4569 = ORIENTED_EDGE('',*,*,#4570,.F.);
#4570 = EDGE_CURVE('',#4431,#4549,#4571,.T.);
#4571 = SURFACE_CURVE('',#4572,(#4576,#4583),.PCURVE_S1.);
#4572 = LINE('',#4573,#4574);
#4573 = CARTESIAN_POINT('',(19.,-10.6875,16.5));
#4574 = VECTOR('',#4575,1.);
#4575 = DIRECTION('',(0.,1.,0.));
#4576 = PCURVE('',#1683,#4577);
#4577 = DEFINITIONAL_REPRESENTATION('',(#4578),#4582);
#4578 = LINE('',#4579,#4580);
#4579 = CARTESIAN_POINT('',(21.799602203939,21.799602203939));
#4580 = VECTOR('',#4581,1.);
#4581 = DIRECTION('',(0.871575537125,-0.490261239633));
#4582 = ( GEOMETRIC_REPRESENTATION_CONTEXT(2) 
PARAMETRIC_REPRESENTATION_CONTEXT() REPRESENTATION_CONTEXT('2D SPACE',''
  ) );
#4583 = PCURVE('',#4445,#4584);
#4584 = DEFINITIONAL_REPRESENTATION('',(#4585),#4588);
#4585 = B_SPLINE_CURVE_WITH_KNOTS('',1,(#4586,#4587),.UNSPECIFIED.,.F.,
  .F.,(2,2),(0.,21.375),.PIECEWISE_BEZIER_KNOTS.);
#4586 = CARTESIAN_POINT('',(0.,1.));
#4587 = CARTESIAN_POINT('',(27.,1.));
#4588 = ( GEOMETRIC_REPRESENTATION_CONTEXT(2) 
PARAMETRIC_REPRESENTATION_CONTEXT() REPRESENTATION_CONTEXT('2D SPACE',''
  ) );
#4589 = ORIENTED_EDGE('',*,*,#4457,.F.);
#4590 = FACE_BOUND('',#4591,.F.);
#4591 = EDGE_LOOP('',(#4592,#4621,#4648,#4675));
#4592 = ORIENTED_EDGE('',*,*,#4593,.F.);
#4593 = EDGE_CURVE('',#4594,#4596,#4598,.T.);
#4594 = VERTEX_POINT('',#4595);
#4595 = CARTESIAN_POINT('',(-11.5,16.,16.5));
#4596 = VERTEX_POINT('',#4597);
#4597 = CARTESIAN_POINT('',(11.5,16.,16.5));
#4598 = SURFACE_CURVE('',#4599,(#4603,#4610),.PCURVE_S1.);
#4599 = LINE('',#4600,#4601);
#4600 = CARTESIAN_POINT('',(-11.09375,16.,16.5));
#4601 = VECTOR('',#4602,1.);
#4602 = DIRECTION('',(1.,-0.,0.));
#4603 = PCURVE('',#1683,#4604);
#4604 = DEFINITIONAL_REPRESENTATION('',(#4605),#4609);
#4605 = LINE('',#4606,#4607);
#4606 = CARTESIAN_POINT('',(30.305975170758,-17.51322094909));
#4607 = VECTOR('',#4608,1.);
#4608 = DIRECTION('',(0.490261239633,0.871575537125));
#4609 = ( GEOMETRIC_REPRESENTATION_CONTEXT(2) 
PARAMETRIC_REPRESENTATION_CONTEXT() REPRESENTATION_CONTEXT('2D SPACE',''
  ) );
#4610 = PCURVE('',#4611,#4616);
#4611 = PLANE('',#4612);
#4612 = AXIS2_PLACEMENT_3D('',#4613,#4614,#4615);
#4613 = CARTESIAN_POINT('',(-11.5,16.,13.9));
#4614 = DIRECTION('',(0.,1.,0.));
#4615 = DIRECTION('',(0.,0.,1.));
#4616 = DEFINITIONAL_REPRESENTATION('',(#4617),#4620);
#4617 = B_SPLINE_CURVE_WITH_KNOTS('',1,(#4618,#4619),.UNSPECIFIED.,.F.,
  .F.,(2,2),(-0.40625,22.59375),.PIECEWISE_BEZIER_KNOTS.);
#4618 = CARTESIAN_POINT('',(2.6,0.));
#4619 = CARTESIAN_POINT('',(2.6,23.));
#4620 = ( GEOMETRIC_REPRESENTATION_CONTEXT(2) 
PARAMETRIC_REPRESENTATION_CONTEXT() REPRESENTATION_CONTEXT('2D SPACE',''
  ) );
#4621 = ORIENTED_EDGE('',*,*,#4622,.T.);
#4622 = EDGE_CURVE('',#4594,#4623,#4625,.T.);
#4623 = VERTEX_POINT('',#4624);
#4624 = CARTESIAN_POINT('',(-11.5,-7.,16.5));
#4625 = SURFACE_CURVE('',#4626,(#4630,#4637),.PCURVE_S1.);
#4626 = LINE('',#4627,#4628);
#4627 = CARTESIAN_POINT('',(-11.5,-13.,16.5));
#4628 = VECTOR('',#4629,1.);
#4629 = DIRECTION('',(0.,-1.,0.));
#4630 = PCURVE('',#1683,#4631);
#4631 = DEFINITIONAL_REPRESENTATION('',(#4632),#4636);
#4632 = LINE('',#4633,#4634);
#4633 = CARTESIAN_POINT('',(4.831115965546,-3.649722561709));
#4634 = VECTOR('',#4635,1.);
#4635 = DIRECTION('',(-0.871575537125,0.490261239633));
#4636 = ( GEOMETRIC_REPRESENTATION_CONTEXT(2) 
PARAMETRIC_REPRESENTATION_CONTEXT() REPRESENTATION_CONTEXT('2D SPACE',''
  ) );
#4637 = PCURVE('',#4638,#4643);
#4638 = PLANE('',#4639);
#4639 = AXIS2_PLACEMENT_3D('',#4640,#4641,#4642);
#4640 = CARTESIAN_POINT('',(-11.5,-7.,13.9));
#4641 = DIRECTION('',(1.,0.,0.));
#4642 = DIRECTION('',(0.,0.,1.));
#4643 = DEFINITIONAL_REPRESENTATION('',(#4644),#4647);
#4644 = B_SPLINE_CURVE_WITH_KNOTS('',1,(#4645,#4646),.UNSPECIFIED.,.F.,
  .F.,(2,2),(-29.,-6.),.PIECEWISE_BEZIER_KNOTS.);
#4645 = CARTESIAN_POINT('',(2.6,-23.));
#4646 = CARTESIAN_POINT('',(2.6,0.));
#4647 = ( GEOMETRIC_REPRESENTATION_CONTEXT(2) 
PARAMETRIC_REPRESENTATION_CONTEXT() REPRESENTATION_CONTEXT('2D SPACE',''
  ) );
#4648 = ORIENTED_EDGE('',*,*,#4649,.T.);
#4649 = EDGE_CURVE('',#4623,#4650,#4652,.T.);
#4650 = VERTEX_POINT('',#4651);
#4651 = CARTESIAN_POINT('',(11.5,-7.,16.5));
#4652 = SURFACE_CURVE('',#4653,(#4657,#4664),.PCURVE_S1.);
#4653 = LINE('',#4654,#4655);
#4654 = CARTESIAN_POINT('',(-11.09375,-7.,16.5));
#4655 = VECTOR('',#4656,1.);
#4656 = DIRECTION('',(1.,-0.,0.));
#4657 = PCURVE('',#1683,#4658);
#4658 = DEFINITIONAL_REPRESENTATION('',(#4659),#4663);
#4659 = LINE('',#4660,#4661);
#4660 = CARTESIAN_POINT('',(10.259737816894,-6.237212437548));
#4661 = VECTOR('',#4662,1.);
#4662 = DIRECTION('',(0.490261239633,0.871575537125));
#4663 = ( GEOMETRIC_REPRESENTATION_CONTEXT(2) 
PARAMETRIC_REPRESENTATION_CONTEXT() REPRESENTATION_CONTEXT('2D SPACE',''
  ) );
#4664 = PCURVE('',#4665,#4670);
#4665 = PLANE('',#4666);
#4666 = AXIS2_PLACEMENT_3D('',#4667,#4668,#4669);
#4667 = CARTESIAN_POINT('',(-11.5,-7.,13.9));
#4668 = DIRECTION('',(0.,1.,0.));
#4669 = DIRECTION('',(0.,0.,1.));
#4670 = DEFINITIONAL_REPRESENTATION('',(#4671),#4674);
#4671 = B_SPLINE_CURVE_WITH_KNOTS('',1,(#4672,#4673),.UNSPECIFIED.,.F.,
  .F.,(2,2),(-0.40625,22.59375),.PIECEWISE_BEZIER_KNOTS.);
#4672 = CARTESIAN_POINT('',(2.6,0.));
#4673 = CARTESIAN_POINT('',(2.6,23.));
#4674 = ( GEOMETRIC_REPRESENTATION_CONTEXT(2) 
PARAMETRIC_REPRESENTATION_CONTEXT() REPRESENTATION_CONTEXT('2D SPACE',''
  ) );
#4675 = ORIENTED_EDGE('',*,*,#4676,.F.);
#4676 = EDGE_CURVE('',#4596,#4650,#4677,.T.);
#4677 = SURFACE_CURVE('',#4678,(#4682,#4689),.PCURVE_S1.);
#4678 = LINE('',#4679,#4680);
#4679 = CARTESIAN_POINT('',(11.5,-13.,16.5));
#4680 = VECTOR('',#4681,1.);
#4681 = DIRECTION('',(0.,-1.,0.));
#4682 = PCURVE('',#1683,#4683);
#4683 = DEFINITIONAL_REPRESENTATION('',(#4684),#4688);
#4684 = LINE('',#4685,#4686);
#4685 = CARTESIAN_POINT('',(16.107124477095,16.396514792156));
#4686 = VECTOR('',#4687,1.);
#4687 = DIRECTION('',(-0.871575537125,0.490261239633));
#4688 = ( GEOMETRIC_REPRESENTATION_CONTEXT(2) 
PARAMETRIC_REPRESENTATION_CONTEXT() REPRESENTATION_CONTEXT('2D SPACE',''
  ) );
#4689 = PCURVE('',#4690,#4695);
#4690 = PLANE('',#4691);
#4691 = AXIS2_PLACEMENT_3D('',#4692,#4693,#4694);
#4692 = CARTESIAN_POINT('',(11.5,-7.,13.9));
#4693 = DIRECTION('',(1.,0.,0.));
#4694 = DIRECTION('',(0.,0.,1.));
#4695 = DEFINITIONAL_REPRESENTATION('',(#4696),#4699);
#4696 = B_SPLINE_CURVE_WITH_KNOTS('',1,(#4697,#4698),.UNSPECIFIED.,.F.,
  .F.,(2,2),(-29.,-6.),.PIECEWISE_BEZIER_KNOTS.);
#4697 = CARTESIAN_POINT('',(2.6,-23.));
#4698 = CARTESIAN_POINT('',(2.6,0.));
#4699 = ( GEOMETRIC_REPRESENTATION_CONTEXT(2) 
PARAMETRIC_REPRESENTATION_CONTEXT() REPRESENTATION_CONTEXT('2D SPACE',''
  ) );
#4700 = ADVANCED_FACE('',(#4701),#2180,.T.);
#4701 = FACE_BOUND('',#4702,.T.);
#4702 = EDGE_LOOP('',(#4703,#4704,#4705,#4706));
#4703 = ORIENTED_EDGE('',*,*,#2166,.T.);
#4704 = ORIENTED_EDGE('',*,*,#4384,.T.);
#4705 = ORIENTED_EDGE('',*,*,#4482,.F.);
#4706 = ORIENTED_EDGE('',*,*,#4707,.F.);
#4707 = EDGE_CURVE('',#2144,#4483,#4708,.T.);
#4708 = SURFACE_CURVE('',#4709,(#4712,#4719),.PCURVE_S1.);
#4709 = B_SPLINE_CURVE_WITH_KNOTS('',1,(#4710,#4711),.UNSPECIFIED.,.F.,
  .F.,(2,2),(0.,1.),.PIECEWISE_BEZIER_KNOTS.);
#4710 = CARTESIAN_POINT('',(-24.,13.5,11.5));
#4711 = CARTESIAN_POINT('',(-19.,10.6875,16.5));
#4712 = PCURVE('',#2180,#4713);
#4713 = DEFINITIONAL_REPRESENTATION('',(#4714),#4718);
#4714 = LINE('',#4715,#4716);
#4715 = CARTESIAN_POINT('',(0.,0.));
#4716 = VECTOR('',#4717,1.);
#4717 = DIRECTION('',(0.,1.));
#4718 = ( GEOMETRIC_REPRESENTATION_CONTEXT(2) 
PARAMETRIC_REPRESENTATION_CONTEXT() REPRESENTATION_CONTEXT('2D SPACE',''
  ) );
#4719 = PCURVE('',#2233,#4720);
#4720 = DEFINITIONAL_REPRESENTATION('',(#4721),#4725);
#4721 = LINE('',#4722,#4723);
#4722 = CARTESIAN_POINT('',(14.849242404917,0.));
#4723 = VECTOR('',#4724,1.);
#4724 = DIRECTION('',(0.,1.));
#4725 = ( GEOMETRIC_REPRESENTATION_CONTEXT(2) 
PARAMETRIC_REPRESENTATION_CONTEXT() REPRESENTATION_CONTEXT('2D SPACE',''
  ) );
#4726 = ADVANCED_FACE('',(#4727),#2233,.T.);
#4727 = FACE_BOUND('',#4728,.T.);
#4728 = EDGE_LOOP('',(#4729,#4730,#4731,#4732));
#4729 = ORIENTED_EDGE('',*,*,#2219,.T.);
#4730 = ORIENTED_EDGE('',*,*,#4707,.T.);
#4731 = ORIENTED_EDGE('',*,*,#4504,.F.);
#4732 = ORIENTED_EDGE('',*,*,#4733,.F.);
#4733 = EDGE_CURVE('',#2197,#4505,#4734,.T.);
#4734 = SURFACE_CURVE('',#4735,(#4738,#4745),.PCURVE_S1.);
#4735 = B_SPLINE_CURVE_WITH_KNOTS('',1,(#4736,#4737),.UNSPECIFIED.,.F.,
  .F.,(2,2),(0.,1.),.PIECEWISE_BEZIER_KNOTS.);
#4736 = CARTESIAN_POINT('',(-13.5,24.,11.5));
#4737 = CARTESIAN_POINT('',(-10.6875,19.,16.5));
#4738 = PCURVE('',#2233,#4739);
#4739 = DEFINITIONAL_REPRESENTATION('',(#4740),#4744);
#4740 = LINE('',#4741,#4742);
#4741 = CARTESIAN_POINT('',(0.,0.));
#4742 = VECTOR('',#4743,1.);
#4743 = DIRECTION('',(0.,1.));
#4744 = ( GEOMETRIC_REPRESENTATION_CONTEXT(2) 
PARAMETRIC_REPRESENTATION_CONTEXT() REPRESENTATION_CONTEXT('2D SPACE',''
  ) );
#4745 = PCURVE('',#2286,#4746);
#4746 = DEFINITIONAL_REPRESENTATION('',(#4747),#4751);
#4747 = LINE('',#4748,#4749);
#4748 = CARTESIAN_POINT('',(27.,0.));
#4749 = VECTOR('',#4750,1.);
#4750 = DIRECTION('',(0.,1.));
#4751 = ( GEOMETRIC_REPRESENTATION_CONTEXT(2) 
PARAMETRIC_REPRESENTATION_CONTEXT() REPRESENTATION_CONTEXT('2D SPACE',''
  ) );
#4752 = ADVANCED_FACE('',(#4753),#2286,.T.);
#4753 = FACE_BOUND('',#4754,.T.);
#4754 = EDGE_LOOP('',(#4755,#4756,#4757,#4758));
#4755 = ORIENTED_EDGE('',*,*,#2272,.T.);
#4756 = ORIENTED_EDGE('',*,*,#4733,.T.);
#4757 = ORIENTED_EDGE('',*,*,#4526,.F.);
#4758 = ORIENTED_EDGE('',*,*,#4759,.F.);
#4759 = EDGE_CURVE('',#2250,#4527,#4760,.T.);
#4760 = SURFACE_CURVE('',#4761,(#4764,#4771),.PCURVE_S1.);
#4761 = B_SPLINE_CURVE_WITH_KNOTS('',1,(#4762,#4763),.UNSPECIFIED.,.F.,
  .F.,(2,2),(0.,1.),.PIECEWISE_BEZIER_KNOTS.);
#4762 = CARTESIAN_POINT('',(13.5,24.,11.5));
#4763 = CARTESIAN_POINT('',(10.6875,19.,16.5));
#4764 = PCURVE('',#2286,#4765);
#4765 = DEFINITIONAL_REPRESENTATION('',(#4766),#4770);
#4766 = LINE('',#4767,#4768);
#4767 = CARTESIAN_POINT('',(0.,0.));
#4768 = VECTOR('',#4769,1.);
#4769 = DIRECTION('',(0.,1.));
#4770 = ( GEOMETRIC_REPRESENTATION_CONTEXT(2) 
PARAMETRIC_REPRESENTATION_CONTEXT() REPRESENTATION_CONTEXT('2D SPACE',''
  ) );
#4771 = PCURVE('',#2338,#4772);
#4772 = DEFINITIONAL_REPRESENTATION('',(#4773),#4777);
#4773 = LINE('',#4774,#4775);
#4774 = CARTESIAN_POINT('',(14.849242404917,0.));
#4775 = VECTOR('',#4776,1.);
#4776 = DIRECTION('',(0.,1.));
#4777 = ( GEOMETRIC_REPRESENTATION_CONTEXT(2) 
PARAMETRIC_REPRESENTATION_CONTEXT() REPRESENTATION_CONTEXT('2D SPACE',''
  ) );
#4778 = ADVANCED_FACE('',(#4779),#2338,.T.);
#4779 = FACE_BOUND('',#4780,.T.);
#4780 = EDGE_LOOP('',(#4781,#4782,#4783,#4784,#4785,#4807));
#4781 = ORIENTED_EDGE('',*,*,#2406,.F.);
#4782 = ORIENTED_EDGE('',*,*,#2324,.T.);
#4783 = ORIENTED_EDGE('',*,*,#4759,.T.);
#4784 = ORIENTED_EDGE('',*,*,#4548,.F.);
#4785 = ORIENTED_EDGE('',*,*,#4786,.F.);
#4786 = EDGE_CURVE('',#4787,#4549,#4789,.T.);
#4787 = VERTEX_POINT('',#4788);
#4788 = CARTESIAN_POINT('',(22.8,12.825,12.7));
#4789 = SURFACE_CURVE('',#4790,(#4793,#4800),.PCURVE_S1.);
#4790 = B_SPLINE_CURVE_WITH_KNOTS('',1,(#4791,#4792),.UNSPECIFIED.,.F.,
  .F.,(2,2),(0.,1.),.PIECEWISE_BEZIER_KNOTS.);
#4791 = CARTESIAN_POINT('',(24.,13.5,11.5));
#4792 = CARTESIAN_POINT('',(19.,10.6875,16.5));
#4793 = PCURVE('',#2338,#4794);
#4794 = DEFINITIONAL_REPRESENTATION('',(#4795),#4799);
#4795 = LINE('',#4796,#4797);
#4796 = CARTESIAN_POINT('',(0.,0.));
#4797 = VECTOR('',#4798,1.);
#4798 = DIRECTION('',(0.,1.));
#4799 = ( GEOMETRIC_REPRESENTATION_CONTEXT(2) 
PARAMETRIC_REPRESENTATION_CONTEXT() REPRESENTATION_CONTEXT('2D SPACE',''
  ) );
#4800 = PCURVE('',#4445,#4801);
#4801 = DEFINITIONAL_REPRESENTATION('',(#4802),#4806);
#4802 = LINE('',#4803,#4804);
#4803 = CARTESIAN_POINT('',(27.,0.));
#4804 = VECTOR('',#4805,1.);
#4805 = DIRECTION('',(0.,1.));
#4806 = ( GEOMETRIC_REPRESENTATION_CONTEXT(2) 
PARAMETRIC_REPRESENTATION_CONTEXT() REPRESENTATION_CONTEXT('2D SPACE',''
  ) );
#4807 = ORIENTED_EDGE('',*,*,#4808,.F.);
#4808 = EDGE_CURVE('',#2407,#4787,#4809,.T.);
#4809 = SURFACE_CURVE('',#4810,(#4813,#4819),.PCURVE_S1.);
#4810 = B_SPLINE_CURVE_WITH_KNOTS('',1,(#4811,#4812),.UNSPECIFIED.,.F.,
  .F.,(2,2),(0.,1.),.PIECEWISE_BEZIER_KNOTS.);
#4811 = CARTESIAN_POINT('',(20.125,15.5,12.7));
#4812 = CARTESIAN_POINT('',(22.8,12.825,12.7));
#4813 = PCURVE('',#2338,#4814);
#4814 = DEFINITIONAL_REPRESENTATION('',(#4815),#4818);
#4815 = B_SPLINE_CURVE_WITH_KNOTS('',1,(#4816,#4817),.UNSPECIFIED.,.F.,
  .F.,(2,2),(0.,1.),.PIECEWISE_BEZIER_KNOTS.);
#4816 = CARTESIAN_POINT('',(3.982127662472,0.24));
#4817 = CARTESIAN_POINT('',(0.,0.24));
#4818 = ( GEOMETRIC_REPRESENTATION_CONTEXT(2) 
PARAMETRIC_REPRESENTATION_CONTEXT() REPRESENTATION_CONTEXT('2D SPACE',''
  ) );
#4819 = PCURVE('',#2454,#4820);
#4820 = DEFINITIONAL_REPRESENTATION('',(#4821),#4824);
#4821 = B_SPLINE_CURVE_WITH_KNOTS('',1,(#4822,#4823),.UNSPECIFIED.,.F.,
  .F.,(2,2),(0.,1.),.PIECEWISE_BEZIER_KNOTS.);
#4822 = CARTESIAN_POINT('',(7.473865129427,15.5));
#4823 = CARTESIAN_POINT('',(4.798865129427,12.825));
#4824 = ( GEOMETRIC_REPRESENTATION_CONTEXT(2) 
PARAMETRIC_REPRESENTATION_CONTEXT() REPRESENTATION_CONTEXT('2D SPACE',''
  ) );
#4825 = ADVANCED_FACE('',(#4826),#2371,.T.);
#4826 = FACE_BOUND('',#4827,.T.);
#4827 = EDGE_LOOP('',(#4828,#4851,#4852,#4853));
#4828 = ORIENTED_EDGE('',*,*,#4829,.F.);
#4829 = EDGE_CURVE('',#2731,#4830,#4832,.T.);
#4830 = VERTEX_POINT('',#4831);
#4831 = CARTESIAN_POINT('',(36.719890410459,9.138774488438,11.5));
#4832 = SURFACE_CURVE('',#4833,(#4837,#4844),.PCURVE_S1.);
#4833 = LINE('',#4834,#4835);
#4834 = CARTESIAN_POINT('',(36.719890410459,9.138774488438,2.4));
#4835 = VECTOR('',#4836,1.);
#4836 = DIRECTION('',(0.,0.,1.));
#4837 = PCURVE('',#2371,#4838);
#4838 = DEFINITIONAL_REPRESENTATION('',(#4839),#4843);
#4839 = LINE('',#4840,#4841);
#4840 = CARTESIAN_POINT('',(9.549770250336,0.));
#4841 = VECTOR('',#4842,1.);
#4842 = DIRECTION('',(0.,-1.));
#4843 = ( GEOMETRIC_REPRESENTATION_CONTEXT(2) 
PARAMETRIC_REPRESENTATION_CONTEXT() REPRESENTATION_CONTEXT('2D SPACE',''
  ) );
#4844 = PCURVE('',#2813,#4845);
#4845 = DEFINITIONAL_REPRESENTATION('',(#4846),#4850);
#4846 = LINE('',#4847,#4848);
#4847 = CARTESIAN_POINT('',(-0.,0.));
#4848 = VECTOR('',#4849,1.);
#4849 = DIRECTION('',(-0.,1.));
#4850 = ( GEOMETRIC_REPRESENTATION_CONTEXT(2) 
PARAMETRIC_REPRESENTATION_CONTEXT() REPRESENTATION_CONTEXT('2D SPACE',''
  ) );
#4851 = ORIENTED_EDGE('',*,*,#2751,.F.);
#4852 = ORIENTED_EDGE('',*,*,#2353,.T.);
#4853 = ORIENTED_EDGE('',*,*,#4854,.T.);
#4854 = EDGE_CURVE('',#2356,#4830,#4855,.T.);
#4855 = SURFACE_CURVE('',#4856,(#4860,#4867),.PCURVE_S1.);
#4856 = LINE('',#4857,#4858);
#4857 = CARTESIAN_POINT('',(28.5,14.,11.5));
#4858 = VECTOR('',#4859,1.);
#4859 = DIRECTION('',(0.860742216303,-0.509041095663,0.));
#4860 = PCURVE('',#2371,#4861);
#4861 = DEFINITIONAL_REPRESENTATION('',(#4862),#4866);
#4862 = LINE('',#4863,#4864);
#4863 = CARTESIAN_POINT('',(0.,-9.1));
#4864 = VECTOR('',#4865,1.);
#4865 = DIRECTION('',(1.,0.));
#4866 = ( GEOMETRIC_REPRESENTATION_CONTEXT(2) 
PARAMETRIC_REPRESENTATION_CONTEXT() REPRESENTATION_CONTEXT('2D SPACE',''
  ) );
#4867 = PCURVE('',#2480,#4868);
#4868 = DEFINITIONAL_REPRESENTATION('',(#4869),#4873);
#4869 = LINE('',#4870,#4871);
#4870 = CARTESIAN_POINT('',(0.,-0.848528137424));
#4871 = VECTOR('',#4872,1.);
#4872 = DIRECTION('',(1.,0.));
#4873 = ( GEOMETRIC_REPRESENTATION_CONTEXT(2) 
PARAMETRIC_REPRESENTATION_CONTEXT() REPRESENTATION_CONTEXT('2D SPACE',''
  ) );
#4874 = ADVANCED_FACE('',(#4875),#2480,.F.);
#4875 = FACE_BOUND('',#4876,.F.);
#4876 = EDGE_LOOP('',(#4877,#4878,#4879,#4905));
#4877 = ORIENTED_EDGE('',*,*,#2466,.F.);
#4878 = ORIENTED_EDGE('',*,*,#4854,.T.);
#4879 = ORIENTED_EDGE('',*,*,#4880,.T.);
#4880 = EDGE_CURVE('',#4830,#4881,#4883,.T.);
#4881 = VERTEX_POINT('',#4882);
#4882 = CARTESIAN_POINT('',(36.109041095663,8.105883828875,12.7));
#4883 = SURFACE_CURVE('',#4884,(#4888,#4894),.PCURVE_S1.);
#4884 = LINE('',#4885,#4886);
#4885 = CARTESIAN_POINT('',(36.414465753061,8.622329158657,12.1));
#4886 = VECTOR('',#4887,1.);
#4887 = DIRECTION('',(-0.359946410646,-0.608636658001,0.707106781187));
#4888 = PCURVE('',#2480,#4889);
#4889 = DEFINITIONAL_REPRESENTATION('',(#4890),#4893);
#4890 = B_SPLINE_CURVE_WITH_KNOTS('',1,(#4891,#4892),.UNSPECIFIED.,.F.,
  .F.,(2,2),(-0.848528137424,0.848528137424),.PIECEWISE_BEZIER_KNOTS.);
#4891 = CARTESIAN_POINT('',(9.549770250336,-0.848528137424));
#4892 = CARTESIAN_POINT('',(9.549770250336,0.848528137424));
#4893 = ( GEOMETRIC_REPRESENTATION_CONTEXT(2) 
PARAMETRIC_REPRESENTATION_CONTEXT() REPRESENTATION_CONTEXT('2D SPACE',''
  ) );
#4894 = PCURVE('',#4895,#4900);
#4895 = CONICAL_SURFACE('',#4896,2.2,0.785398163397);
#4896 = AXIS2_PLACEMENT_3D('',#4897,#4898,#4899);
#4897 = CARTESIAN_POINT('',(35.6,7.245141612572,11.5));
#4898 = DIRECTION('',(-0.,0.,-1.));
#4899 = DIRECTION('',(0.509041095663,0.860742216303,0.));
#4900 = DEFINITIONAL_REPRESENTATION('',(#4901),#4904);
#4901 = B_SPLINE_CURVE_WITH_KNOTS('',1,(#4902,#4903),.UNSPECIFIED.,.F.,
  .F.,(2,2),(-0.848528137424,0.848528137424),.PIECEWISE_BEZIER_KNOTS.);
#4902 = CARTESIAN_POINT('',(-3.229739708E-15,0.));
#4903 = CARTESIAN_POINT('',(-3.229739708E-15,-1.2));
#4904 = ( GEOMETRIC_REPRESENTATION_CONTEXT(2) 
PARAMETRIC_REPRESENTATION_CONTEXT() REPRESENTATION_CONTEXT('2D SPACE',''
  ) );
#4905 = ORIENTED_EDGE('',*,*,#4906,.F.);
#4906 = EDGE_CURVE('',#2439,#4881,#4907,.T.);
#4907 = SURFACE_CURVE('',#4908,(#4912,#4919),.PCURVE_S1.);
#4908 = LINE('',#4909,#4910);
#4909 = CARTESIAN_POINT('',(27.889150685204,12.967109340436,12.7));
#4910 = VECTOR('',#4911,1.);
#4911 = DIRECTION('',(0.860742216303,-0.509041095663,0.));
#4912 = PCURVE('',#2480,#4913);
#4913 = DEFINITIONAL_REPRESENTATION('',(#4914),#4918);
#4914 = LINE('',#4915,#4916);
#4915 = CARTESIAN_POINT('',(0.,0.848528137424));
#4916 = VECTOR('',#4917,1.);
#4917 = DIRECTION('',(1.,0.));
#4918 = ( GEOMETRIC_REPRESENTATION_CONTEXT(2) 
PARAMETRIC_REPRESENTATION_CONTEXT() REPRESENTATION_CONTEXT('2D SPACE',''
  ) );
#4919 = PCURVE('',#2454,#4920);
#4920 = DEFINITIONAL_REPRESENTATION('',(#4921),#4925);
#4921 = LINE('',#4922,#4923);
#4922 = CARTESIAN_POINT('',(-0.290285555778,12.967109340436));
#4923 = VECTOR('',#4924,1.);
#4924 = DIRECTION('',(-0.860742216303,-0.509041095663));
#4925 = ( GEOMETRIC_REPRESENTATION_CONTEXT(2) 
PARAMETRIC_REPRESENTATION_CONTEXT() REPRESENTATION_CONTEXT('2D SPACE',''
  ) );
#4926 = ADVANCED_FACE('',(#4927,#5054),#2454,.F.);
#4927 = FACE_BOUND('',#4928,.F.);
#4928 = EDGE_LOOP('',(#4929,#4930,#4931,#4932,#4956,#4984,#5013,#5034,
    #5035,#5036));
#4929 = ORIENTED_EDGE('',*,*,#4808,.F.);
#4930 = ORIENTED_EDGE('',*,*,#2438,.T.);
#4931 = ORIENTED_EDGE('',*,*,#4906,.T.);
#4932 = ORIENTED_EDGE('',*,*,#4933,.T.);
#4933 = EDGE_CURVE('',#4881,#4934,#4936,.T.);
#4934 = VERTEX_POINT('',#4935);
#4935 = CARTESIAN_POINT('',(36.6,7.245141612572,12.7));
#4936 = SURFACE_CURVE('',#4937,(#4942,#4949),.PCURVE_S1.);
#4937 = CIRCLE('',#4938,1.);
#4938 = AXIS2_PLACEMENT_3D('',#4939,#4940,#4941);
#4939 = CARTESIAN_POINT('',(35.6,7.245141612572,12.7));
#4940 = DIRECTION('',(0.,0.,-1.));
#4941 = DIRECTION('',(0.509041095663,0.860742216303,0.));
#4942 = PCURVE('',#2454,#4943);
#4943 = DEFINITIONAL_REPRESENTATION('',(#4944),#4948);
#4944 = CIRCLE('',#4945,1.);
#4945 = AXIS2_PLACEMENT_2D('',#4946,#4947);
#4946 = CARTESIAN_POINT('',(-8.001134870573,7.245141612572));
#4947 = DIRECTION('',(-0.509041095663,0.860742216303));
#4948 = ( GEOMETRIC_REPRESENTATION_CONTEXT(2) 
PARAMETRIC_REPRESENTATION_CONTEXT() REPRESENTATION_CONTEXT('2D SPACE',''
  ) );
#4949 = PCURVE('',#4895,#4950);
#4950 = DEFINITIONAL_REPRESENTATION('',(#4951),#4955);
#4951 = LINE('',#4952,#4953);
#4952 = CARTESIAN_POINT('',(0.,-1.2));
#4953 = VECTOR('',#4954,1.);
#4954 = DIRECTION('',(1.,-0.));
#4955 = ( GEOMETRIC_REPRESENTATION_CONTEXT(2) 
PARAMETRIC_REPRESENTATION_CONTEXT() REPRESENTATION_CONTEXT('2D SPACE',''
  ) );
#4956 = ORIENTED_EDGE('',*,*,#4957,.T.);
#4957 = EDGE_CURVE('',#4934,#4958,#4960,.T.);
#4958 = VERTEX_POINT('',#4959);
#4959 = CARTESIAN_POINT('',(36.6,-7.245141612572,12.7));
#4960 = SURFACE_CURVE('',#4961,(#4965,#4972),.PCURVE_S1.);
#4961 = LINE('',#4962,#4963);
#4962 = CARTESIAN_POINT('',(36.6,7.245141612572,12.7));
#4963 = VECTOR('',#4964,1.);
#4964 = DIRECTION('',(0.,-1.,0.));
#4965 = PCURVE('',#2454,#4966);
#4966 = DEFINITIONAL_REPRESENTATION('',(#4967),#4971);
#4967 = LINE('',#4968,#4969);
#4968 = CARTESIAN_POINT('',(-9.001134870573,7.245141612572));
#4969 = VECTOR('',#4970,1.);
#4970 = DIRECTION('',(0.,-1.));
#4971 = ( GEOMETRIC_REPRESENTATION_CONTEXT(2) 
PARAMETRIC_REPRESENTATION_CONTEXT() REPRESENTATION_CONTEXT('2D SPACE',''
  ) );
#4972 = PCURVE('',#4973,#4978);
#4973 = PLANE('',#4974);
#4974 = AXIS2_PLACEMENT_3D('',#4975,#4976,#4977);
#4975 = CARTESIAN_POINT('',(37.2,7.245141612572,12.1));
#4976 = DIRECTION('',(-0.707106781187,8.834962009949E-18,-0.707106781187
    ));
#4977 = DIRECTION('',(-6.24726154876E-18,-1.,-6.24726154876E-18));
#4978 = DEFINITIONAL_REPRESENTATION('',(#4979),#4983);
#4979 = LINE('',#4980,#4981);
#4980 = CARTESIAN_POINT('',(0.,0.848528137424));
#4981 = VECTOR('',#4982,1.);
#4982 = DIRECTION('',(1.,0.));
#4983 = ( GEOMETRIC_REPRESENTATION_CONTEXT(2) 
PARAMETRIC_REPRESENTATION_CONTEXT() REPRESENTATION_CONTEXT('2D SPACE',''
  ) );
#4984 = ORIENTED_EDGE('',*,*,#4985,.T.);
#4985 = EDGE_CURVE('',#4958,#4986,#4988,.T.);
#4986 = VERTEX_POINT('',#4987);
#4987 = CARTESIAN_POINT('',(36.109041095663,-8.105883828875,12.7));
#4988 = SURFACE_CURVE('',#4989,(#4994,#5001),.PCURVE_S1.);
#4989 = CIRCLE('',#4990,1.);
#4990 = AXIS2_PLACEMENT_3D('',#4991,#4992,#4993);
#4991 = CARTESIAN_POINT('',(35.6,-7.245141612572,12.7));
#4992 = DIRECTION('',(0.,0.,-1.));
#4993 = DIRECTION('',(1.,0.,0.));
#4994 = PCURVE('',#2454,#4995);
#4995 = DEFINITIONAL_REPRESENTATION('',(#4996),#5000);
#4996 = CIRCLE('',#4997,1.);
#4997 = AXIS2_PLACEMENT_2D('',#4998,#4999);
#4998 = CARTESIAN_POINT('',(-8.001134870573,-7.245141612572));
#4999 = DIRECTION('',(-1.,0.));
#5000 = ( GEOMETRIC_REPRESENTATION_CONTEXT(2) 
PARAMETRIC_REPRESENTATION_CONTEXT() REPRESENTATION_CONTEXT('2D SPACE',''
  ) );
#5001 = PCURVE('',#5002,#5007);
#5002 = CONICAL_SURFACE('',#5003,2.2,0.785398163397);
#5003 = AXIS2_PLACEMENT_3D('',#5004,#5005,#5006);
#5004 = CARTESIAN_POINT('',(35.6,-7.245141612572,11.5));
#5005 = DIRECTION('',(-0.,0.,-1.));
#5006 = DIRECTION('',(1.,0.,0.));
#5007 = DEFINITIONAL_REPRESENTATION('',(#5008),#5012);
#5008 = LINE('',#5009,#5010);
#5009 = CARTESIAN_POINT('',(0.,-1.2));
#5010 = VECTOR('',#5011,1.);
#5011 = DIRECTION('',(1.,-0.));
#5012 = ( GEOMETRIC_REPRESENTATION_CONTEXT(2) 
PARAMETRIC_REPRESENTATION_CONTEXT() REPRESENTATION_CONTEXT('2D SPACE',''
  ) );
#5013 = ORIENTED_EDGE('',*,*,#5014,.T.);
#5014 = EDGE_CURVE('',#4986,#2985,#5015,.T.);
#5015 = SURFACE_CURVE('',#5016,(#5020,#5027),.PCURVE_S1.);
#5016 = LINE('',#5017,#5018);
#5017 = CARTESIAN_POINT('',(36.109041095663,-8.105883828875,12.7));
#5018 = VECTOR('',#5019,1.);
#5019 = DIRECTION('',(-0.860742216303,-0.509041095663,0.));
#5020 = PCURVE('',#2454,#5021);
#5021 = DEFINITIONAL_REPRESENTATION('',(#5022),#5026);
#5022 = LINE('',#5023,#5024);
#5023 = CARTESIAN_POINT('',(-8.510175966236,-8.105883828875));
#5024 = VECTOR('',#5025,1.);
#5025 = DIRECTION('',(0.860742216303,-0.509041095663));
#5026 = ( GEOMETRIC_REPRESENTATION_CONTEXT(2) 
PARAMETRIC_REPRESENTATION_CONTEXT() REPRESENTATION_CONTEXT('2D SPACE',''
  ) );
#5027 = PCURVE('',#3000,#5028);
#5028 = DEFINITIONAL_REPRESENTATION('',(#5029),#5033);
#5029 = LINE('',#5030,#5031);
#5030 = CARTESIAN_POINT('',(-3.552713678801E-15,0.848528137424));
#5031 = VECTOR('',#5032,1.);
#5032 = DIRECTION('',(1.,0.));
#5033 = ( GEOMETRIC_REPRESENTATION_CONTEXT(2) 
PARAMETRIC_REPRESENTATION_CONTEXT() REPRESENTATION_CONTEXT('2D SPACE',''
  ) );
#5034 = ORIENTED_EDGE('',*,*,#3012,.T.);
#5035 = ORIENTED_EDGE('',*,*,#4410,.F.);
#5036 = ORIENTED_EDGE('',*,*,#5037,.F.);
#5037 = EDGE_CURVE('',#4787,#4411,#5038,.T.);
#5038 = SURFACE_CURVE('',#5039,(#5042,#5048),.PCURVE_S1.);
#5039 = B_SPLINE_CURVE_WITH_KNOTS('',1,(#5040,#5041),.UNSPECIFIED.,.F.,
  .F.,(2,2),(0.,1.),.PIECEWISE_BEZIER_KNOTS.);
#5040 = CARTESIAN_POINT('',(22.8,12.825,12.7));
#5041 = CARTESIAN_POINT('',(22.8,-12.825,12.7));
#5042 = PCURVE('',#2454,#5043);
#5043 = DEFINITIONAL_REPRESENTATION('',(#5044),#5047);
#5044 = B_SPLINE_CURVE_WITH_KNOTS('',1,(#5045,#5046),.UNSPECIFIED.,.F.,
  .F.,(2,2),(0.,1.),.PIECEWISE_BEZIER_KNOTS.);
#5045 = CARTESIAN_POINT('',(4.798865129427,12.825));
#5046 = CARTESIAN_POINT('',(4.798865129427,-12.825));
#5047 = ( GEOMETRIC_REPRESENTATION_CONTEXT(2) 
PARAMETRIC_REPRESENTATION_CONTEXT() REPRESENTATION_CONTEXT('2D SPACE',''
  ) );
#5048 = PCURVE('',#4445,#5049);
#5049 = DEFINITIONAL_REPRESENTATION('',(#5050),#5053);
#5050 = B_SPLINE_CURVE_WITH_KNOTS('',1,(#5051,#5052),.UNSPECIFIED.,.F.,
  .F.,(2,2),(0.,1.),.PIECEWISE_BEZIER_KNOTS.);
#5051 = CARTESIAN_POINT('',(27.,0.24));
#5052 = CARTESIAN_POINT('',(0.,0.24));
#5053 = ( GEOMETRIC_REPRESENTATION_CONTEXT(2) 
PARAMETRIC_REPRESENTATION_CONTEXT() REPRESENTATION_CONTEXT('2D SPACE',''
  ) );
#5054 = FACE_BOUND('',#5055,.F.);
#5055 = EDGE_LOOP('',(#5056,#5057,#5058,#5059,#5060,#5061,#5062,#5063));
#5056 = ORIENTED_EDGE('',*,*,#4337,.F.);
#5057 = ORIENTED_EDGE('',*,*,#4283,.T.);
#5058 = ORIENTED_EDGE('',*,*,#4186,.F.);
#5059 = ORIENTED_EDGE('',*,*,#4111,.F.);
#5060 = ORIENTED_EDGE('',*,*,#3992,.F.);
#5061 = ORIENTED_EDGE('',*,*,#4039,.F.);
#5062 = ORIENTED_EDGE('',*,*,#4161,.F.);
#5063 = ORIENTED_EDGE('',*,*,#4233,.F.);
#5064 = ADVANCED_FACE('',(#5065),#2524,.F.);
#5065 = FACE_BOUND('',#5066,.F.);
#5066 = EDGE_LOOP('',(#5067,#5088,#5089,#5110));
#5067 = ORIENTED_EDGE('',*,*,#5068,.F.);
#5068 = EDGE_CURVE('',#2506,#3309,#5069,.T.);
#5069 = SURFACE_CURVE('',#5070,(#5074,#5081),.PCURVE_S1.);
#5070 = LINE('',#5071,#5072);
#5071 = CARTESIAN_POINT('',(-5.5,-27.,5.9));
#5072 = VECTOR('',#5073,1.);
#5073 = DIRECTION('',(0.,1.,0.));
#5074 = PCURVE('',#2524,#5075);
#5075 = DEFINITIONAL_REPRESENTATION('',(#5076),#5080);
#5076 = LINE('',#5077,#5078);
#5077 = CARTESIAN_POINT('',(0.,0.));
#5078 = VECTOR('',#5079,1.);
#5079 = DIRECTION('',(0.,1.));
#5080 = ( GEOMETRIC_REPRESENTATION_CONTEXT(2) 
PARAMETRIC_REPRESENTATION_CONTEXT() REPRESENTATION_CONTEXT('2D SPACE',''
  ) );
#5081 = PCURVE('',#2551,#5082);
#5082 = DEFINITIONAL_REPRESENTATION('',(#5083),#5087);
#5083 = LINE('',#5084,#5085);
#5084 = CARTESIAN_POINT('',(3.,0.));
#5085 = VECTOR('',#5086,1.);
#5086 = DIRECTION('',(0.,-1.));
#5087 = ( GEOMETRIC_REPRESENTATION_CONTEXT(2) 
PARAMETRIC_REPRESENTATION_CONTEXT() REPRESENTATION_CONTEXT('2D SPACE',''
  ) );
#5088 = ORIENTED_EDGE('',*,*,#2505,.T.);
#5089 = ORIENTED_EDGE('',*,*,#5090,.T.);
#5090 = EDGE_CURVE('',#2508,#3311,#5091,.T.);
#5091 = SURFACE_CURVE('',#5092,(#5096,#5103),.PCURVE_S1.);
#5092 = LINE('',#5093,#5094);
#5093 = CARTESIAN_POINT('',(-3.7,-27.,7.7));
#5094 = VECTOR('',#5095,1.);
#5095 = DIRECTION('',(0.,1.,0.));
#5096 = PCURVE('',#2524,#5097);
#5097 = DEFINITIONAL_REPRESENTATION('',(#5098),#5102);
#5098 = LINE('',#5099,#5100);
#5099 = CARTESIAN_POINT('',(1.570796326795,0.));
#5100 = VECTOR('',#5101,1.);
#5101 = DIRECTION('',(0.,1.));
#5102 = ( GEOMETRIC_REPRESENTATION_CONTEXT(2) 
PARAMETRIC_REPRESENTATION_CONTEXT() REPRESENTATION_CONTEXT('2D SPACE',''
  ) );
#5103 = PCURVE('',#2714,#5104);
#5104 = DEFINITIONAL_REPRESENTATION('',(#5105),#5109);
#5105 = LINE('',#5106,#5107);
#5106 = CARTESIAN_POINT('',(1.8,0.));
#5107 = VECTOR('',#5108,1.);
#5108 = DIRECTION('',(0.,1.));
#5109 = ( GEOMETRIC_REPRESENTATION_CONTEXT(2) 
PARAMETRIC_REPRESENTATION_CONTEXT() REPRESENTATION_CONTEXT('2D SPACE',''
  ) );
#5110 = ORIENTED_EDGE('',*,*,#3308,.F.);
#5111 = ADVANCED_FACE('',(#5112),#2714,.F.);
#5112 = FACE_BOUND('',#5113,.F.);
#5113 = EDGE_LOOP('',(#5114,#5115,#5116,#5117));
#5114 = ORIENTED_EDGE('',*,*,#3469,.F.);
#5115 = ORIENTED_EDGE('',*,*,#5090,.F.);
#5116 = ORIENTED_EDGE('',*,*,#2701,.F.);
#5117 = ORIENTED_EDGE('',*,*,#5118,.T.);
#5118 = EDGE_CURVE('',#2673,#3446,#5119,.T.);
#5119 = SURFACE_CURVE('',#5120,(#5124,#5131),.PCURVE_S1.);
#5120 = LINE('',#5121,#5122);
#5121 = CARTESIAN_POINT('',(3.7,-27.,7.7));
#5122 = VECTOR('',#5123,1.);
#5123 = DIRECTION('',(0.,1.,0.));
#5124 = PCURVE('',#2714,#5125);
#5125 = DEFINITIONAL_REPRESENTATION('',(#5126),#5130);
#5126 = LINE('',#5127,#5128);
#5127 = CARTESIAN_POINT('',(9.2,0.));
#5128 = VECTOR('',#5129,1.);
#5129 = DIRECTION('',(0.,1.));
#5130 = ( GEOMETRIC_REPRESENTATION_CONTEXT(2) 
PARAMETRIC_REPRESENTATION_CONTEXT() REPRESENTATION_CONTEXT('2D SPACE',''
  ) );
#5131 = PCURVE('',#2689,#5132);
#5132 = DEFINITIONAL_REPRESENTATION('',(#5133),#5137);
#5133 = LINE('',#5134,#5135);
#5134 = CARTESIAN_POINT('',(-1.570796326795,0.));
#5135 = VECTOR('',#5136,1.);
#5136 = DIRECTION('',(-0.,1.));
#5137 = ( GEOMETRIC_REPRESENTATION_CONTEXT(2) 
PARAMETRIC_REPRESENTATION_CONTEXT() REPRESENTATION_CONTEXT('2D SPACE',''
  ) );
#5138 = ADVANCED_FACE('',(#5139),#2689,.F.);
#5139 = FACE_BOUND('',#5140,.T.);
#5140 = EDGE_LOOP('',(#5141,#5162,#5163,#5164));
#5141 = ORIENTED_EDGE('',*,*,#5142,.F.);
#5142 = EDGE_CURVE('',#2647,#3425,#5143,.T.);
#5143 = SURFACE_CURVE('',#5144,(#5148,#5155),.PCURVE_S1.);
#5144 = LINE('',#5145,#5146);
#5145 = CARTESIAN_POINT('',(5.5,-27.,5.9));
#5146 = VECTOR('',#5147,1.);
#5147 = DIRECTION('',(0.,1.,0.));
#5148 = PCURVE('',#2689,#5149);
#5149 = DEFINITIONAL_REPRESENTATION('',(#5150),#5154);
#5150 = LINE('',#5151,#5152);
#5151 = CARTESIAN_POINT('',(-0.,0.));
#5152 = VECTOR('',#5153,1.);
#5153 = DIRECTION('',(-0.,1.));
#5154 = ( GEOMETRIC_REPRESENTATION_CONTEXT(2) 
PARAMETRIC_REPRESENTATION_CONTEXT() REPRESENTATION_CONTEXT('2D SPACE',''
  ) );
#5155 = PCURVE('',#2661,#5156);
#5156 = DEFINITIONAL_REPRESENTATION('',(#5157),#5161);
#5157 = LINE('',#5158,#5159);
#5158 = CARTESIAN_POINT('',(3.,0.));
#5159 = VECTOR('',#5160,1.);
#5160 = DIRECTION('',(0.,-1.));
#5161 = ( GEOMETRIC_REPRESENTATION_CONTEXT(2) 
PARAMETRIC_REPRESENTATION_CONTEXT() REPRESENTATION_CONTEXT('2D SPACE',''
  ) );
#5162 = ORIENTED_EDGE('',*,*,#2672,.F.);
#5163 = ORIENTED_EDGE('',*,*,#5118,.T.);
#5164 = ORIENTED_EDGE('',*,*,#3445,.T.);
#5165 = ADVANCED_FACE('',(#5166),#2661,.F.);
#5166 = FACE_BOUND('',#5167,.F.);
#5167 = EDGE_LOOP('',(#5168,#5169,#5170,#5191));
#5168 = ORIENTED_EDGE('',*,*,#5142,.F.);
#5169 = ORIENTED_EDGE('',*,*,#2646,.F.);
#5170 = ORIENTED_EDGE('',*,*,#5171,.T.);
#5171 = EDGE_CURVE('',#2618,#3401,#5172,.T.);
#5172 = SURFACE_CURVE('',#5173,(#5177,#5184),.PCURVE_S1.);
#5173 = LINE('',#5174,#5175);
#5174 = CARTESIAN_POINT('',(5.5,-27.,4.7));
#5175 = VECTOR('',#5176,1.);
#5176 = DIRECTION('',(0.,1.,0.));
#5177 = PCURVE('',#2661,#5178);
#5178 = DEFINITIONAL_REPRESENTATION('',(#5179),#5183);
#5179 = LINE('',#5180,#5181);
#5180 = CARTESIAN_POINT('',(1.8,0.));
#5181 = VECTOR('',#5182,1.);
#5182 = DIRECTION('',(0.,-1.));
#5183 = ( GEOMETRIC_REPRESENTATION_CONTEXT(2) 
PARAMETRIC_REPRESENTATION_CONTEXT() REPRESENTATION_CONTEXT('2D SPACE',''
  ) );
#5184 = PCURVE('',#2634,#5185);
#5185 = DEFINITIONAL_REPRESENTATION('',(#5186),#5190);
#5186 = LINE('',#5187,#5188);
#5187 = CARTESIAN_POINT('',(0.,0.));
#5188 = VECTOR('',#5189,1.);
#5189 = DIRECTION('',(0.,1.));
#5190 = ( GEOMETRIC_REPRESENTATION_CONTEXT(2) 
PARAMETRIC_REPRESENTATION_CONTEXT() REPRESENTATION_CONTEXT('2D SPACE',''
  ) );
#5191 = ORIENTED_EDGE('',*,*,#3424,.F.);
#5192 = ADVANCED_FACE('',(#5193),#2634,.F.);
#5193 = FACE_BOUND('',#5194,.F.);
#5194 = EDGE_LOOP('',(#5195,#5196,#5197,#5218));
#5195 = ORIENTED_EDGE('',*,*,#5171,.F.);
#5196 = ORIENTED_EDGE('',*,*,#2617,.T.);
#5197 = ORIENTED_EDGE('',*,*,#5198,.T.);
#5198 = EDGE_CURVE('',#2592,#3380,#5199,.T.);
#5199 = SURFACE_CURVE('',#5200,(#5204,#5211),.PCURVE_S1.);
#5200 = LINE('',#5201,#5202);
#5201 = CARTESIAN_POINT('',(3.7,-27.,2.9));
#5202 = VECTOR('',#5203,1.);
#5203 = DIRECTION('',(0.,1.,0.));
#5204 = PCURVE('',#2634,#5205);
#5205 = DEFINITIONAL_REPRESENTATION('',(#5206),#5210);
#5206 = LINE('',#5207,#5208);
#5207 = CARTESIAN_POINT('',(1.570796326795,0.));
#5208 = VECTOR('',#5209,1.);
#5209 = DIRECTION('',(0.,1.));
#5210 = ( GEOMETRIC_REPRESENTATION_CONTEXT(2) 
PARAMETRIC_REPRESENTATION_CONTEXT() REPRESENTATION_CONTEXT('2D SPACE',''
  ) );
#5211 = PCURVE('',#2606,#5212);
#5212 = DEFINITIONAL_REPRESENTATION('',(#5213),#5217);
#5213 = LINE('',#5214,#5215);
#5214 = CARTESIAN_POINT('',(9.2,0.));
#5215 = VECTOR('',#5216,1.);
#5216 = DIRECTION('',(0.,1.));
#5217 = ( GEOMETRIC_REPRESENTATION_CONTEXT(2) 
PARAMETRIC_REPRESENTATION_CONTEXT() REPRESENTATION_CONTEXT('2D SPACE',''
  ) );
#5218 = ORIENTED_EDGE('',*,*,#3400,.F.);
#5219 = ADVANCED_FACE('',(#5220),#2606,.T.);
#5220 = FACE_BOUND('',#5221,.T.);
#5221 = EDGE_LOOP('',(#5222,#5223,#5244,#5245));
#5222 = ORIENTED_EDGE('',*,*,#3379,.F.);
#5223 = ORIENTED_EDGE('',*,*,#5224,.F.);
#5224 = EDGE_CURVE('',#2563,#3356,#5225,.T.);
#5225 = SURFACE_CURVE('',#5226,(#5230,#5237),.PCURVE_S1.);
#5226 = LINE('',#5227,#5228);
#5227 = CARTESIAN_POINT('',(-3.7,-27.,2.9));
#5228 = VECTOR('',#5229,1.);
#5229 = DIRECTION('',(0.,1.,0.));
#5230 = PCURVE('',#2606,#5231);
#5231 = DEFINITIONAL_REPRESENTATION('',(#5232),#5236);
#5232 = LINE('',#5233,#5234);
#5233 = CARTESIAN_POINT('',(1.8,0.));
#5234 = VECTOR('',#5235,1.);
#5235 = DIRECTION('',(0.,1.));
#5236 = ( GEOMETRIC_REPRESENTATION_CONTEXT(2) 
PARAMETRIC_REPRESENTATION_CONTEXT() REPRESENTATION_CONTEXT('2D SPACE',''
  ) );
#5237 = PCURVE('',#2579,#5238);
#5238 = DEFINITIONAL_REPRESENTATION('',(#5239),#5243);
#5239 = LINE('',#5240,#5241);
#5240 = CARTESIAN_POINT('',(-1.570796326795,0.));
#5241 = VECTOR('',#5242,1.);
#5242 = DIRECTION('',(-0.,1.));
#5243 = ( GEOMETRIC_REPRESENTATION_CONTEXT(2) 
PARAMETRIC_REPRESENTATION_CONTEXT() REPRESENTATION_CONTEXT('2D SPACE',''
  ) );
#5244 = ORIENTED_EDGE('',*,*,#2591,.F.);
#5245 = ORIENTED_EDGE('',*,*,#5198,.T.);
#5246 = ADVANCED_FACE('',(#5247),#2579,.F.);
#5247 = FACE_BOUND('',#5248,.T.);
#5248 = EDGE_LOOP('',(#5249,#5270,#5271,#5272));
#5249 = ORIENTED_EDGE('',*,*,#5250,.F.);
#5250 = EDGE_CURVE('',#2537,#3335,#5251,.T.);
#5251 = SURFACE_CURVE('',#5252,(#5256,#5263),.PCURVE_S1.);
#5252 = LINE('',#5253,#5254);
#5253 = CARTESIAN_POINT('',(-5.5,-27.,4.7));
#5254 = VECTOR('',#5255,1.);
#5255 = DIRECTION('',(0.,1.,0.));
#5256 = PCURVE('',#2579,#5257);
#5257 = DEFINITIONAL_REPRESENTATION('',(#5258),#5262);
#5258 = LINE('',#5259,#5260);
#5259 = CARTESIAN_POINT('',(-0.,0.));
#5260 = VECTOR('',#5261,1.);
#5261 = DIRECTION('',(-0.,1.));
#5262 = ( GEOMETRIC_REPRESENTATION_CONTEXT(2) 
PARAMETRIC_REPRESENTATION_CONTEXT() REPRESENTATION_CONTEXT('2D SPACE',''
  ) );
#5263 = PCURVE('',#2551,#5264);
#5264 = DEFINITIONAL_REPRESENTATION('',(#5265),#5269);
#5265 = LINE('',#5266,#5267);
#5266 = CARTESIAN_POINT('',(1.8,0.));
#5267 = VECTOR('',#5268,1.);
#5268 = DIRECTION('',(0.,-1.));
#5269 = ( GEOMETRIC_REPRESENTATION_CONTEXT(2) 
PARAMETRIC_REPRESENTATION_CONTEXT() REPRESENTATION_CONTEXT('2D SPACE',''
  ) );
#5270 = ORIENTED_EDGE('',*,*,#2562,.F.);
#5271 = ORIENTED_EDGE('',*,*,#5224,.T.);
#5272 = ORIENTED_EDGE('',*,*,#3355,.T.);
#5273 = ADVANCED_FACE('',(#5274),#2551,.T.);
#5274 = FACE_BOUND('',#5275,.T.);
#5275 = EDGE_LOOP('',(#5276,#5277,#5278,#5279));
#5276 = ORIENTED_EDGE('',*,*,#5068,.F.);
#5277 = ORIENTED_EDGE('',*,*,#2536,.F.);
#5278 = ORIENTED_EDGE('',*,*,#5250,.T.);
#5279 = ORIENTED_EDGE('',*,*,#3334,.F.);
#5280 = ADVANCED_FACE('',(#5281),#2813,.T.);
#5281 = FACE_BOUND('',#5282,.F.);
#5282 = EDGE_LOOP('',(#5283,#5284,#5285,#5308));
#5283 = ORIENTED_EDGE('',*,*,#4829,.F.);
#5284 = ORIENTED_EDGE('',*,*,#2798,.T.);
#5285 = ORIENTED_EDGE('',*,*,#5286,.T.);
#5286 = EDGE_CURVE('',#2778,#5287,#5289,.T.);
#5287 = VERTEX_POINT('',#5288);
#5288 = CARTESIAN_POINT('',(37.8,7.245141612572,11.5));
#5289 = SURFACE_CURVE('',#5290,(#5294,#5301),.PCURVE_S1.);
#5290 = LINE('',#5291,#5292);
#5291 = CARTESIAN_POINT('',(37.8,7.245141612572,2.4));
#5292 = VECTOR('',#5293,1.);
#5293 = DIRECTION('',(0.,0.,1.));
#5294 = PCURVE('',#2813,#5295);
#5295 = DEFINITIONAL_REPRESENTATION('',(#5296),#5300);
#5296 = LINE('',#5297,#5298);
#5297 = CARTESIAN_POINT('',(-1.036725947558,0.));
#5298 = VECTOR('',#5299,1.);
#5299 = DIRECTION('',(-0.,1.));
#5300 = ( GEOMETRIC_REPRESENTATION_CONTEXT(2) 
PARAMETRIC_REPRESENTATION_CONTEXT() REPRESENTATION_CONTEXT('2D SPACE',''
  ) );
#5301 = PCURVE('',#2865,#5302);
#5302 = DEFINITIONAL_REPRESENTATION('',(#5303),#5307);
#5303 = LINE('',#5304,#5305);
#5304 = CARTESIAN_POINT('',(1.254858387428,0.));
#5305 = VECTOR('',#5306,1.);
#5306 = DIRECTION('',(0.,-1.));
#5307 = ( GEOMETRIC_REPRESENTATION_CONTEXT(2) 
PARAMETRIC_REPRESENTATION_CONTEXT() REPRESENTATION_CONTEXT('2D SPACE',''
  ) );
#5308 = ORIENTED_EDGE('',*,*,#5309,.F.);
#5309 = EDGE_CURVE('',#4830,#5287,#5310,.T.);
#5310 = SURFACE_CURVE('',#5311,(#5316,#5323),.PCURVE_S1.);
#5311 = CIRCLE('',#5312,2.2);
#5312 = AXIS2_PLACEMENT_3D('',#5313,#5314,#5315);
#5313 = CARTESIAN_POINT('',(35.6,7.245141612572,11.5));
#5314 = DIRECTION('',(0.,0.,-1.));
#5315 = DIRECTION('',(0.509041095663,0.860742216303,0.));
#5316 = PCURVE('',#2813,#5317);
#5317 = DEFINITIONAL_REPRESENTATION('',(#5318),#5322);
#5318 = LINE('',#5319,#5320);
#5319 = CARTESIAN_POINT('',(-3.229739708E-15,9.1));
#5320 = VECTOR('',#5321,1.);
#5321 = DIRECTION('',(-1.,0.));
#5322 = ( GEOMETRIC_REPRESENTATION_CONTEXT(2) 
PARAMETRIC_REPRESENTATION_CONTEXT() REPRESENTATION_CONTEXT('2D SPACE',''
  ) );
#5323 = PCURVE('',#4895,#5324);
#5324 = DEFINITIONAL_REPRESENTATION('',(#5325),#5329);
#5325 = LINE('',#5326,#5327);
#5326 = CARTESIAN_POINT('',(0.,-0.));
#5327 = VECTOR('',#5328,1.);
#5328 = DIRECTION('',(1.,-0.));
#5329 = ( GEOMETRIC_REPRESENTATION_CONTEXT(2) 
PARAMETRIC_REPRESENTATION_CONTEXT() REPRESENTATION_CONTEXT('2D SPACE',''
  ) );
#5330 = ADVANCED_FACE('',(#5331),#2865,.T.);
#5331 = FACE_BOUND('',#5332,.T.);
#5332 = EDGE_LOOP('',(#5333,#5334,#5357,#5378));
#5333 = ORIENTED_EDGE('',*,*,#5286,.T.);
#5334 = ORIENTED_EDGE('',*,*,#5335,.T.);
#5335 = EDGE_CURVE('',#5287,#5336,#5338,.T.);
#5336 = VERTEX_POINT('',#5337);
#5337 = CARTESIAN_POINT('',(37.8,-7.245141612572,11.5));
#5338 = SURFACE_CURVE('',#5339,(#5343,#5350),.PCURVE_S1.);
#5339 = LINE('',#5340,#5341);
#5340 = CARTESIAN_POINT('',(37.8,7.245141612572,11.5));
#5341 = VECTOR('',#5342,1.);
#5342 = DIRECTION('',(0.,-1.,0.));
#5343 = PCURVE('',#2865,#5344);
#5344 = DEFINITIONAL_REPRESENTATION('',(#5345),#5349);
#5345 = LINE('',#5346,#5347);
#5346 = CARTESIAN_POINT('',(1.254858387428,-9.1));
#5347 = VECTOR('',#5348,1.);
#5348 = DIRECTION('',(1.,0.));
#5349 = ( GEOMETRIC_REPRESENTATION_CONTEXT(2) 
PARAMETRIC_REPRESENTATION_CONTEXT() REPRESENTATION_CONTEXT('2D SPACE',''
  ) );
#5350 = PCURVE('',#4973,#5351);
#5351 = DEFINITIONAL_REPRESENTATION('',(#5352),#5356);
#5352 = LINE('',#5353,#5354);
#5353 = CARTESIAN_POINT('',(0.,-0.848528137424));
#5354 = VECTOR('',#5355,1.);
#5355 = DIRECTION('',(1.,0.));
#5356 = ( GEOMETRIC_REPRESENTATION_CONTEXT(2) 
PARAMETRIC_REPRESENTATION_CONTEXT() REPRESENTATION_CONTEXT('2D SPACE',''
  ) );
#5357 = ORIENTED_EDGE('',*,*,#5358,.F.);
#5358 = EDGE_CURVE('',#2831,#5336,#5359,.T.);
#5359 = SURFACE_CURVE('',#5360,(#5364,#5371),.PCURVE_S1.);
#5360 = LINE('',#5361,#5362);
#5361 = CARTESIAN_POINT('',(37.8,-7.245141612572,2.4));
#5362 = VECTOR('',#5363,1.);
#5363 = DIRECTION('',(0.,0.,1.));
#5364 = PCURVE('',#2865,#5365);
#5365 = DEFINITIONAL_REPRESENTATION('',(#5366),#5370);
#5366 = LINE('',#5367,#5368);
#5367 = CARTESIAN_POINT('',(15.745141612572,0.));
#5368 = VECTOR('',#5369,1.);
#5369 = DIRECTION('',(0.,-1.));
#5370 = ( GEOMETRIC_REPRESENTATION_CONTEXT(2) 
PARAMETRIC_REPRESENTATION_CONTEXT() REPRESENTATION_CONTEXT('2D SPACE',''
  ) );
#5371 = PCURVE('',#2918,#5372);
#5372 = DEFINITIONAL_REPRESENTATION('',(#5373),#5377);
#5373 = LINE('',#5374,#5375);
#5374 = CARTESIAN_POINT('',(-0.,0.));
#5375 = VECTOR('',#5376,1.);
#5376 = DIRECTION('',(-0.,1.));
#5377 = ( GEOMETRIC_REPRESENTATION_CONTEXT(2) 
PARAMETRIC_REPRESENTATION_CONTEXT() REPRESENTATION_CONTEXT('2D SPACE',''
  ) );
#5378 = ORIENTED_EDGE('',*,*,#2851,.F.);
#5379 = ADVANCED_FACE('',(#5380),#2918,.T.);
#5380 = FACE_BOUND('',#5381,.F.);
#5381 = EDGE_LOOP('',(#5382,#5383,#5384,#5407));
#5382 = ORIENTED_EDGE('',*,*,#5358,.F.);
#5383 = ORIENTED_EDGE('',*,*,#2903,.T.);
#5384 = ORIENTED_EDGE('',*,*,#5385,.T.);
#5385 = EDGE_CURVE('',#2883,#5386,#5388,.T.);
#5386 = VERTEX_POINT('',#5387);
#5387 = CARTESIAN_POINT('',(36.719890410459,-9.138774488438,11.5));
#5388 = SURFACE_CURVE('',#5389,(#5393,#5400),.PCURVE_S1.);
#5389 = LINE('',#5390,#5391);
#5390 = CARTESIAN_POINT('',(36.719890410459,-9.138774488438,2.4));
#5391 = VECTOR('',#5392,1.);
#5392 = DIRECTION('',(0.,0.,1.));
#5393 = PCURVE('',#2918,#5394);
#5394 = DEFINITIONAL_REPRESENTATION('',(#5395),#5399);
#5395 = LINE('',#5396,#5397);
#5396 = CARTESIAN_POINT('',(-1.036725947558,0.));
#5397 = VECTOR('',#5398,1.);
#5398 = DIRECTION('',(-0.,1.));
#5399 = ( GEOMETRIC_REPRESENTATION_CONTEXT(2) 
PARAMETRIC_REPRESENTATION_CONTEXT() REPRESENTATION_CONTEXT('2D SPACE',''
  ) );
#5400 = PCURVE('',#2972,#5401);
#5401 = DEFINITIONAL_REPRESENTATION('',(#5402),#5406);
#5402 = LINE('',#5403,#5404);
#5403 = CARTESIAN_POINT('',(1.254858387428,0.));
#5404 = VECTOR('',#5405,1.);
#5405 = DIRECTION('',(0.,-1.));
#5406 = ( GEOMETRIC_REPRESENTATION_CONTEXT(2) 
PARAMETRIC_REPRESENTATION_CONTEXT() REPRESENTATION_CONTEXT('2D SPACE',''
  ) );
#5407 = ORIENTED_EDGE('',*,*,#5408,.F.);
#5408 = EDGE_CURVE('',#5336,#5386,#5409,.T.);
#5409 = SURFACE_CURVE('',#5410,(#5415,#5422),.PCURVE_S1.);
#5410 = CIRCLE('',#5411,2.2);
#5411 = AXIS2_PLACEMENT_3D('',#5412,#5413,#5414);
#5412 = CARTESIAN_POINT('',(35.6,-7.245141612572,11.5));
#5413 = DIRECTION('',(0.,0.,-1.));
#5414 = DIRECTION('',(1.,0.,0.));
#5415 = PCURVE('',#2918,#5416);
#5416 = DEFINITIONAL_REPRESENTATION('',(#5417),#5421);
#5417 = LINE('',#5418,#5419);
#5418 = CARTESIAN_POINT('',(-0.,9.1));
#5419 = VECTOR('',#5420,1.);
#5420 = DIRECTION('',(-1.,0.));
#5421 = ( GEOMETRIC_REPRESENTATION_CONTEXT(2) 
PARAMETRIC_REPRESENTATION_CONTEXT() REPRESENTATION_CONTEXT('2D SPACE',''
  ) );
#5422 = PCURVE('',#5002,#5423);
#5423 = DEFINITIONAL_REPRESENTATION('',(#5424),#5428);
#5424 = LINE('',#5425,#5426);
#5425 = CARTESIAN_POINT('',(0.,-0.));
#5426 = VECTOR('',#5427,1.);
#5427 = DIRECTION('',(1.,-0.));
#5428 = ( GEOMETRIC_REPRESENTATION_CONTEXT(2) 
PARAMETRIC_REPRESENTATION_CONTEXT() REPRESENTATION_CONTEXT('2D SPACE',''
  ) );
#5429 = ADVANCED_FACE('',(#5430),#3000,.F.);
#5430 = FACE_BOUND('',#5431,.F.);
#5431 = EDGE_LOOP('',(#5432,#5451,#5472,#5473));
#5432 = ORIENTED_EDGE('',*,*,#5433,.F.);
#5433 = EDGE_CURVE('',#5386,#4986,#5434,.T.);
#5434 = SURFACE_CURVE('',#5435,(#5439,#5445),.PCURVE_S1.);
#5435 = LINE('',#5436,#5437);
#5436 = CARTESIAN_POINT('',(36.719890410459,-9.138774488438,11.5));
#5437 = VECTOR('',#5438,1.);
#5438 = DIRECTION('',(-0.359946410646,0.608636658001,0.707106781187));
#5439 = PCURVE('',#3000,#5440);
#5440 = DEFINITIONAL_REPRESENTATION('',(#5441),#5444);
#5441 = B_SPLINE_CURVE_WITH_KNOTS('',1,(#5442,#5443),.UNSPECIFIED.,.F.,
  .F.,(2,2),(0.,1.697056274848),.PIECEWISE_BEZIER_KNOTS.);
#5442 = CARTESIAN_POINT('',(-3.552713678801E-15,-0.848528137424));
#5443 = CARTESIAN_POINT('',(-3.552713678801E-15,0.848528137424));
#5444 = ( GEOMETRIC_REPRESENTATION_CONTEXT(2) 
PARAMETRIC_REPRESENTATION_CONTEXT() REPRESENTATION_CONTEXT('2D SPACE',''
  ) );
#5445 = PCURVE('',#5002,#5446);
#5446 = DEFINITIONAL_REPRESENTATION('',(#5447),#5450);
#5447 = B_SPLINE_CURVE_WITH_KNOTS('',1,(#5448,#5449),.UNSPECIFIED.,.F.,
  .F.,(2,2),(0.,1.697056274848),.PIECEWISE_BEZIER_KNOTS.);
#5448 = CARTESIAN_POINT('',(1.036725947558,0.));
#5449 = CARTESIAN_POINT('',(1.036725947558,-1.2));
#5450 = ( GEOMETRIC_REPRESENTATION_CONTEXT(2) 
PARAMETRIC_REPRESENTATION_CONTEXT() REPRESENTATION_CONTEXT('2D SPACE',''
  ) );
#5451 = ORIENTED_EDGE('',*,*,#5452,.T.);
#5452 = EDGE_CURVE('',#5386,#2957,#5453,.T.);
#5453 = SURFACE_CURVE('',#5454,(#5458,#5465),.PCURVE_S1.);
#5454 = LINE('',#5455,#5456);
#5455 = CARTESIAN_POINT('',(36.719890410459,-9.138774488438,11.5));
#5456 = VECTOR('',#5457,1.);
#5457 = DIRECTION('',(-0.860742216303,-0.509041095663,0.));
#5458 = PCURVE('',#3000,#5459);
#5459 = DEFINITIONAL_REPRESENTATION('',(#5460),#5464);
#5460 = LINE('',#5461,#5462);
#5461 = CARTESIAN_POINT('',(0.,-0.848528137424));
#5462 = VECTOR('',#5463,1.);
#5463 = DIRECTION('',(1.,0.));
#5464 = ( GEOMETRIC_REPRESENTATION_CONTEXT(2) 
PARAMETRIC_REPRESENTATION_CONTEXT() REPRESENTATION_CONTEXT('2D SPACE',''
  ) );
#5465 = PCURVE('',#2972,#5466);
#5466 = DEFINITIONAL_REPRESENTATION('',(#5467),#5471);
#5467 = LINE('',#5468,#5469);
#5468 = CARTESIAN_POINT('',(1.254858387428,-9.1));
#5469 = VECTOR('',#5470,1.);
#5470 = DIRECTION('',(1.,0.));
#5471 = ( GEOMETRIC_REPRESENTATION_CONTEXT(2) 
PARAMETRIC_REPRESENTATION_CONTEXT() REPRESENTATION_CONTEXT('2D SPACE',''
  ) );
#5472 = ORIENTED_EDGE('',*,*,#2984,.T.);
#5473 = ORIENTED_EDGE('',*,*,#5014,.F.);
#5474 = ADVANCED_FACE('',(#5475),#2972,.T.);
#5475 = FACE_BOUND('',#5476,.T.);
#5476 = EDGE_LOOP('',(#5477,#5478,#5479,#5480));
#5477 = ORIENTED_EDGE('',*,*,#5385,.T.);
#5478 = ORIENTED_EDGE('',*,*,#5452,.T.);
#5479 = ORIENTED_EDGE('',*,*,#2956,.F.);
#5480 = ORIENTED_EDGE('',*,*,#3073,.F.);
#5481 = ADVANCED_FACE('',(#5482),#3273,.T.);
#5482 = FACE_BOUND('',#5483,.T.);
#5483 = EDGE_LOOP('',(#5484,#5485,#5486,#5487));
#5484 = ORIENTED_EDGE('',*,*,#3494,.F.);
#5485 = ORIENTED_EDGE('',*,*,#3258,.T.);
#5486 = ORIENTED_EDGE('',*,*,#3592,.T.);
#5487 = ORIENTED_EDGE('',*,*,#3545,.F.);
#5488 = ADVANCED_FACE('',(#5489),#1175,.F.);
#5489 = FACE_BOUND('',#5490,.F.);
#5490 = EDGE_LOOP('',(#5491,#5514,#5515,#5516));
#5491 = ORIENTED_EDGE('',*,*,#5492,.F.);
#5492 = EDGE_CURVE('',#3192,#5493,#5495,.T.);
#5493 = VERTEX_POINT('',#5494);
#5494 = CARTESIAN_POINT('',(7.1,-21.45,4.1));
#5495 = SURFACE_CURVE('',#5496,(#5500,#5507),.PCURVE_S1.);
#5496 = LINE('',#5497,#5498);
#5497 = CARTESIAN_POINT('',(7.1,-22.,4.1));
#5498 = VECTOR('',#5499,1.);
#5499 = DIRECTION('',(0.,1.,0.));
#5500 = PCURVE('',#1175,#5501);
#5501 = DEFINITIONAL_REPRESENTATION('',(#5502),#5506);
#5502 = LINE('',#5503,#5504);
#5503 = CARTESIAN_POINT('',(1.7,0.));
#5504 = VECTOR('',#5505,1.);
#5505 = DIRECTION('',(0.,-1.));
#5506 = ( GEOMETRIC_REPRESENTATION_CONTEXT(2) 
PARAMETRIC_REPRESENTATION_CONTEXT() REPRESENTATION_CONTEXT('2D SPACE',''
  ) );
#5507 = PCURVE('',#3206,#5508);
#5508 = DEFINITIONAL_REPRESENTATION('',(#5509),#5513);
#5509 = LINE('',#5510,#5511);
#5510 = CARTESIAN_POINT('',(0.,0.));
#5511 = VECTOR('',#5512,1.);
#5512 = DIRECTION('',(0.,1.));
#5513 = ( GEOMETRIC_REPRESENTATION_CONTEXT(2) 
PARAMETRIC_REPRESENTATION_CONTEXT() REPRESENTATION_CONTEXT('2D SPACE',''
  ) );
#5514 = ORIENTED_EDGE('',*,*,#3217,.T.);
#5515 = ORIENTED_EDGE('',*,*,#1159,.T.);
#5516 = ORIENTED_EDGE('',*,*,#5517,.T.);
#5517 = EDGE_CURVE('',#1132,#5493,#5518,.T.);
#5518 = SURFACE_CURVE('',#5519,(#5523,#5530),.PCURVE_S1.);
#5519 = LINE('',#5520,#5521);
#5520 = CARTESIAN_POINT('',(7.1,-21.45,2.4));
#5521 = VECTOR('',#5522,1.);
#5522 = DIRECTION('',(0.,0.,1.));
#5523 = PCURVE('',#1175,#5524);
#5524 = DEFINITIONAL_REPRESENTATION('',(#5525),#5529);
#5525 = LINE('',#5526,#5527);
#5526 = CARTESIAN_POINT('',(0.,-0.55));
#5527 = VECTOR('',#5528,1.);
#5528 = DIRECTION('',(1.,0.));
#5529 = ( GEOMETRIC_REPRESENTATION_CONTEXT(2) 
PARAMETRIC_REPRESENTATION_CONTEXT() REPRESENTATION_CONTEXT('2D SPACE',''
  ) );
#5530 = PCURVE('',#1147,#5531);
#5531 = DEFINITIONAL_REPRESENTATION('',(#5532),#5536);
#5532 = LINE('',#5533,#5534);
#5533 = CARTESIAN_POINT('',(0.,0.));
#5534 = VECTOR('',#5535,1.);
#5535 = DIRECTION('',(1.,0.));
#5536 = ( GEOMETRIC_REPRESENTATION_CONTEXT(2) 
PARAMETRIC_REPRESENTATION_CONTEXT() REPRESENTATION_CONTEXT('2D SPACE',''
  ) );
#5537 = ADVANCED_FACE('',(#5538),#3206,.T.);
#5538 = FACE_BOUND('',#5539,.T.);
#5539 = EDGE_LOOP('',(#5540,#5541,#5542,#5565));
#5540 = ORIENTED_EDGE('',*,*,#5492,.F.);
#5541 = ORIENTED_EDGE('',*,*,#3191,.T.);
#5542 = ORIENTED_EDGE('',*,*,#5543,.T.);
#5543 = EDGE_CURVE('',#3171,#5544,#5546,.T.);
#5544 = VERTEX_POINT('',#5545);
#5545 = CARTESIAN_POINT('',(8.5,-21.45,4.1));
#5546 = SURFACE_CURVE('',#5547,(#5551,#5558),.PCURVE_S1.);
#5547 = LINE('',#5548,#5549);
#5548 = CARTESIAN_POINT('',(8.5,-22.,4.1));
#5549 = VECTOR('',#5550,1.);
#5550 = DIRECTION('',(0.,1.,0.));
#5551 = PCURVE('',#3206,#5552);
#5552 = DEFINITIONAL_REPRESENTATION('',(#5553),#5557);
#5553 = LINE('',#5554,#5555);
#5554 = CARTESIAN_POINT('',(1.4,0.));
#5555 = VECTOR('',#5556,1.);
#5556 = DIRECTION('',(0.,1.));
#5557 = ( GEOMETRIC_REPRESENTATION_CONTEXT(2) 
PARAMETRIC_REPRESENTATION_CONTEXT() REPRESENTATION_CONTEXT('2D SPACE',''
  ) );
#5558 = PCURVE('',#1119,#5559);
#5559 = DEFINITIONAL_REPRESENTATION('',(#5560),#5564);
#5560 = LINE('',#5561,#5562);
#5561 = CARTESIAN_POINT('',(1.7,0.));
#5562 = VECTOR('',#5563,1.);
#5563 = DIRECTION('',(0.,-1.));
#5564 = ( GEOMETRIC_REPRESENTATION_CONTEXT(2) 
PARAMETRIC_REPRESENTATION_CONTEXT() REPRESENTATION_CONTEXT('2D SPACE',''
  ) );
#5565 = ORIENTED_EDGE('',*,*,#5566,.F.);
#5566 = EDGE_CURVE('',#5493,#5544,#5567,.T.);
#5567 = SURFACE_CURVE('',#5568,(#5572,#5579),.PCURVE_S1.);
#5568 = LINE('',#5569,#5570);
#5569 = CARTESIAN_POINT('',(7.1,-21.45,4.1));
#5570 = VECTOR('',#5571,1.);
#5571 = DIRECTION('',(1.,0.,0.));
#5572 = PCURVE('',#3206,#5573);
#5573 = DEFINITIONAL_REPRESENTATION('',(#5574),#5578);
#5574 = LINE('',#5575,#5576);
#5575 = CARTESIAN_POINT('',(0.,0.55));
#5576 = VECTOR('',#5577,1.);
#5577 = DIRECTION('',(1.,0.));
#5578 = ( GEOMETRIC_REPRESENTATION_CONTEXT(2) 
PARAMETRIC_REPRESENTATION_CONTEXT() REPRESENTATION_CONTEXT('2D SPACE',''
  ) );
#5579 = PCURVE('',#1147,#5580);
#5580 = DEFINITIONAL_REPRESENTATION('',(#5581),#5585);
#5581 = LINE('',#5582,#5583);
#5582 = CARTESIAN_POINT('',(1.7,0.));
#5583 = VECTOR('',#5584,1.);
#5584 = DIRECTION('',(0.,1.));
#5585 = ( GEOMETRIC_REPRESENTATION_CONTEXT(2) 
PARAMETRIC_REPRESENTATION_CONTEXT() REPRESENTATION_CONTEXT('2D SPACE',''
  ) );
#5586 = ADVANCED_FACE('',(#5587),#1119,.T.);
#5587 = FACE_BOUND('',#5588,.T.);
#5588 = EDGE_LOOP('',(#5589,#5590,#5591,#5592));
#5589 = ORIENTED_EDGE('',*,*,#5543,.F.);
#5590 = ORIENTED_EDGE('',*,*,#3170,.T.);
#5591 = ORIENTED_EDGE('',*,*,#1103,.T.);
#5592 = ORIENTED_EDGE('',*,*,#5593,.T.);
#5593 = EDGE_CURVE('',#1104,#5544,#5594,.T.);
#5594 = SURFACE_CURVE('',#5595,(#5599,#5606),.PCURVE_S1.);
#5595 = LINE('',#5596,#5597);
#5596 = CARTESIAN_POINT('',(8.5,-21.45,2.4));
#5597 = VECTOR('',#5598,1.);
#5598 = DIRECTION('',(0.,0.,1.));
#5599 = PCURVE('',#1119,#5600);
#5600 = DEFINITIONAL_REPRESENTATION('',(#5601),#5605);
#5601 = LINE('',#5602,#5603);
#5602 = CARTESIAN_POINT('',(0.,-0.55));
#5603 = VECTOR('',#5604,1.);
#5604 = DIRECTION('',(1.,0.));
#5605 = ( GEOMETRIC_REPRESENTATION_CONTEXT(2) 
PARAMETRIC_REPRESENTATION_CONTEXT() REPRESENTATION_CONTEXT('2D SPACE',''
  ) );
#5606 = PCURVE('',#1147,#5607);
#5607 = DEFINITIONAL_REPRESENTATION('',(#5608),#5612);
#5608 = LINE('',#5609,#5610);
#5609 = CARTESIAN_POINT('',(0.,1.4));
#5610 = VECTOR('',#5611,1.);
#5611 = DIRECTION('',(1.,0.));
#5612 = ( GEOMETRIC_REPRESENTATION_CONTEXT(2) 
PARAMETRIC_REPRESENTATION_CONTEXT() REPRESENTATION_CONTEXT('2D SPACE',''
  ) );
#5613 = ADVANCED_FACE('',(#5614),#3137,.F.);
#5614 = FACE_BOUND('',#5615,.F.);
#5615 = EDGE_LOOP('',(#5616,#5617,#5639,#5666));
#5616 = ORIENTED_EDGE('',*,*,#3121,.T.);
#5617 = ORIENTED_EDGE('',*,*,#5618,.T.);
#5618 = EDGE_CURVE('',#3122,#5619,#5621,.T.);
#5619 = VERTEX_POINT('',#5620);
#5620 = CARTESIAN_POINT('',(10.6875,-16.8,13.7));
#5621 = SURFACE_CURVE('',#5622,(#5625,#5632),.PCURVE_S1.);
#5622 = B_SPLINE_CURVE_WITH_KNOTS('',1,(#5623,#5624),.UNSPECIFIED.,.F.,
  .F.,(2,2),(0.,1.),.PIECEWISE_BEZIER_KNOTS.);
#5623 = CARTESIAN_POINT('',(13.5,-21.8,11.5));
#5624 = CARTESIAN_POINT('',(10.6875,-16.8,13.7));
#5625 = PCURVE('',#3137,#5626);
#5626 = DEFINITIONAL_REPRESENTATION('',(#5627),#5631);
#5627 = LINE('',#5628,#5629);
#5628 = CARTESIAN_POINT('',(27.,0.));
#5629 = VECTOR('',#5630,1.);
#5630 = DIRECTION('',(0.,1.));
#5631 = ( GEOMETRIC_REPRESENTATION_CONTEXT(2) 
PARAMETRIC_REPRESENTATION_CONTEXT() REPRESENTATION_CONTEXT('2D SPACE',''
  ) );
#5632 = PCURVE('',#3636,#5633);
#5633 = DEFINITIONAL_REPRESENTATION('',(#5634),#5638);
#5634 = LINE('',#5635,#5636);
#5635 = CARTESIAN_POINT('',(0.,0.));
#5636 = VECTOR('',#5637,1.);
#5637 = DIRECTION('',(0.,1.));
#5638 = ( GEOMETRIC_REPRESENTATION_CONTEXT(2) 
PARAMETRIC_REPRESENTATION_CONTEXT() REPRESENTATION_CONTEXT('2D SPACE',''
  ) );
#5639 = ORIENTED_EDGE('',*,*,#5640,.F.);
#5640 = EDGE_CURVE('',#5641,#5619,#5643,.T.);
#5641 = VERTEX_POINT('',#5642);
#5642 = CARTESIAN_POINT('',(-10.6875,-16.8,13.7));
#5643 = SURFACE_CURVE('',#5644,(#5648,#5654),.PCURVE_S1.);
#5644 = LINE('',#5645,#5646);
#5645 = CARTESIAN_POINT('',(-10.6875,-16.8,13.7));
#5646 = VECTOR('',#5647,1.);
#5647 = DIRECTION('',(1.,0.,0.));
#5648 = PCURVE('',#3137,#5649);
#5649 = DEFINITIONAL_REPRESENTATION('',(#5650),#5653);
#5650 = B_SPLINE_CURVE_WITH_KNOTS('',1,(#5651,#5652),.UNSPECIFIED.,.F.,
  .F.,(2,2),(0.,21.375),.PIECEWISE_BEZIER_KNOTS.);
#5651 = CARTESIAN_POINT('',(0.,1.));
#5652 = CARTESIAN_POINT('',(27.,1.));
#5653 = ( GEOMETRIC_REPRESENTATION_CONTEXT(2) 
PARAMETRIC_REPRESENTATION_CONTEXT() REPRESENTATION_CONTEXT('2D SPACE',''
  ) );
#5654 = PCURVE('',#5655,#5660);
#5655 = PLANE('',#5656);
#5656 = AXIS2_PLACEMENT_3D('',#5657,#5658,#5659);
#5657 = CARTESIAN_POINT('',(-10.6875,-16.8,13.7));
#5658 = DIRECTION('',(0.,0.,-1.));
#5659 = DIRECTION('',(0.536753623025,0.843739028474,0.));
#5660 = DEFINITIONAL_REPRESENTATION('',(#5661),#5665);
#5661 = LINE('',#5662,#5663);
#5662 = CARTESIAN_POINT('',(0.,0.));
#5663 = VECTOR('',#5664,1.);
#5664 = DIRECTION('',(0.536753623025,0.843739028474));
#5665 = ( GEOMETRIC_REPRESENTATION_CONTEXT(2) 
PARAMETRIC_REPRESENTATION_CONTEXT() REPRESENTATION_CONTEXT('2D SPACE',''
  ) );
#5666 = ORIENTED_EDGE('',*,*,#5667,.F.);
#5667 = EDGE_CURVE('',#3099,#5641,#5668,.T.);
#5668 = SURFACE_CURVE('',#5669,(#5672,#5679),.PCURVE_S1.);
#5669 = B_SPLINE_CURVE_WITH_KNOTS('',1,(#5670,#5671),.UNSPECIFIED.,.F.,
  .F.,(2,2),(0.,1.),.PIECEWISE_BEZIER_KNOTS.);
#5670 = CARTESIAN_POINT('',(-13.5,-21.8,11.5));
#5671 = CARTESIAN_POINT('',(-10.6875,-16.8,13.7));
#5672 = PCURVE('',#3137,#5673);
#5673 = DEFINITIONAL_REPRESENTATION('',(#5674),#5678);
#5674 = LINE('',#5675,#5676);
#5675 = CARTESIAN_POINT('',(0.,0.));
#5676 = VECTOR('',#5677,1.);
#5677 = DIRECTION('',(0.,1.));
#5678 = ( GEOMETRIC_REPRESENTATION_CONTEXT(2) 
PARAMETRIC_REPRESENTATION_CONTEXT() REPRESENTATION_CONTEXT('2D SPACE',''
  ) );
#5679 = PCURVE('',#3952,#5680);
#5680 = DEFINITIONAL_REPRESENTATION('',(#5681),#5685);
#5681 = LINE('',#5682,#5683);
#5682 = CARTESIAN_POINT('',(11.737972567697,0.));
#5683 = VECTOR('',#5684,1.);
#5684 = DIRECTION('',(0.,1.));
#5685 = ( GEOMETRIC_REPRESENTATION_CONTEXT(2) 
PARAMETRIC_REPRESENTATION_CONTEXT() REPRESENTATION_CONTEXT('2D SPACE',''
  ) );
#5686 = ADVANCED_FACE('',(#5687),#3636,.F.);
#5687 = FACE_BOUND('',#5688,.F.);
#5688 = EDGE_LOOP('',(#5689,#5690,#5712,#5732));
#5689 = ORIENTED_EDGE('',*,*,#3620,.T.);
#5690 = ORIENTED_EDGE('',*,*,#5691,.T.);
#5691 = EDGE_CURVE('',#3621,#5692,#5694,.T.);
#5692 = VERTEX_POINT('',#5693);
#5693 = CARTESIAN_POINT('',(16.8,-10.6875,13.7));
#5694 = SURFACE_CURVE('',#5695,(#5698,#5705),.PCURVE_S1.);
#5695 = B_SPLINE_CURVE_WITH_KNOTS('',1,(#5696,#5697),.UNSPECIFIED.,.F.,
  .F.,(2,2),(0.,1.),.PIECEWISE_BEZIER_KNOTS.);
#5696 = CARTESIAN_POINT('',(21.8,-13.5,11.5));
#5697 = CARTESIAN_POINT('',(16.8,-10.6875,13.7));
#5698 = PCURVE('',#3636,#5699);
#5699 = DEFINITIONAL_REPRESENTATION('',(#5700),#5704);
#5700 = LINE('',#5701,#5702);
#5701 = CARTESIAN_POINT('',(11.737972567697,0.));
#5702 = VECTOR('',#5703,1.);
#5703 = DIRECTION('',(0.,1.));
#5704 = ( GEOMETRIC_REPRESENTATION_CONTEXT(2) 
PARAMETRIC_REPRESENTATION_CONTEXT() REPRESENTATION_CONTEXT('2D SPACE',''
  ) );
#5705 = PCURVE('',#3689,#5706);
#5706 = DEFINITIONAL_REPRESENTATION('',(#5707),#5711);
#5707 = LINE('',#5708,#5709);
#5708 = CARTESIAN_POINT('',(0.,0.));
#5709 = VECTOR('',#5710,1.);
#5710 = DIRECTION('',(0.,1.));
#5711 = ( GEOMETRIC_REPRESENTATION_CONTEXT(2) 
PARAMETRIC_REPRESENTATION_CONTEXT() REPRESENTATION_CONTEXT('2D SPACE',''
  ) );
#5712 = ORIENTED_EDGE('',*,*,#5713,.F.);
#5713 = EDGE_CURVE('',#5619,#5692,#5714,.T.);
#5714 = SURFACE_CURVE('',#5715,(#5719,#5725),.PCURVE_S1.);
#5715 = LINE('',#5716,#5717);
#5716 = CARTESIAN_POINT('',(10.6875,-16.8,13.7));
#5717 = VECTOR('',#5718,1.);
#5718 = DIRECTION('',(0.707106781187,0.707106781187,0.));
#5719 = PCURVE('',#3636,#5720);
#5720 = DEFINITIONAL_REPRESENTATION('',(#5721),#5724);
#5721 = B_SPLINE_CURVE_WITH_KNOTS('',1,(#5722,#5723),.UNSPECIFIED.,.F.,
  .F.,(2,2),(0.,8.644380400006),.PIECEWISE_BEZIER_KNOTS.);
#5722 = CARTESIAN_POINT('',(0.,1.));
#5723 = CARTESIAN_POINT('',(11.737972567697,1.));
#5724 = ( GEOMETRIC_REPRESENTATION_CONTEXT(2) 
PARAMETRIC_REPRESENTATION_CONTEXT() REPRESENTATION_CONTEXT('2D SPACE',''
  ) );
#5725 = PCURVE('',#5655,#5726);
#5726 = DEFINITIONAL_REPRESENTATION('',(#5727),#5731);
#5727 = LINE('',#5728,#5729);
#5728 = CARTESIAN_POINT('',(11.473108692152,18.034921733628));
#5729 = VECTOR('',#5730,1.);
#5730 = DIRECTION('',(0.976155715253,0.217071461918));
#5731 = ( GEOMETRIC_REPRESENTATION_CONTEXT(2) 
PARAMETRIC_REPRESENTATION_CONTEXT() REPRESENTATION_CONTEXT('2D SPACE',''
  ) );
#5732 = ORIENTED_EDGE('',*,*,#5618,.F.);
#5733 = ADVANCED_FACE('',(#5734,#5780),#3689,.F.);
#5734 = FACE_BOUND('',#5735,.F.);
#5735 = EDGE_LOOP('',(#5736,#5737,#5759,#5779));
#5736 = ORIENTED_EDGE('',*,*,#3673,.T.);
#5737 = ORIENTED_EDGE('',*,*,#5738,.T.);
#5738 = EDGE_CURVE('',#3674,#5739,#5741,.T.);
#5739 = VERTEX_POINT('',#5740);
#5740 = CARTESIAN_POINT('',(16.8,10.6875,13.7));
#5741 = SURFACE_CURVE('',#5742,(#5745,#5752),.PCURVE_S1.);
#5742 = B_SPLINE_CURVE_WITH_KNOTS('',1,(#5743,#5744),.UNSPECIFIED.,.F.,
  .F.,(2,2),(0.,1.),.PIECEWISE_BEZIER_KNOTS.);
#5743 = CARTESIAN_POINT('',(21.8,13.5,11.5));
#5744 = CARTESIAN_POINT('',(16.8,10.6875,13.7));
#5745 = PCURVE('',#3689,#5746);
#5746 = DEFINITIONAL_REPRESENTATION('',(#5747),#5751);
#5747 = LINE('',#5748,#5749);
#5748 = CARTESIAN_POINT('',(27.,0.));
#5749 = VECTOR('',#5750,1.);
#5750 = DIRECTION('',(0.,1.));
#5751 = ( GEOMETRIC_REPRESENTATION_CONTEXT(2) 
PARAMETRIC_REPRESENTATION_CONTEXT() REPRESENTATION_CONTEXT('2D SPACE',''
  ) );
#5752 = PCURVE('',#3742,#5753);
#5753 = DEFINITIONAL_REPRESENTATION('',(#5754),#5758);
#5754 = LINE('',#5755,#5756);
#5755 = CARTESIAN_POINT('',(0.,0.));
#5756 = VECTOR('',#5757,1.);
#5757 = DIRECTION('',(0.,1.));
#5758 = ( GEOMETRIC_REPRESENTATION_CONTEXT(2) 
PARAMETRIC_REPRESENTATION_CONTEXT() REPRESENTATION_CONTEXT('2D SPACE',''
  ) );
#5759 = ORIENTED_EDGE('',*,*,#5760,.F.);
#5760 = EDGE_CURVE('',#5692,#5739,#5761,.T.);
#5761 = SURFACE_CURVE('',#5762,(#5766,#5772),.PCURVE_S1.);
#5762 = LINE('',#5763,#5764);
#5763 = CARTESIAN_POINT('',(16.8,-10.6875,13.7));
#5764 = VECTOR('',#5765,1.);
#5765 = DIRECTION('',(0.,1.,0.));
#5766 = PCURVE('',#3689,#5767);
#5767 = DEFINITIONAL_REPRESENTATION('',(#5768),#5771);
#5768 = B_SPLINE_CURVE_WITH_KNOTS('',1,(#5769,#5770),.UNSPECIFIED.,.F.,
  .F.,(2,2),(0.,21.375),.PIECEWISE_BEZIER_KNOTS.);
#5769 = CARTESIAN_POINT('',(0.,1.));
#5770 = CARTESIAN_POINT('',(27.,1.));
#5771 = ( GEOMETRIC_REPRESENTATION_CONTEXT(2) 
PARAMETRIC_REPRESENTATION_CONTEXT() REPRESENTATION_CONTEXT('2D SPACE',''
  ) );
#5772 = PCURVE('',#5655,#5773);
#5773 = DEFINITIONAL_REPRESENTATION('',(#5774),#5778);
#5774 = LINE('',#5775,#5776);
#5775 = CARTESIAN_POINT('',(19.911370024436,19.911370024436));
#5776 = VECTOR('',#5777,1.);
#5777 = DIRECTION('',(0.843739028474,-0.536753623025));
#5778 = ( GEOMETRIC_REPRESENTATION_CONTEXT(2) 
PARAMETRIC_REPRESENTATION_CONTEXT() REPRESENTATION_CONTEXT('2D SPACE',''
  ) );
#5779 = ORIENTED_EDGE('',*,*,#5691,.F.);
#5780 = FACE_BOUND('',#5781,.F.);
#5781 = EDGE_LOOP('',(#5782,#5809,#5906));
#5782 = ORIENTED_EDGE('',*,*,#5783,.F.);
#5783 = EDGE_CURVE('',#5784,#5786,#5788,.T.);
#5784 = VERTEX_POINT('',#5785);
#5785 = CARTESIAN_POINT('',(17.709090909091,2.668439405206,13.3));
#5786 = VERTEX_POINT('',#5787);
#5787 = CARTESIAN_POINT('',(17.709090909091,-3.668439405206,13.3));
#5788 = SURFACE_CURVE('',#5789,(#5792,#5798),.PCURVE_S1.);
#5789 = B_SPLINE_CURVE_WITH_KNOTS('',1,(#5790,#5791),.UNSPECIFIED.,.F.,
  .F.,(2,2),(0.,1.),.PIECEWISE_BEZIER_KNOTS.);
#5790 = CARTESIAN_POINT('',(17.709090909091,3.1,13.3));
#5791 = CARTESIAN_POINT('',(17.709090909091,-4.1,13.3));
#5792 = PCURVE('',#3689,#5793);
#5793 = DEFINITIONAL_REPRESENTATION('',(#5794),#5797);
#5794 = B_SPLINE_CURVE_WITH_KNOTS('',1,(#5795,#5796),.UNSPECIFIED.,.F.,
  .F.,(2,2),(0.,1.),.PIECEWISE_BEZIER_KNOTS.);
#5795 = CARTESIAN_POINT('',(17.23698630137,0.818181818182));
#5796 = CARTESIAN_POINT('',(8.557534246575,0.818181818182));
#5797 = ( GEOMETRIC_REPRESENTATION_CONTEXT(2) 
PARAMETRIC_REPRESENTATION_CONTEXT() REPRESENTATION_CONTEXT('2D SPACE',''
  ) );
#5798 = PCURVE('',#5799,#5804);
#5799 = PLANE('',#5800);
#5800 = AXIS2_PLACEMENT_3D('',#5801,#5802,#5803);
#5801 = CARTESIAN_POINT('',(16.,-0.5,13.3));
#5802 = DIRECTION('',(0.,0.,1.));
#5803 = DIRECTION('',(1.,0.,-0.));
#5804 = DEFINITIONAL_REPRESENTATION('',(#5805),#5808);
#5805 = B_SPLINE_CURVE_WITH_KNOTS('',1,(#5806,#5807),.UNSPECIFIED.,.F.,
  .F.,(2,2),(0.,1.),.PIECEWISE_BEZIER_KNOTS.);
#5806 = CARTESIAN_POINT('',(1.709090909091,3.6));
#5807 = CARTESIAN_POINT('',(1.709090909091,-3.6));
#5808 = ( GEOMETRIC_REPRESENTATION_CONTEXT(2) 
PARAMETRIC_REPRESENTATION_CONTEXT() REPRESENTATION_CONTEXT('2D SPACE',''
  ) );
#5809 = ORIENTED_EDGE('',*,*,#5810,.T.);
#5810 = EDGE_CURVE('',#5784,#5811,#5813,.T.);
#5811 = VERTEX_POINT('',#5812);
#5812 = CARTESIAN_POINT('',(19.6,-0.5,12.468));
#5813 = SURFACE_CURVE('',#5814,(#5841,#5871),.PCURVE_S1.);
#5814 = B_SPLINE_CURVE_WITH_KNOTS('',7,(#5815,#5816,#5817,#5818,#5819,
    #5820,#5821,#5822,#5823,#5824,#5825,#5826,#5827,#5828,#5829,#5830,
    #5831,#5832,#5833,#5834,#5835,#5836,#5837,#5838,#5839,#5840),
  .UNSPECIFIED.,.F.,.F.,(8,6,6,6,8),(0.,9.624154372106E-03,
    0.175944615222,0.352707362241,1.),.UNSPECIFIED.);
#5815 = CARTESIAN_POINT('',(17.709089545455,2.668440140766,13.3000006));
#5816 = CARTESIAN_POINT('',(17.714069136391,2.665754097573,
    13.297809579988));
#5817 = CARTESIAN_POINT('',(17.719042126804,2.663059827692,
    13.295621464206));
#5818 = CARTESIAN_POINT('',(17.724008459186,2.660357376908,
    13.293436277958));
#5819 = CARTESIAN_POINT('',(17.728968098634,2.65764677876,
    13.291254036601));
#5820 = CARTESIAN_POINT('',(17.73392103285,2.65492805455,13.289074745546
    ));
#5821 = CARTESIAN_POINT('',(17.738867272138,2.652201213331,
    13.286898400259));
#5822 = CARTESIAN_POINT('',(17.829170480914,2.602201835217,
    13.247164988398));
#5823 = CARTESIAN_POINT('',(17.912535663151,2.552517118682,
    13.210484308214));
#5824 = CARTESIAN_POINT('',(17.993864168028,2.500508061026,
    13.174699766068));
#5825 = CARTESIAN_POINT('',(18.073119708705,2.446267522899,
    13.13982732817));
#5826 = CARTESIAN_POINT('',(18.1502682069,2.389885134145,13.105881988964
    ));
#5827 = CARTESIAN_POINT('',(18.225278060201,2.331447161058,
    13.072877653512));
#5828 = CARTESIAN_POINT('',(18.375536102398,2.206832747211,
    13.006764114945));
#5829 = CARTESIAN_POINT('',(18.450502072128,2.14040204974,
    12.973779088264));
#5830 = CARTESIAN_POINT('',(18.522982991311,2.07184412731,
    12.941887483823));
#5831 = CARTESIAN_POINT('',(18.592943881688,2.00125711865,
    12.911104692057));
#5832 = CARTESIAN_POINT('',(18.660350628583,1.928737518669,
    12.881445723424));
#5833 = CARTESIAN_POINT('',(18.725170495478,1.854380242001,
    12.852924981989));
#5834 = CARTESIAN_POINT('',(19.015152473289,1.49960019011,
    12.725332911753));
#5835 = CARTESIAN_POINT('',(19.207811597177,1.19755343234,
    12.640562897242));
#5836 = CARTESIAN_POINT('',(19.363871093293,0.876681793253,
    12.571896718951));
#5837 = CARTESIAN_POINT('',(19.481809520172,0.541628023641,
    12.520003811124));
#5838 = CARTESIAN_POINT('',(19.560659570647,0.197242365076,
    12.485309788915));
#5839 = CARTESIAN_POINT('',(19.6,-0.15158179217,12.468));
#5840 = CARTESIAN_POINT('',(19.6,-0.5,12.468));
#5841 = PCURVE('',#3689,#5842);
#5842 = DEFINITIONAL_REPRESENTATION('',(#5843),#5870);
#5843 = B_SPLINE_CURVE_WITH_KNOTS('',7,(#5844,#5845,#5846,#5847,#5848,
    #5849,#5850,#5851,#5852,#5853,#5854,#5855,#5856,#5857,#5858,#5859,
    #5860,#5861,#5862,#5863,#5864,#5865,#5866,#5867,#5868,#5869),
  .UNSPECIFIED.,.F.,.F.,(8,6,6,6,8),(0.,9.624154372106E-03,
    0.175944615222,0.352707362241,1.),.UNSPECIFIED.);
#5844 = CARTESIAN_POINT('',(16.716749744179,0.818182090909));
#5845 = CARTESIAN_POINT('',(16.712707212032,0.817186172722));
#5846 = CARTESIAN_POINT('',(16.708658339612,0.816191574639));
#5847 = CARTESIAN_POINT('',(16.704603037981,0.815198308163));
#5848 = CARTESIAN_POINT('',(16.700541270263,0.814206380273));
#5849 = CARTESIAN_POINT('',(16.696473051649,0.81321579343));
#5850 = CARTESIAN_POINT('',(16.692398449391,0.812226545572));
#5851 = CARTESIAN_POINT('',(16.61779381677,0.794165903817));
#5852 = CARTESIAN_POINT('',(16.545381328338,0.77749286737));
#5853 = CARTESIAN_POINT('',(16.471205949702,0.761227166394));
#5854 = CARTESIAN_POINT('',(16.395382433626,0.745376058259));
#5855 = CARTESIAN_POINT('',(16.318015105465,0.72994635862));
#5856 = CARTESIAN_POINT('',(16.239198515188,0.71494438796));
#5857 = CARTESIAN_POINT('',(16.073803604978,0.68489277952));
#5858 = CARTESIAN_POINT('',(15.987050301567,0.669899585574));
#5859 = CARTESIAN_POINT('',(15.89886128421,0.655403401738));
#5860 = CARTESIAN_POINT('',(15.80933158312,0.641411223662));
#5861 = CARTESIAN_POINT('',(15.718548806825,0.627929874283));
#5862 = CARTESIAN_POINT('',(15.626593795321,0.614965900904));
#5863 = CARTESIAN_POINT('',(15.192789539661,0.556969505342));
#5864 = CARTESIAN_POINT('',(14.837347322642,0.518437680565));
#5865 = CARTESIAN_POINT('',(14.470828419958,0.487225781341));
#5866 = CARTESIAN_POINT('',(14.096211058956,0.463638095966));
#5867 = CARTESIAN_POINT('',(13.716154103643,0.447868085871));
#5868 = CARTESIAN_POINT('',(13.333120962749,0.44));
#5869 = CARTESIAN_POINT('',(12.949541284404,0.44));
#5870 = ( GEOMETRIC_REPRESENTATION_CONTEXT(2) 
PARAMETRIC_REPRESENTATION_CONTEXT() REPRESENTATION_CONTEXT('2D SPACE',''
  ) );
#5871 = PCURVE('',#5872,#5877);
#5872 = CYLINDRICAL_SURFACE('',#5873,3.6);
#5873 = AXIS2_PLACEMENT_3D('',#5874,#5875,#5876);
#5874 = CARTESIAN_POINT('',(16.,-0.5,2.4));
#5875 = DIRECTION('',(-0.,-0.,-1.));
#5876 = DIRECTION('',(1.,0.,0.));
#5877 = DEFINITIONAL_REPRESENTATION('',(#5878),#5905);
#5878 = B_SPLINE_CURVE_WITH_KNOTS('',7,(#5879,#5880,#5881,#5882,#5883,
    #5884,#5885,#5886,#5887,#5888,#5889,#5890,#5891,#5892,#5893,#5894,
    #5895,#5896,#5897,#5898,#5899,#5900,#5901,#5902,#5903,#5904),
  .UNSPECIFIED.,.F.,.F.,(8,6,6,6,8),(0.,9.624154372106E-03,
    0.175944615222,0.352707362241,1.),.UNSPECIFIED.);
#5879 = CARTESIAN_POINT('',(-1.076119668388,-10.9000006));
#5880 = CARTESIAN_POINT('',(-1.074548046154,-10.89780957998));
#5881 = CARTESIAN_POINT('',(-1.072976952718,-10.8956214642));
#5882 = CARTESIAN_POINT('',(-1.071406401836,-10.89343627795));
#5883 = CARTESIAN_POINT('',(-1.069836400144,-10.8912540366));
#5884 = CARTESIAN_POINT('',(-1.068266947156,-10.88907474554));
#5885 = CARTESIAN_POINT('',(-1.066698035266,-10.88689840025));
#5886 = CARTESIAN_POINT('',(-1.038025491554,-10.84716498839));
#5887 = CARTESIAN_POINT('',(-1.011081324314,-10.81048430821));
#5888 = CARTESIAN_POINT('',(-0.984286837001,-10.77469976606));
#5889 = CARTESIAN_POINT('',(-0.957632532596,-10.73982732817));
#5890 = CARTESIAN_POINT('',(-0.931109431815,-10.70588198896));
#5891 = CARTESIAN_POINT('',(-0.90470877682,-10.67287765351));
#5892 = CARTESIAN_POINT('',(-0.850484283909,-10.60676411494));
#5893 = CARTESIAN_POINT('',(-0.8226757018,-10.57377908826));
#5894 = CARTESIAN_POINT('',(-0.794985648843,-10.54188748382));
#5895 = CARTESIAN_POINT('',(-0.767404845769,-10.51110469205));
#5896 = CARTESIAN_POINT('',(-0.73992479849,-10.48144572342));
#5897 = CARTESIAN_POINT('',(-0.712537522767,-10.45292498198));
#5898 = CARTESIAN_POINT('',(-0.585256352328,-10.32533291175));
#5899 = CARTESIAN_POINT('',(-0.486425361931,-10.24056289724));
#5900 = CARTESIAN_POINT('',(-0.388348167868,-10.17189671895));
#5901 = CARTESIAN_POINT('',(-0.290822726693,-10.12000381112));
#5902 = CARTESIAN_POINT('',(-0.193678199124,-10.08530978891));
#5903 = CARTESIAN_POINT('',(-9.678283550845E-02,-10.068));
#5904 = CARTESIAN_POINT('',(0.,-10.068));
#5905 = ( GEOMETRIC_REPRESENTATION_CONTEXT(2) 
PARAMETRIC_REPRESENTATION_CONTEXT() REPRESENTATION_CONTEXT('2D SPACE',''
  ) );
#5906 = ORIENTED_EDGE('',*,*,#5907,.T.);
#5907 = EDGE_CURVE('',#5811,#5786,#5908,.T.);
#5908 = SURFACE_CURVE('',#5909,(#5932,#5958),.PCURVE_S1.);
#5909 = B_SPLINE_CURVE_WITH_KNOTS('',6,(#5910,#5911,#5912,#5913,#5914,
    #5915,#5916,#5917,#5918,#5919,#5920,#5921,#5922,#5923,#5924,#5925,
    #5926,#5927,#5928,#5929,#5930,#5931),.UNSPECIFIED.,.F.,.F.,(7,5,5,5,
    7),(0.,0.268244622015,0.721941120115,0.848672111971,1.),
  .UNSPECIFIED.);
#5910 = CARTESIAN_POINT('',(19.6,-0.5,12.468));
#5911 = CARTESIAN_POINT('',(19.6,-0.670395089243,12.468));
#5912 = CARTESIAN_POINT('',(19.590321930316,-0.840673075961,
    12.472258350661));
#5913 = CARTESIAN_POINT('',(19.570990302184,-1.010201070324,
    12.480764267039));
#5914 = CARTESIAN_POINT('',(19.542075319995,-1.178354034306,
    12.493486859202));
#5915 = CARTESIAN_POINT('',(19.503687068745,-1.344519764482,
    12.510377689752));
#5916 = CARTESIAN_POINT('',(19.375262762192,-1.784782443229,
    12.566884384636));
#5917 = CARTESIAN_POINT('',(19.267880010394,-2.054032086537,
    12.614132795427));
#5918 = CARTESIAN_POINT('',(19.134513181759,-2.313060822831,
    12.672814200026));
#5919 = CARTESIAN_POINT('',(18.97607352925,-2.559135338838,
    12.74252764713));
#5920 = CARTESIAN_POINT('',(18.793692674593,-2.789663031912,
    12.822775223179));
#5921 = CARTESIAN_POINT('',(18.531013344838,-3.061402182409,
    12.938354128271));
#5922 = CARTESIAN_POINT('',(18.471870811278,-3.119318501222,
    12.964376843038));
#5923 = CARTESIAN_POINT('',(18.410962282823,-3.175762463125,
    12.991176595558));
#5924 = CARTESIAN_POINT('',(18.348310892251,-3.230675914266,
    13.01874320741));
#5925 = CARTESIAN_POINT('',(18.283939976638,-3.283999484143,
    13.047066410279));
#5926 = CARTESIAN_POINT('',(18.138983421481,-3.397374788014,
    13.110847294548));
#5927 = CARTESIAN_POINT('',(18.057676420746,-3.456722906633,
    13.146622374872));
#5928 = CARTESIAN_POINT('',(17.973990801877,-3.513614336649,
    13.183444047174));
#5929 = CARTESIAN_POINT('',(17.887968319959,-3.567941014455,
    13.221293939218));
#5930 = CARTESIAN_POINT('',(17.799652861161,-3.619589346937,
    13.260152741089));
#5931 = CARTESIAN_POINT('',(17.709089545455,-3.668440140766,13.3000006)
  );
#5932 = PCURVE('',#3689,#5933);
#5933 = DEFINITIONAL_REPRESENTATION('',(#5934),#5957);
#5934 = B_SPLINE_CURVE_WITH_KNOTS('',6,(#5935,#5936,#5937,#5938,#5939,
    #5940,#5941,#5942,#5943,#5944,#5945,#5946,#5947,#5948,#5949,#5950,
    #5951,#5952,#5953,#5954,#5955,#5956),.UNSPECIFIED.,.F.,.F.,(7,5,5,5,
    7),(0.,0.268244622015,0.721941120115,0.848672111971,1.),
  .UNSPECIFIED.);
#5935 = CARTESIAN_POINT('',(12.949541284404,0.44));
#5936 = CARTESIAN_POINT('',(12.761950360466,0.44));
#5937 = CARTESIAN_POINT('',(12.574244017065,0.441935613937));
#5938 = CARTESIAN_POINT('',(12.386744699639,0.445801939563));
#5939 = CARTESIAN_POINT('',(12.199768787268,0.451584936001));
#5940 = CARTESIAN_POINT('',(12.013632830276,0.459262586251));
#5941 = CARTESIAN_POINT('',(11.515804972816,0.484947447562));
#5942 = CARTESIAN_POINT('',(11.206326085244,0.506423997921));
#5943 = CARTESIAN_POINT('',(10.901693745724,0.533097363648));
#5944 = CARTESIAN_POINT('',(10.60351377848,0.56478529415));
#5945 = CARTESIAN_POINT('',(10.31358898878,0.601261465081));
#5946 = CARTESIAN_POINT('',(9.956074089183,0.653797331032));
#5947 = CARTESIAN_POINT('',(9.878833056221,0.665625837744));
#5948 = CARTESIAN_POINT('',(9.802460331504,0.677807543435));
#5949 = CARTESIAN_POINT('',(9.727009835525,0.69033782155));
#5950 = CARTESIAN_POINT('',(9.652540150691,0.703212004672));
#5951 = CARTESIAN_POINT('',(9.491437898141,0.732203315704));
#5952 = CARTESIAN_POINT('',(9.405251121475,0.748464715851));
#5953 = CARTESIAN_POINT('',(9.320661452506,0.765201839625));
#5954 = CARTESIAN_POINT('',(9.237790365186,0.782406336008));
#5955 = CARTESIAN_POINT('',(9.156775144765,0.800069427768));
#5956 = CARTESIAN_POINT('',(9.077770486321,0.818182090909));
#5957 = ( GEOMETRIC_REPRESENTATION_CONTEXT(2) 
PARAMETRIC_REPRESENTATION_CONTEXT() REPRESENTATION_CONTEXT('2D SPACE',''
  ) );
#5958 = PCURVE('',#5872,#5959);
#5959 = DEFINITIONAL_REPRESENTATION('',(#5960),#5983);
#5960 = B_SPLINE_CURVE_WITH_KNOTS('',6,(#5961,#5962,#5963,#5964,#5965,
    #5966,#5967,#5968,#5969,#5970,#5971,#5972,#5973,#5974,#5975,#5976,
    #5977,#5978,#5979,#5980,#5981,#5982),.UNSPECIFIED.,.F.,.F.,(7,5,5,5,
    7),(0.,0.268244622015,0.721941120115,0.848672111971,1.),
  .UNSPECIFIED.);
#5961 = CARTESIAN_POINT('',(-6.28318530718,-10.068));
#5962 = CARTESIAN_POINT('',(-6.235853337945,-10.068));
#5963 = CARTESIAN_POINT('',(-6.188553917461,-10.07225835066));
#5964 = CARTESIAN_POINT('',(-6.141271885857,-10.08076426703));
#5965 = CARTESIAN_POINT('',(-6.093991470963,-10.0934868592));
#5966 = CARTESIAN_POINT('',(-6.0466949217,-10.11037768975));
#5967 = CARTESIAN_POINT('',(-5.919302983467,-10.16688438463));
#5968 = CARTESIAN_POINT('',(-5.839150586436,-10.21413279542));
#5969 = CARTESIAN_POINT('',(-5.758780406237,-10.27281420002));
#5970 = CARTESIAN_POINT('',(-5.678052246766,-10.34252764713));
#5971 = CARTESIAN_POINT('',(-5.596800516819,-10.42277522317));
#5972 = CARTESIAN_POINT('',(-5.491815730961,-10.53835412827));
#5973 = CARTESIAN_POINT('',(-5.468830555926,-10.56437684303));
#5974 = CARTESIAN_POINT('',(-5.445776874177,-10.59117659555));
#5975 = CARTESIAN_POINT('',(-5.422648439801,-10.61874320741));
#5976 = CARTESIAN_POINT('',(-5.399438552853,-10.64706641027));
#5977 = CARTESIAN_POINT('',(-5.348319620472,-10.71084729454));
#5978 = CARTESIAN_POINT('',(-5.320373124986,-10.74662237487));
#5979 = CARTESIAN_POINT('',(-5.292287830986,-10.78344404717));
#5980 = CARTESIAN_POINT('',(-5.26405088046,-10.82129393921));
#5981 = CARTESIAN_POINT('',(-5.23564857288,-10.86015274108));
#5982 = CARTESIAN_POINT('',(-5.207065638792,-10.9000006));
#5983 = ( GEOMETRIC_REPRESENTATION_CONTEXT(2) 
PARAMETRIC_REPRESENTATION_CONTEXT() REPRESENTATION_CONTEXT('2D SPACE',''
  ) );
#5984 = ADVANCED_FACE('',(#5985),#3742,.F.);
#5985 = FACE_BOUND('',#5986,.F.);
#5986 = EDGE_LOOP('',(#5987,#5988,#6010,#6030));
#5987 = ORIENTED_EDGE('',*,*,#3726,.T.);
#5988 = ORIENTED_EDGE('',*,*,#5989,.T.);
#5989 = EDGE_CURVE('',#3727,#5990,#5992,.T.);
#5990 = VERTEX_POINT('',#5991);
#5991 = CARTESIAN_POINT('',(10.6875,16.8,13.7));
#5992 = SURFACE_CURVE('',#5993,(#5996,#6003),.PCURVE_S1.);
#5993 = B_SPLINE_CURVE_WITH_KNOTS('',1,(#5994,#5995),.UNSPECIFIED.,.F.,
  .F.,(2,2),(0.,1.),.PIECEWISE_BEZIER_KNOTS.);
#5994 = CARTESIAN_POINT('',(13.5,21.8,11.5));
#5995 = CARTESIAN_POINT('',(10.6875,16.8,13.7));
#5996 = PCURVE('',#3742,#5997);
#5997 = DEFINITIONAL_REPRESENTATION('',(#5998),#6002);
#5998 = LINE('',#5999,#6000);
#5999 = CARTESIAN_POINT('',(11.737972567697,0.));
#6000 = VECTOR('',#6001,1.);
#6001 = DIRECTION('',(0.,1.));
#6002 = ( GEOMETRIC_REPRESENTATION_CONTEXT(2) 
PARAMETRIC_REPRESENTATION_CONTEXT() REPRESENTATION_CONTEXT('2D SPACE',''
  ) );
#6003 = PCURVE('',#3795,#6004);
#6004 = DEFINITIONAL_REPRESENTATION('',(#6005),#6009);
#6005 = LINE('',#6006,#6007);
#6006 = CARTESIAN_POINT('',(0.,0.));
#6007 = VECTOR('',#6008,1.);
#6008 = DIRECTION('',(0.,1.));
#6009 = ( GEOMETRIC_REPRESENTATION_CONTEXT(2) 
PARAMETRIC_REPRESENTATION_CONTEXT() REPRESENTATION_CONTEXT('2D SPACE',''
  ) );
#6010 = ORIENTED_EDGE('',*,*,#6011,.F.);
#6011 = EDGE_CURVE('',#5739,#5990,#6012,.T.);
#6012 = SURFACE_CURVE('',#6013,(#6017,#6023),.PCURVE_S1.);
#6013 = LINE('',#6014,#6015);
#6014 = CARTESIAN_POINT('',(16.8,10.6875,13.7));
#6015 = VECTOR('',#6016,1.);
#6016 = DIRECTION('',(-0.707106781187,0.707106781187,0.));
#6017 = PCURVE('',#3742,#6018);
#6018 = DEFINITIONAL_REPRESENTATION('',(#6019),#6022);
#6019 = B_SPLINE_CURVE_WITH_KNOTS('',1,(#6020,#6021),.UNSPECIFIED.,.F.,
  .F.,(2,2),(0.,8.644380400006),.PIECEWISE_BEZIER_KNOTS.);
#6020 = CARTESIAN_POINT('',(0.,1.));
#6021 = CARTESIAN_POINT('',(11.737972567697,1.));
#6022 = ( GEOMETRIC_REPRESENTATION_CONTEXT(2) 
PARAMETRIC_REPRESENTATION_CONTEXT() REPRESENTATION_CONTEXT('2D SPACE',''
  ) );
#6023 = PCURVE('',#5655,#6024);
#6024 = DEFINITIONAL_REPRESENTATION('',(#6025),#6029);
#6025 = LINE('',#6026,#6027);
#6026 = CARTESIAN_POINT('',(37.946291758063,8.438261332284));
#6027 = VECTOR('',#6028,1.);
#6028 = DIRECTION('',(0.217071461918,-0.976155715253));
#6029 = ( GEOMETRIC_REPRESENTATION_CONTEXT(2) 
PARAMETRIC_REPRESENTATION_CONTEXT() REPRESENTATION_CONTEXT('2D SPACE',''
  ) );
#6030 = ORIENTED_EDGE('',*,*,#5738,.F.);
#6031 = ADVANCED_FACE('',(#6032),#3795,.F.);
#6032 = FACE_BOUND('',#6033,.F.);
#6033 = EDGE_LOOP('',(#6034,#6035,#6057,#6077));
#6034 = ORIENTED_EDGE('',*,*,#3779,.T.);
#6035 = ORIENTED_EDGE('',*,*,#6036,.T.);
#6036 = EDGE_CURVE('',#3780,#6037,#6039,.T.);
#6037 = VERTEX_POINT('',#6038);
#6038 = CARTESIAN_POINT('',(-10.6875,16.8,13.7));
#6039 = SURFACE_CURVE('',#6040,(#6043,#6050),.PCURVE_S1.);
#6040 = B_SPLINE_CURVE_WITH_KNOTS('',1,(#6041,#6042),.UNSPECIFIED.,.F.,
  .F.,(2,2),(0.,1.),.PIECEWISE_BEZIER_KNOTS.);
#6041 = CARTESIAN_POINT('',(-13.5,21.8,11.5));
#6042 = CARTESIAN_POINT('',(-10.6875,16.8,13.7));
#6043 = PCURVE('',#3795,#6044);
#6044 = DEFINITIONAL_REPRESENTATION('',(#6045),#6049);
#6045 = LINE('',#6046,#6047);
#6046 = CARTESIAN_POINT('',(27.,0.));
#6047 = VECTOR('',#6048,1.);
#6048 = DIRECTION('',(0.,1.));
#6049 = ( GEOMETRIC_REPRESENTATION_CONTEXT(2) 
PARAMETRIC_REPRESENTATION_CONTEXT() REPRESENTATION_CONTEXT('2D SPACE',''
  ) );
#6050 = PCURVE('',#3848,#6051);
#6051 = DEFINITIONAL_REPRESENTATION('',(#6052),#6056);
#6052 = LINE('',#6053,#6054);
#6053 = CARTESIAN_POINT('',(0.,0.));
#6054 = VECTOR('',#6055,1.);
#6055 = DIRECTION('',(0.,1.));
#6056 = ( GEOMETRIC_REPRESENTATION_CONTEXT(2) 
PARAMETRIC_REPRESENTATION_CONTEXT() REPRESENTATION_CONTEXT('2D SPACE',''
  ) );
#6057 = ORIENTED_EDGE('',*,*,#6058,.F.);
#6058 = EDGE_CURVE('',#5990,#6037,#6059,.T.);
#6059 = SURFACE_CURVE('',#6060,(#6064,#6070),.PCURVE_S1.);
#6060 = LINE('',#6061,#6062);
#6061 = CARTESIAN_POINT('',(10.6875,16.8,13.7));
#6062 = VECTOR('',#6063,1.);
#6063 = DIRECTION('',(-1.,0.,0.));
#6064 = PCURVE('',#3795,#6065);
#6065 = DEFINITIONAL_REPRESENTATION('',(#6066),#6069);
#6066 = B_SPLINE_CURVE_WITH_KNOTS('',1,(#6067,#6068),.UNSPECIFIED.,.F.,
  .F.,(2,2),(0.,21.375),.PIECEWISE_BEZIER_KNOTS.);
#6067 = CARTESIAN_POINT('',(0.,1.));
#6068 = CARTESIAN_POINT('',(27.,1.));
#6069 = ( GEOMETRIC_REPRESENTATION_CONTEXT(2) 
PARAMETRIC_REPRESENTATION_CONTEXT() REPRESENTATION_CONTEXT('2D SPACE',''
  ) );
#6070 = PCURVE('',#5655,#6071);
#6071 = DEFINITIONAL_REPRESENTATION('',(#6072),#6076);
#6072 = LINE('',#6073,#6074);
#6073 = CARTESIAN_POINT('',(39.822740048872,1.942890293094E-16));
#6074 = VECTOR('',#6075,1.);
#6075 = DIRECTION('',(-0.536753623025,-0.843739028474));
#6076 = ( GEOMETRIC_REPRESENTATION_CONTEXT(2) 
PARAMETRIC_REPRESENTATION_CONTEXT() REPRESENTATION_CONTEXT('2D SPACE',''
  ) );
#6077 = ORIENTED_EDGE('',*,*,#5989,.F.);
#6078 = ADVANCED_FACE('',(#6079),#3848,.F.);
#6079 = FACE_BOUND('',#6080,.F.);
#6080 = EDGE_LOOP('',(#6081,#6082,#6104,#6124));
#6081 = ORIENTED_EDGE('',*,*,#3832,.T.);
#6082 = ORIENTED_EDGE('',*,*,#6083,.T.);
#6083 = EDGE_CURVE('',#3833,#6084,#6086,.T.);
#6084 = VERTEX_POINT('',#6085);
#6085 = CARTESIAN_POINT('',(-16.8,10.6875,13.7));
#6086 = SURFACE_CURVE('',#6087,(#6090,#6097),.PCURVE_S1.);
#6087 = B_SPLINE_CURVE_WITH_KNOTS('',1,(#6088,#6089),.UNSPECIFIED.,.F.,
  .F.,(2,2),(0.,1.),.PIECEWISE_BEZIER_KNOTS.);
#6088 = CARTESIAN_POINT('',(-21.8,13.5,11.5));
#6089 = CARTESIAN_POINT('',(-16.8,10.6875,13.7));
#6090 = PCURVE('',#3848,#6091);
#6091 = DEFINITIONAL_REPRESENTATION('',(#6092),#6096);
#6092 = LINE('',#6093,#6094);
#6093 = CARTESIAN_POINT('',(11.737972567697,0.));
#6094 = VECTOR('',#6095,1.);
#6095 = DIRECTION('',(0.,1.));
#6096 = ( GEOMETRIC_REPRESENTATION_CONTEXT(2) 
PARAMETRIC_REPRESENTATION_CONTEXT() REPRESENTATION_CONTEXT('2D SPACE',''
  ) );
#6097 = PCURVE('',#3901,#6098);
#6098 = DEFINITIONAL_REPRESENTATION('',(#6099),#6103);
#6099 = LINE('',#6100,#6101);
#6100 = CARTESIAN_POINT('',(0.,0.));
#6101 = VECTOR('',#6102,1.);
#6102 = DIRECTION('',(0.,1.));
#6103 = ( GEOMETRIC_REPRESENTATION_CONTEXT(2) 
PARAMETRIC_REPRESENTATION_CONTEXT() REPRESENTATION_CONTEXT('2D SPACE',''
  ) );
#6104 = ORIENTED_EDGE('',*,*,#6105,.F.);
#6105 = EDGE_CURVE('',#6037,#6084,#6106,.T.);
#6106 = SURFACE_CURVE('',#6107,(#6111,#6117),.PCURVE_S1.);
#6107 = LINE('',#6108,#6109);
#6108 = CARTESIAN_POINT('',(-10.6875,16.8,13.7));
#6109 = VECTOR('',#6110,1.);
#6110 = DIRECTION('',(-0.707106781187,-0.707106781187,0.));
#6111 = PCURVE('',#3848,#6112);
#6112 = DEFINITIONAL_REPRESENTATION('',(#6113),#6116);
#6113 = B_SPLINE_CURVE_WITH_KNOTS('',1,(#6114,#6115),.UNSPECIFIED.,.F.,
  .F.,(2,2),(0.,8.644380400006),.PIECEWISE_BEZIER_KNOTS.);
#6114 = CARTESIAN_POINT('',(0.,1.));
#6115 = CARTESIAN_POINT('',(11.737972567697,1.));
#6116 = ( GEOMETRIC_REPRESENTATION_CONTEXT(2) 
PARAMETRIC_REPRESENTATION_CONTEXT() REPRESENTATION_CONTEXT('2D SPACE',''
  ) );
#6117 = PCURVE('',#5655,#6118);
#6118 = DEFINITIONAL_REPRESENTATION('',(#6119),#6123);
#6119 = LINE('',#6120,#6121);
#6120 = CARTESIAN_POINT('',(28.34963135672,-18.03492173362));
#6121 = VECTOR('',#6122,1.);
#6122 = DIRECTION('',(-0.976155715253,-0.217071461918));
#6123 = ( GEOMETRIC_REPRESENTATION_CONTEXT(2) 
PARAMETRIC_REPRESENTATION_CONTEXT() REPRESENTATION_CONTEXT('2D SPACE',''
  ) );
#6124 = ORIENTED_EDGE('',*,*,#6036,.F.);
#6125 = ADVANCED_FACE('',(#6126,#6172),#3901,.F.);
#6126 = FACE_BOUND('',#6127,.F.);
#6127 = EDGE_LOOP('',(#6128,#6129,#6151,#6171));
#6128 = ORIENTED_EDGE('',*,*,#3885,.T.);
#6129 = ORIENTED_EDGE('',*,*,#6130,.T.);
#6130 = EDGE_CURVE('',#3886,#6131,#6133,.T.);
#6131 = VERTEX_POINT('',#6132);
#6132 = CARTESIAN_POINT('',(-16.8,-10.6875,13.7));
#6133 = SURFACE_CURVE('',#6134,(#6137,#6144),.PCURVE_S1.);
#6134 = B_SPLINE_CURVE_WITH_KNOTS('',1,(#6135,#6136),.UNSPECIFIED.,.F.,
  .F.,(2,2),(0.,1.),.PIECEWISE_BEZIER_KNOTS.);
#6135 = CARTESIAN_POINT('',(-21.8,-13.5,11.5));
#6136 = CARTESIAN_POINT('',(-16.8,-10.6875,13.7));
#6137 = PCURVE('',#3901,#6138);
#6138 = DEFINITIONAL_REPRESENTATION('',(#6139),#6143);
#6139 = LINE('',#6140,#6141);
#6140 = CARTESIAN_POINT('',(27.,0.));
#6141 = VECTOR('',#6142,1.);
#6142 = DIRECTION('',(0.,1.));
#6143 = ( GEOMETRIC_REPRESENTATION_CONTEXT(2) 
PARAMETRIC_REPRESENTATION_CONTEXT() REPRESENTATION_CONTEXT('2D SPACE',''
  ) );
#6144 = PCURVE('',#3952,#6145);
#6145 = DEFINITIONAL_REPRESENTATION('',(#6146),#6150);
#6146 = LINE('',#6147,#6148);
#6147 = CARTESIAN_POINT('',(0.,0.));
#6148 = VECTOR('',#6149,1.);
#6149 = DIRECTION('',(0.,1.));
#6150 = ( GEOMETRIC_REPRESENTATION_CONTEXT(2) 
PARAMETRIC_REPRESENTATION_CONTEXT() REPRESENTATION_CONTEXT('2D SPACE',''
  ) );
#6151 = ORIENTED_EDGE('',*,*,#6152,.F.);
#6152 = EDGE_CURVE('',#6084,#6131,#6153,.T.);
#6153 = SURFACE_CURVE('',#6154,(#6158,#6164),.PCURVE_S1.);
#6154 = LINE('',#6155,#6156);
#6155 = CARTESIAN_POINT('',(-16.8,10.6875,13.7));
#6156 = VECTOR('',#6157,1.);
#6157 = DIRECTION('',(0.,-1.,0.));
#6158 = PCURVE('',#3901,#6159);
#6159 = DEFINITIONAL_REPRESENTATION('',(#6160),#6163);
#6160 = B_SPLINE_CURVE_WITH_KNOTS('',1,(#6161,#6162),.UNSPECIFIED.,.F.,
  .F.,(2,2),(0.,21.375),.PIECEWISE_BEZIER_KNOTS.);
#6161 = CARTESIAN_POINT('',(0.,1.));
#6162 = CARTESIAN_POINT('',(27.,1.));
#6163 = ( GEOMETRIC_REPRESENTATION_CONTEXT(2) 
PARAMETRIC_REPRESENTATION_CONTEXT() REPRESENTATION_CONTEXT('2D SPACE',''
  ) );
#6164 = PCURVE('',#5655,#6165);
#6165 = DEFINITIONAL_REPRESENTATION('',(#6166),#6170);
#6166 = LINE('',#6167,#6168);
#6167 = CARTESIAN_POINT('',(19.911370024436,-19.91137002443));
#6168 = VECTOR('',#6169,1.);
#6169 = DIRECTION('',(-0.843739028474,0.536753623025));
#6170 = ( GEOMETRIC_REPRESENTATION_CONTEXT(2) 
PARAMETRIC_REPRESENTATION_CONTEXT() REPRESENTATION_CONTEXT('2D SPACE',''
  ) );
#6171 = ORIENTED_EDGE('',*,*,#6083,.F.);
#6172 = FACE_BOUND('',#6173,.F.);
#6173 = EDGE_LOOP('',(#6174,#6201));
#6174 = ORIENTED_EDGE('',*,*,#6175,.F.);
#6175 = EDGE_CURVE('',#6176,#6178,#6180,.T.);
#6176 = VERTEX_POINT('',#6177);
#6177 = CARTESIAN_POINT('',(-17.70909090909,-3.668439405206,13.3));
#6178 = VERTEX_POINT('',#6179);
#6179 = CARTESIAN_POINT('',(-17.70909090909,2.668439405206,13.3));
#6180 = SURFACE_CURVE('',#6181,(#6184,#6190),.PCURVE_S1.);
#6181 = B_SPLINE_CURVE_WITH_KNOTS('',1,(#6182,#6183),.UNSPECIFIED.,.F.,
  .F.,(2,2),(0.,1.),.PIECEWISE_BEZIER_KNOTS.);
#6182 = CARTESIAN_POINT('',(-17.70909090909,-4.1,13.3));
#6183 = CARTESIAN_POINT('',(-17.70909090909,3.1,13.3));
#6184 = PCURVE('',#3901,#6185);
#6185 = DEFINITIONAL_REPRESENTATION('',(#6186),#6189);
#6186 = B_SPLINE_CURVE_WITH_KNOTS('',1,(#6187,#6188),.UNSPECIFIED.,.F.,
  .F.,(2,2),(0.,1.),.PIECEWISE_BEZIER_KNOTS.);
#6187 = CARTESIAN_POINT('',(18.442465753425,0.818181818182));
#6188 = CARTESIAN_POINT('',(9.76301369863,0.818181818182));
#6189 = ( GEOMETRIC_REPRESENTATION_CONTEXT(2) 
PARAMETRIC_REPRESENTATION_CONTEXT() REPRESENTATION_CONTEXT('2D SPACE',''
  ) );
#6190 = PCURVE('',#6191,#6196);
#6191 = PLANE('',#6192);
#6192 = AXIS2_PLACEMENT_3D('',#6193,#6194,#6195);
#6193 = CARTESIAN_POINT('',(-16.,-0.5,13.3));
#6194 = DIRECTION('',(0.,0.,1.));
#6195 = DIRECTION('',(1.,0.,-0.));
#6196 = DEFINITIONAL_REPRESENTATION('',(#6197),#6200);
#6197 = B_SPLINE_CURVE_WITH_KNOTS('',1,(#6198,#6199),.UNSPECIFIED.,.F.,
  .F.,(2,2),(0.,1.),.PIECEWISE_BEZIER_KNOTS.);
#6198 = CARTESIAN_POINT('',(-1.709090909091,-3.6));
#6199 = CARTESIAN_POINT('',(-1.709090909091,3.6));
#6200 = ( GEOMETRIC_REPRESENTATION_CONTEXT(2) 
PARAMETRIC_REPRESENTATION_CONTEXT() REPRESENTATION_CONTEXT('2D SPACE',''
  ) );
#6201 = ORIENTED_EDGE('',*,*,#6202,.T.);
#6202 = EDGE_CURVE('',#6176,#6178,#6203,.T.);
#6203 = SURFACE_CURVE('',#6204,(#6267,#6333),.PCURVE_S1.);
#6204 = B_SPLINE_CURVE_WITH_KNOTS('',6,(#6205,#6206,#6207,#6208,#6209,
    #6210,#6211,#6212,#6213,#6214,#6215,#6216,#6217,#6218,#6219,#6220,
    #6221,#6222,#6223,#6224,#6225,#6226,#6227,#6228,#6229,#6230,#6231,
    #6232,#6233,#6234,#6235,#6236,#6237,#6238,#6239,#6240,#6241,#6242,
    #6243,#6244,#6245,#6246,#6247,#6248,#6249,#6250,#6251,#6252,#6253,
    #6254,#6255,#6256,#6257,#6258,#6259,#6260,#6261,#6262,#6263,#6264,
    #6265,#6266),.UNSPECIFIED.,.F.,.F.,(7,5,5,5,5,5,5,5,5,5,5,5,7),(0.,
    8.550886774241E-03,7.30890698916E-02,0.13799914009,0.191166607879,
    0.234158629486,0.367747259961,0.539850667126,0.624786750873,
    0.717402715814,0.809885070953,0.902674569573,1.),.UNSPECIFIED.);
#6205 = CARTESIAN_POINT('',(-17.70908954545,-3.668440140766,13.3000006)
  );
#6206 = CARTESIAN_POINT('',(-17.71883508469,-3.663183295511,
    13.295712562733));
#6207 = CARTESIAN_POINT('',(-17.72889973415,-3.657707891138,
    13.291284116972));
#6208 = CARTESIAN_POINT('',(-17.7389807936,-3.652171091116,
    13.286848450812));
#6209 = CARTESIAN_POINT('',(-17.74895194681,-3.646644449917,
    13.282461143399));
#6210 = CARTESIAN_POINT('',(-17.75885360954,-3.641109163281,
    13.278104411801));
#6211 = CARTESIAN_POINT('',(-17.84464225851,-3.592710734004,
    13.240357406254));
#6212 = CARTESIAN_POINT('',(-17.91876274795,-3.547999881985,
    13.2077443909));
#6213 = CARTESIAN_POINT('',(-17.99122440147,-3.501385805411,
    13.175861263351));
#6214 = CARTESIAN_POINT('',(-18.06200094226,-3.452937166343,
    13.144719585403));
#6215 = CARTESIAN_POINT('',(-18.13106713777,-3.402719828369,
    13.114330459381));
#6216 = CARTESIAN_POINT('',(-18.26611844547,-3.298574690122,
    13.054907883993));
#6217 = CARTESIAN_POINT('',(-18.33208315979,-3.244627604968,
    13.025883409691));
#6218 = CARTESIAN_POINT('',(-18.3962680111,-3.189019908161,
    12.997642075113));
#6219 = CARTESIAN_POINT('',(-18.45864830091,-3.131814543688,
    12.970194747599));
#6220 = CARTESIAN_POINT('',(-18.51919956373,-3.073073092492,
    12.943552191956));
#6221 = CARTESIAN_POINT('',(-18.62597676651,-2.963532109562,
    12.896570222732));
#6222 = CARTESIAN_POINT('',(-18.6728125128,-2.913218450486,
    12.875962494367));
#6223 = CARTESIAN_POINT('',(-18.71839140735,-2.861948025302,
    12.855907780765));
#6224 = CARTESIAN_POINT('',(-18.76270013883,-2.809753933129,
    12.836411938915));
#6225 = CARTESIAN_POINT('',(-18.80572548319,-2.756669142156,
    12.817480787393));
#6226 = CARTESIAN_POINT('',(-18.88119686151,-2.659107641899,
    12.784273380935));
#6227 = CARTESIAN_POINT('',(-18.91409167469,-2.614927921803,
    12.769799663133));
#6228 = CARTESIAN_POINT('',(-18.94613179053,-2.570204728028,
    12.755702012167));
#6229 = CARTESIAN_POINT('',(-18.97731033913,-2.524955524125,
    12.741983450779));
#6230 = CARTESIAN_POINT('',(-19.00762053354,-2.479197838522,
    12.728646965238));
#6231 = CARTESIAN_POINT('',(-19.12851914076,-2.289241585023,
    12.675451578065));
#6232 = CARTESIAN_POINT('',(-19.21153346658,-2.140795154539,
    12.638925274702));
#6233 = CARTESIAN_POINT('',(-19.28589874867,-1.988136017077,
    12.606204550582));
#6234 = CARTESIAN_POINT('',(-19.35142387643,-1.831806296265,
    12.577373494371));
#6235 = CARTESIAN_POINT('',(-19.40793831722,-1.672364120467,
    12.552507140423));
#6236 = CARTESIAN_POINT('',(-19.51632541157,-1.301702552095,
    12.504816818909));
#6237 = CARTESIAN_POINT('',(-19.56216239643,-1.08880827955,
    12.484648545568));
#6238 = CARTESIAN_POINT('',(-19.59251289517,-0.872937000591,
    12.471294326121));
#6239 = CARTESIAN_POINT('',(-19.60716887583,-0.655371312725,
    12.464845694634));
#6240 = CARTESIAN_POINT('',(-19.60603154677,-0.437422248175,
    12.465346119418));
#6241 = CARTESIAN_POINT('',(-19.58078380331,-0.113312669925,
    12.476455126542));
#6242 = CARTESIAN_POINT('',(-19.56860039898,-6.441913379903E-03,
    12.481815824446));
#6243 = CARTESIAN_POINT('',(-19.55257945739,0.100042244231,
    12.488865038745));
#6244 = CARTESIAN_POINT('',(-19.53273055731,0.205981856378,
    12.49759855478));
#6245 = CARTESIAN_POINT('',(-19.50906984909,0.311219673986,
    12.508009266399));
#6246 = CARTESIAN_POINT('',(-19.45168826254,0.529416560138,
    12.533257164481));
#6247 = CARTESIAN_POINT('',(-19.41725110418,0.642213507968,
    12.54840951416));
#6248 = CARTESIAN_POINT('',(-19.37833747276,0.753787841689,
    12.565531511982));
#6249 = CARTESIAN_POINT('',(-19.33498492255,0.863939217422,
    12.584606634076));
#6250 = CARTESIAN_POINT('',(-19.28723815917,0.972469551712,
    12.605615209964));
#6251 = CARTESIAN_POINT('',(-19.18313204791,1.18574345767,
    12.651421898919));
#6252 = CARTESIAN_POINT('',(-19.12678550546,1.290491722818,
    12.676214377596));
#6253 = CARTESIAN_POINT('',(-19.06615755461,1.393234373442,
    12.702890675972));
#6254 = CARTESIAN_POINT('',(-19.00130422259,1.493778525612,
    12.73142614206));
#6255 = CARTESIAN_POINT('',(-18.93228582713,1.59193225541,
    12.761794236062));
#6256 = CARTESIAN_POINT('',(-18.78580111394,1.783394234583,
    12.826247509865));
#6257 = CARTESIAN_POINT('',(-18.70830855646,1.876683972407,
    12.860344235157));
#6258 = CARTESIAN_POINT('',(-18.62674934443,1.967181838495,
    12.896230288449));
#6259 = CARTESIAN_POINT('',(-18.54119107743,2.054692440963,
    12.933875925928));
#6260 = CARTESIAN_POINT('',(-18.45170446575,2.139016597542,
    12.973250035067));
#6261 = CARTESIAN_POINT('',(-18.26045445419,2.304841849123,
    13.057400040152));
#6262 = CARTESIAN_POINT('',(-18.15830832178,2.3860004204,13.102344338416
    ));
#6263 = CARTESIAN_POINT('',(-18.05200207116,2.463194464869,
    13.149119088688));
#6264 = CARTESIAN_POINT('',(-17.94162750412,2.536176224612,
    13.197683898184));
#6265 = CARTESIAN_POINT('',(-17.82728662539,2.604683407277,
    13.247993884826));
#6266 = CARTESIAN_POINT('',(-17.70908954545,2.668440140766,13.3000006));
#6267 = PCURVE('',#3901,#6268);
#6268 = DEFINITIONAL_REPRESENTATION('',(#6269),#6332);
#6269 = B_SPLINE_CURVE_WITH_KNOTS('',6,(#6270,#6271,#6272,#6273,#6274,
    #6275,#6276,#6277,#6278,#6279,#6280,#6281,#6282,#6283,#6284,#6285,
    #6286,#6287,#6288,#6289,#6290,#6291,#6292,#6293,#6294,#6295,#6296,
    #6297,#6298,#6299,#6300,#6301,#6302,#6303,#6304,#6305,#6306,#6307,
    #6308,#6309,#6310,#6311,#6312,#6313,#6314,#6315,#6316,#6317,#6318,
    #6319,#6320,#6321,#6322,#6323,#6324,#6325,#6326,#6327,#6328,#6329,
    #6330,#6331),.UNSPECIFIED.,.F.,.F.,(7,5,5,5,5,5,5,5,5,5,5,5,7),(0.,
    8.550886774241E-03,7.30890698916E-02,0.13799914009,0.191166607879,
    0.234158629486,0.367747259961,0.539850667126,0.624786750873,
    0.717402715814,0.809885070953,0.902674569573,1.),.UNSPECIFIED.);
#6270 = CARTESIAN_POINT('',(17.922229382802,0.818182090909));
#6271 = CARTESIAN_POINT('',(17.913727673281,0.81623298306));
#6272 = CARTESIAN_POINT('',(17.90490224777,0.814220053169));
#6273 = CARTESIAN_POINT('',(17.89600879216,0.812203841278));
#6274 = CARTESIAN_POINT('',(17.887164426723,0.810209610636));
#6275 = CARTESIAN_POINT('',(17.878334110994,0.808229278091));
#6276 = CARTESIAN_POINT('',(17.801394359498,0.791071548297));
#6277 = CARTESIAN_POINT('',(17.732058355893,0.776247450409));
#6278 = CARTESIAN_POINT('',(17.661415007884,0.761755119705));
#6279 = CARTESIAN_POINT('',(17.58954658037,0.747599811547));
#6280 = CARTESIAN_POINT('',(17.516527307084,0.733786572446));
#6281 = CARTESIAN_POINT('',(17.367892466569,0.706776310906));
#6282 = CARTESIAN_POINT('',(17.292265172815,0.693583368041));
#6283 = CARTESIAN_POINT('',(17.21560923451,0.680746397779));
#6284 = CARTESIAN_POINT('',(17.137987258336,0.668270339818));
#6285 = CARTESIAN_POINT('',(17.059456732477,0.656160087253));
#6286 = CARTESIAN_POINT('',(16.915044829225,0.634804646696));
#6287 = CARTESIAN_POINT('',(16.849445519029,0.62543749744));
#6288 = CARTESIAN_POINT('',(16.783301119531,0.616321718529));
#6289 = CARTESIAN_POINT('',(16.716639219049,0.607459972234));
#6290 = CARTESIAN_POINT('',(16.649485970713,0.598854903361));
#6291 = CARTESIAN_POINT('',(16.527187632358,0.583760627698));
#6292 = CARTESIAN_POINT('',(16.472204138588,0.57718166506));
#6293 = CARTESIAN_POINT('',(16.416928738573,0.570773641894));
#6294 = CARTESIAN_POINT('',(16.361374158178,0.564537932172));
#6295 = CARTESIAN_POINT('',(16.305552721713,0.55847589329));
#6296 = CARTESIAN_POINT('',(16.075230871944,0.534296171848));
#6297 = CARTESIAN_POINT('',(15.898525020941,0.517693306683));
#6298 = CARTESIAN_POINT('',(15.719715063879,0.502820250265));
#6299 = CARTESIAN_POINT('',(15.539133713044,0.489715224714));
#6300 = CARTESIAN_POINT('',(15.357098158586,0.478412336556));
#6301 = CARTESIAN_POINT('',(14.937925617805,0.456734917686));
#6302 = CARTESIAN_POINT('',(14.700033275814,0.447567520713));
#6303 = CARTESIAN_POINT('',(14.460914551447,0.441497420964));
#6304 = CARTESIAN_POINT('',(14.22122387296,0.438566224834));
#6305 = CARTESIAN_POINT('',(13.981617736286,0.438793690645));
#6306 = CARTESIAN_POINT('',(13.624903102586,0.443843239337));
#6307 = CARTESIAN_POINT('',(13.507216193412,0.446279920203));
#6308 = CARTESIAN_POINT('',(13.389795873822,0.44948410852));
#6309 = CARTESIAN_POINT('',(13.272724207956,0.453453888536));
#6310 = CARTESIAN_POINT('',(13.156084545564,0.458186030181));
#6311 = CARTESIAN_POINT('',(12.913338708669,0.469662347491));
#6312 = CARTESIAN_POINT('',(12.787330356672,0.476549779164));
#6313 = CARTESIAN_POINT('',(12.662046240678,0.484332505446));
#6314 = CARTESIAN_POINT('',(12.537598845409,0.493003015489));
#6315 = CARTESIAN_POINT('',(12.414104634155,0.502552368165));
#6316 = CARTESIAN_POINT('',(12.169442605193,0.523373590418));
#6317 = CARTESIAN_POINT('',(12.048272310932,0.534642898907));
#6318 = CARTESIAN_POINT('',(11.928294893718,0.546768489078));
#6319 = CARTESIAN_POINT('',(11.809637901456,0.559739155482));
#6320 = CARTESIAN_POINT('',(11.692437772944,0.573542834574));
#6321 = CARTESIAN_POINT('',(11.460861600479,0.602839777212));
#6322 = CARTESIAN_POINT('',(11.346497840749,0.618338288708));
#6323 = CARTESIAN_POINT('',(11.233897798543,0.634650131113));
#6324 = CARTESIAN_POINT('',(11.12322487801,0.651761784513));
#6325 = CARTESIAN_POINT('',(11.014661289011,0.669659106849));
#6326 = CARTESIAN_POINT('',(10.796966527589,0.70790910916));
#6327 = CARTESIAN_POINT('',(10.688070990765,0.728338335644));
#6328 = CARTESIAN_POINT('',(10.581956775022,0.749599585767));
#6329 = CARTESIAN_POINT('',(10.478895841851,0.771674499175));
#6330 = CARTESIAN_POINT('',(10.379204788427,0.794542674921));
#6331 = CARTESIAN_POINT('',(10.283250020943,0.818182090909));
#6332 = ( GEOMETRIC_REPRESENTATION_CONTEXT(2) 
PARAMETRIC_REPRESENTATION_CONTEXT() REPRESENTATION_CONTEXT('2D SPACE',''
  ) );
#6333 = PCURVE('',#6334,#6339);
#6334 = CYLINDRICAL_SURFACE('',#6335,3.6);
#6335 = AXIS2_PLACEMENT_3D('',#6336,#6337,#6338);
#6336 = CARTESIAN_POINT('',(-16.,-0.5,2.4));
#6337 = DIRECTION('',(-0.,-0.,-1.));
#6338 = DIRECTION('',(1.,0.,0.));
#6339 = DEFINITIONAL_REPRESENTATION('',(#6340),#6403);
#6340 = B_SPLINE_CURVE_WITH_KNOTS('',6,(#6341,#6342,#6343,#6344,#6345,
    #6346,#6347,#6348,#6349,#6350,#6351,#6352,#6353,#6354,#6355,#6356,
    #6357,#6358,#6359,#6360,#6361,#6362,#6363,#6364,#6365,#6366,#6367,
    #6368,#6369,#6370,#6371,#6372,#6373,#6374,#6375,#6376,#6377,#6378,
    #6379,#6380,#6381,#6382,#6383,#6384,#6385,#6386,#6387,#6388,#6389,
    #6390,#6391,#6392,#6393,#6394,#6395,#6396,#6397,#6398,#6399,#6400,
    #6401,#6402),.UNSPECIFIED.,.F.,.F.,(7,5,5,5,5,5,5,5,5,5,5,5,7),(0.,
    8.550886774241E-03,7.30890698916E-02,0.13799914009,0.191166607879,
    0.234158629486,0.367747259961,0.539850667126,0.624786750873,
    0.717402715814,0.809885070953,0.902674569573,1.),.UNSPECIFIED.);
#6341 = CARTESIAN_POINT('',(-4.217712321977,-10.9000006));
#6342 = CARTESIAN_POINT('',(-4.214636505851,-10.89571256273));
#6343 = CARTESIAN_POINT('',(-4.211453851841,-10.89128411697));
#6344 = CARTESIAN_POINT('',(-4.208259037214,-10.88684845081));
#6345 = CARTESIAN_POINT('',(-4.205092308272,-10.88246114339));
#6346 = CARTESIAN_POINT('',(-4.201941270265,-10.8781044118));
#6347 = CARTESIAN_POINT('',(-4.17458037031,-10.84035740625));
#6348 = CARTESIAN_POINT('',(-4.150545644906,-10.8077443909));
#6349 = CARTESIAN_POINT('',(-4.126627188,-10.77586126335));
#6350 = CARTESIAN_POINT('',(-4.102816558327,-10.7447195854));
#6351 = CARTESIAN_POINT('',(-4.079105754169,-10.71433045938));
#6352 = CARTESIAN_POINT('',(-4.031732575899,-10.65490788399));
#6353 = CARTESIAN_POINT('',(-4.008071338626,-10.62588340969));
#6354 = CARTESIAN_POINT('',(-3.984495867711,-10.59764207511));
#6355 = CARTESIAN_POINT('',(-3.960999018634,-10.57019474759));
#6356 = CARTESIAN_POINT('',(-3.937574136176,-10.54355219195));
#6357 = CARTESIAN_POINT('',(-3.895081763971,-10.49657022273));
#6358 = CARTESIAN_POINT('',(-3.875992640294,-10.47596249436));
#6359 = CARTESIAN_POINT('',(-3.856944308946,-10.45590778076));
#6360 = CARTESIAN_POINT('',(-3.837933598791,-10.43641193891));
#6361 = CARTESIAN_POINT('',(-3.818957542003,-10.41748078739));
#6362 = CARTESIAN_POINT('',(-3.784694832281,-10.38427338093));
#6363 = CARTESIAN_POINT('',(-3.769397144268,-10.36979966313));
#6364 = CARTESIAN_POINT('',(-3.754118850321,-10.35570201216));
#6365 = CARTESIAN_POINT('',(-3.738858568173,-10.34198345077));
#6366 = CARTESIAN_POINT('',(-3.723614993002,-10.32864696523));
#6367 = CARTESIAN_POINT('',(-3.661068805458,-10.27545157806));
#6368 = CARTESIAN_POINT('',(-3.613900358989,-10.2389252747));
#6369 = CARTESIAN_POINT('',(-3.566844145434,-10.20620455058));
#6370 = CARTESIAN_POINT('',(-3.519870597667,-10.17737349437));
#6371 = CARTESIAN_POINT('',(-3.472955337012,-10.15250714042));
#6372 = CARTESIAN_POINT('',(-3.365682119256,-10.1048168189));
#6373 = CARTESIAN_POINT('',(-3.305348171685,-10.08464854556));
#6374 = CARTESIAN_POINT('',(-3.245031550862,-10.07129432612));
#6375 = CARTESIAN_POINT('',(-3.184697297725,-10.06484569463));
#6376 = CARTESIAN_POINT('',(-3.124314281262,-10.06534611941));
#6377 = CARTESIAN_POINT('',(-3.034011093699,-10.07645512654));
#6378 = CARTESIAN_POINT('',(-3.004151605039,-10.08181582444));
#6379 = CARTESIAN_POINT('',(-2.974268557635,-10.08886503874));
#6380 = CARTESIAN_POINT('',(-2.944357773684,-10.09759855478));
#6381 = CARTESIAN_POINT('',(-2.914414736936,-10.10800926639));
#6382 = CARTESIAN_POINT('',(-2.851743657747,-10.13325716448));
#6383 = CARTESIAN_POINT('',(-2.819008573741,-10.14840951416));
#6384 = CARTESIAN_POINT('',(-2.786222780183,-10.16553151198));
#6385 = CARTESIAN_POINT('',(-2.753379053966,-10.18460663407));
#6386 = CARTESIAN_POINT('',(-2.720469131786,-10.20561520996));
#6387 = CARTESIAN_POINT('',(-2.654545119363,-10.25142189891));
#6388 = CARTESIAN_POINT('',(-2.621531421216,-10.27621437759));
#6389 = CARTESIAN_POINT('',(-2.588432334097,-10.30289067597));
#6390 = CARTESIAN_POINT('',(-2.555237093898,-10.33142614206));
#6391 = CARTESIAN_POINT('',(-2.521933403437,-10.36179423606));
#6392 = CARTESIAN_POINT('',(-2.454969102171,-10.42624750986));
#6393 = CARTESIAN_POINT('',(-2.421308150126,-10.46034423515));
#6394 = CARTESIAN_POINT('',(-2.387508784598,-10.49623028844));
#6395 = CARTESIAN_POINT('',(-2.353555202044,-10.53387592592));
#6396 = CARTESIAN_POINT('',(-2.319429731241,-10.57325003506));
#6397 = CARTESIAN_POINT('',(-2.249115960823,-10.65740004015));
#6398 = CARTESIAN_POINT('',(-2.212909670439,-10.70234433841));
#6399 = CARTESIAN_POINT('',(-2.176467725718,-10.74911908868));
#6400 = CARTESIAN_POINT('',(-2.139765700483,-10.79768389818));
#6401 = CARTESIAN_POINT('',(-2.102777486689,-10.84799388482));
#6402 = CARTESIAN_POINT('',(-2.065472985202,-10.9000006));
#6403 = ( GEOMETRIC_REPRESENTATION_CONTEXT(2) 
PARAMETRIC_REPRESENTATION_CONTEXT() REPRESENTATION_CONTEXT('2D SPACE',''
  ) );
#6404 = ADVANCED_FACE('',(#6405),#3952,.F.);
#6405 = FACE_BOUND('',#6406,.F.);
#6406 = EDGE_LOOP('',(#6407,#6408,#6409,#6429));
#6407 = ORIENTED_EDGE('',*,*,#3938,.T.);
#6408 = ORIENTED_EDGE('',*,*,#5667,.T.);
#6409 = ORIENTED_EDGE('',*,*,#6410,.F.);
#6410 = EDGE_CURVE('',#6131,#5641,#6411,.T.);
#6411 = SURFACE_CURVE('',#6412,(#6416,#6422),.PCURVE_S1.);
#6412 = LINE('',#6413,#6414);
#6413 = CARTESIAN_POINT('',(-16.8,-10.6875,13.7));
#6414 = VECTOR('',#6415,1.);
#6415 = DIRECTION('',(0.707106781187,-0.707106781187,0.));
#6416 = PCURVE('',#3952,#6417);
#6417 = DEFINITIONAL_REPRESENTATION('',(#6418),#6421);
#6418 = B_SPLINE_CURVE_WITH_KNOTS('',1,(#6419,#6420),.UNSPECIFIED.,.F.,
  .F.,(2,2),(0.,8.644380400006),.PIECEWISE_BEZIER_KNOTS.);
#6419 = CARTESIAN_POINT('',(0.,1.));
#6420 = CARTESIAN_POINT('',(11.737972567697,1.));
#6421 = ( GEOMETRIC_REPRESENTATION_CONTEXT(2) 
PARAMETRIC_REPRESENTATION_CONTEXT() REPRESENTATION_CONTEXT('2D SPACE',''
  ) );
#6422 = PCURVE('',#5655,#6423);
#6423 = DEFINITIONAL_REPRESENTATION('',(#6424),#6428);
#6424 = LINE('',#6425,#6426);
#6425 = CARTESIAN_POINT('',(1.876448290808,-8.438261332284));
#6426 = VECTOR('',#6427,1.);
#6427 = DIRECTION('',(-0.217071461918,0.976155715253));
#6428 = ( GEOMETRIC_REPRESENTATION_CONTEXT(2) 
PARAMETRIC_REPRESENTATION_CONTEXT() REPRESENTATION_CONTEXT('2D SPACE',''
  ) );
#6429 = ORIENTED_EDGE('',*,*,#6130,.F.);
#6430 = ADVANCED_FACE('',(#6431),#4445,.T.);
#6431 = FACE_BOUND('',#6432,.T.);
#6432 = EDGE_LOOP('',(#6433,#6434,#6435,#6436));
#6433 = ORIENTED_EDGE('',*,*,#4430,.F.);
#6434 = ORIENTED_EDGE('',*,*,#5037,.F.);
#6435 = ORIENTED_EDGE('',*,*,#4786,.T.);
#6436 = ORIENTED_EDGE('',*,*,#4570,.F.);
#6437 = ADVANCED_FACE('',(#6438),#4611,.F.);
#6438 = FACE_BOUND('',#6439,.F.);
#6439 = EDGE_LOOP('',(#6440,#6463,#6491,#6512));
#6440 = ORIENTED_EDGE('',*,*,#6441,.F.);
#6441 = EDGE_CURVE('',#6442,#4596,#6444,.T.);
#6442 = VERTEX_POINT('',#6443);
#6443 = CARTESIAN_POINT('',(11.5,16.,13.9));
#6444 = SURFACE_CURVE('',#6445,(#6449,#6456),.PCURVE_S1.);
#6445 = LINE('',#6446,#6447);
#6446 = CARTESIAN_POINT('',(11.5,16.,13.9));
#6447 = VECTOR('',#6448,1.);
#6448 = DIRECTION('',(0.,0.,1.));
#6449 = PCURVE('',#4611,#6450);
#6450 = DEFINITIONAL_REPRESENTATION('',(#6451),#6455);
#6451 = LINE('',#6452,#6453);
#6452 = CARTESIAN_POINT('',(0.,23.));
#6453 = VECTOR('',#6454,1.);
#6454 = DIRECTION('',(1.,0.));
#6455 = ( GEOMETRIC_REPRESENTATION_CONTEXT(2) 
PARAMETRIC_REPRESENTATION_CONTEXT() REPRESENTATION_CONTEXT('2D SPACE',''
  ) );
#6456 = PCURVE('',#4690,#6457);
#6457 = DEFINITIONAL_REPRESENTATION('',(#6458),#6462);
#6458 = LINE('',#6459,#6460);
#6459 = CARTESIAN_POINT('',(0.,-23.));
#6460 = VECTOR('',#6461,1.);
#6461 = DIRECTION('',(1.,0.));
#6462 = ( GEOMETRIC_REPRESENTATION_CONTEXT(2) 
PARAMETRIC_REPRESENTATION_CONTEXT() REPRESENTATION_CONTEXT('2D SPACE',''
  ) );
#6463 = ORIENTED_EDGE('',*,*,#6464,.F.);
#6464 = EDGE_CURVE('',#6465,#6442,#6467,.T.);
#6465 = VERTEX_POINT('',#6466);
#6466 = CARTESIAN_POINT('',(-11.5,16.,13.9));
#6467 = SURFACE_CURVE('',#6468,(#6472,#6479),.PCURVE_S1.);
#6468 = LINE('',#6469,#6470);
#6469 = CARTESIAN_POINT('',(-11.5,16.,13.9));
#6470 = VECTOR('',#6471,1.);
#6471 = DIRECTION('',(1.,0.,0.));
#6472 = PCURVE('',#4611,#6473);
#6473 = DEFINITIONAL_REPRESENTATION('',(#6474),#6478);
#6474 = LINE('',#6475,#6476);
#6475 = CARTESIAN_POINT('',(0.,0.));
#6476 = VECTOR('',#6477,1.);
#6477 = DIRECTION('',(0.,1.));
#6478 = ( GEOMETRIC_REPRESENTATION_CONTEXT(2) 
PARAMETRIC_REPRESENTATION_CONTEXT() REPRESENTATION_CONTEXT('2D SPACE',''
  ) );
#6479 = PCURVE('',#6480,#6485);
#6480 = PLANE('',#6481);
#6481 = AXIS2_PLACEMENT_3D('',#6482,#6483,#6484);
#6482 = CARTESIAN_POINT('',(-11.5,-7.,13.9));
#6483 = DIRECTION('',(0.,0.,1.));
#6484 = DIRECTION('',(1.,0.,0.));
#6485 = DEFINITIONAL_REPRESENTATION('',(#6486),#6490);
#6486 = LINE('',#6487,#6488);
#6487 = CARTESIAN_POINT('',(0.,23.));
#6488 = VECTOR('',#6489,1.);
#6489 = DIRECTION('',(1.,0.));
#6490 = ( GEOMETRIC_REPRESENTATION_CONTEXT(2) 
PARAMETRIC_REPRESENTATION_CONTEXT() REPRESENTATION_CONTEXT('2D SPACE',''
  ) );
#6491 = ORIENTED_EDGE('',*,*,#6492,.T.);
#6492 = EDGE_CURVE('',#6465,#4594,#6493,.T.);
#6493 = SURFACE_CURVE('',#6494,(#6498,#6505),.PCURVE_S1.);
#6494 = LINE('',#6495,#6496);
#6495 = CARTESIAN_POINT('',(-11.5,16.,13.9));
#6496 = VECTOR('',#6497,1.);
#6497 = DIRECTION('',(0.,0.,1.));
#6498 = PCURVE('',#4611,#6499);
#6499 = DEFINITIONAL_REPRESENTATION('',(#6500),#6504);
#6500 = LINE('',#6501,#6502);
#6501 = CARTESIAN_POINT('',(0.,0.));
#6502 = VECTOR('',#6503,1.);
#6503 = DIRECTION('',(1.,0.));
#6504 = ( GEOMETRIC_REPRESENTATION_CONTEXT(2) 
PARAMETRIC_REPRESENTATION_CONTEXT() REPRESENTATION_CONTEXT('2D SPACE',''
  ) );
#6505 = PCURVE('',#4638,#6506);
#6506 = DEFINITIONAL_REPRESENTATION('',(#6507),#6511);
#6507 = LINE('',#6508,#6509);
#6508 = CARTESIAN_POINT('',(0.,-23.));
#6509 = VECTOR('',#6510,1.);
#6510 = DIRECTION('',(1.,0.));
#6511 = ( GEOMETRIC_REPRESENTATION_CONTEXT(2) 
PARAMETRIC_REPRESENTATION_CONTEXT() REPRESENTATION_CONTEXT('2D SPACE',''
  ) );
#6512 = ORIENTED_EDGE('',*,*,#4593,.T.);
#6513 = ADVANCED_FACE('',(#6514),#4638,.T.);
#6514 = FACE_BOUND('',#6515,.T.);
#6515 = EDGE_LOOP('',(#6516,#6539,#6560,#6561));
#6516 = ORIENTED_EDGE('',*,*,#6517,.F.);
#6517 = EDGE_CURVE('',#6518,#4623,#6520,.T.);
#6518 = VERTEX_POINT('',#6519);
#6519 = CARTESIAN_POINT('',(-11.5,-7.,13.9));
#6520 = SURFACE_CURVE('',#6521,(#6525,#6532),.PCURVE_S1.);
#6521 = LINE('',#6522,#6523);
#6522 = CARTESIAN_POINT('',(-11.5,-7.,13.9));
#6523 = VECTOR('',#6524,1.);
#6524 = DIRECTION('',(0.,0.,1.));
#6525 = PCURVE('',#4638,#6526);
#6526 = DEFINITIONAL_REPRESENTATION('',(#6527),#6531);
#6527 = LINE('',#6528,#6529);
#6528 = CARTESIAN_POINT('',(0.,0.));
#6529 = VECTOR('',#6530,1.);
#6530 = DIRECTION('',(1.,0.));
#6531 = ( GEOMETRIC_REPRESENTATION_CONTEXT(2) 
PARAMETRIC_REPRESENTATION_CONTEXT() REPRESENTATION_CONTEXT('2D SPACE',''
  ) );
#6532 = PCURVE('',#4665,#6533);
#6533 = DEFINITIONAL_REPRESENTATION('',(#6534),#6538);
#6534 = LINE('',#6535,#6536);
#6535 = CARTESIAN_POINT('',(0.,0.));
#6536 = VECTOR('',#6537,1.);
#6537 = DIRECTION('',(1.,0.));
#6538 = ( GEOMETRIC_REPRESENTATION_CONTEXT(2) 
PARAMETRIC_REPRESENTATION_CONTEXT() REPRESENTATION_CONTEXT('2D SPACE',''
  ) );
#6539 = ORIENTED_EDGE('',*,*,#6540,.T.);
#6540 = EDGE_CURVE('',#6518,#6465,#6541,.T.);
#6541 = SURFACE_CURVE('',#6542,(#6546,#6553),.PCURVE_S1.);
#6542 = LINE('',#6543,#6544);
#6543 = CARTESIAN_POINT('',(-11.5,-7.,13.9));
#6544 = VECTOR('',#6545,1.);
#6545 = DIRECTION('',(0.,1.,0.));
#6546 = PCURVE('',#4638,#6547);
#6547 = DEFINITIONAL_REPRESENTATION('',(#6548),#6552);
#6548 = LINE('',#6549,#6550);
#6549 = CARTESIAN_POINT('',(0.,0.));
#6550 = VECTOR('',#6551,1.);
#6551 = DIRECTION('',(0.,-1.));
#6552 = ( GEOMETRIC_REPRESENTATION_CONTEXT(2) 
PARAMETRIC_REPRESENTATION_CONTEXT() REPRESENTATION_CONTEXT('2D SPACE',''
  ) );
#6553 = PCURVE('',#6480,#6554);
#6554 = DEFINITIONAL_REPRESENTATION('',(#6555),#6559);
#6555 = LINE('',#6556,#6557);
#6556 = CARTESIAN_POINT('',(0.,0.));
#6557 = VECTOR('',#6558,1.);
#6558 = DIRECTION('',(0.,1.));
#6559 = ( GEOMETRIC_REPRESENTATION_CONTEXT(2) 
PARAMETRIC_REPRESENTATION_CONTEXT() REPRESENTATION_CONTEXT('2D SPACE',''
  ) );
#6560 = ORIENTED_EDGE('',*,*,#6492,.T.);
#6561 = ORIENTED_EDGE('',*,*,#4622,.T.);
#6562 = ADVANCED_FACE('',(#6563),#4665,.T.);
#6563 = FACE_BOUND('',#6564,.T.);
#6564 = EDGE_LOOP('',(#6565,#6588,#6609,#6610));
#6565 = ORIENTED_EDGE('',*,*,#6566,.F.);
#6566 = EDGE_CURVE('',#6567,#4650,#6569,.T.);
#6567 = VERTEX_POINT('',#6568);
#6568 = CARTESIAN_POINT('',(11.5,-7.,13.9));
#6569 = SURFACE_CURVE('',#6570,(#6574,#6581),.PCURVE_S1.);
#6570 = LINE('',#6571,#6572);
#6571 = CARTESIAN_POINT('',(11.5,-7.,13.9));
#6572 = VECTOR('',#6573,1.);
#6573 = DIRECTION('',(0.,0.,1.));
#6574 = PCURVE('',#4665,#6575);
#6575 = DEFINITIONAL_REPRESENTATION('',(#6576),#6580);
#6576 = LINE('',#6577,#6578);
#6577 = CARTESIAN_POINT('',(0.,23.));
#6578 = VECTOR('',#6579,1.);
#6579 = DIRECTION('',(1.,0.));
#6580 = ( GEOMETRIC_REPRESENTATION_CONTEXT(2) 
PARAMETRIC_REPRESENTATION_CONTEXT() REPRESENTATION_CONTEXT('2D SPACE',''
  ) );
#6581 = PCURVE('',#4690,#6582);
#6582 = DEFINITIONAL_REPRESENTATION('',(#6583),#6587);
#6583 = LINE('',#6584,#6585);
#6584 = CARTESIAN_POINT('',(0.,0.));
#6585 = VECTOR('',#6586,1.);
#6586 = DIRECTION('',(1.,0.));
#6587 = ( GEOMETRIC_REPRESENTATION_CONTEXT(2) 
PARAMETRIC_REPRESENTATION_CONTEXT() REPRESENTATION_CONTEXT('2D SPACE',''
  ) );
#6588 = ORIENTED_EDGE('',*,*,#6589,.F.);
#6589 = EDGE_CURVE('',#6518,#6567,#6590,.T.);
#6590 = SURFACE_CURVE('',#6591,(#6595,#6602),.PCURVE_S1.);
#6591 = LINE('',#6592,#6593);
#6592 = CARTESIAN_POINT('',(-11.5,-7.,13.9));
#6593 = VECTOR('',#6594,1.);
#6594 = DIRECTION('',(1.,0.,0.));
#6595 = PCURVE('',#4665,#6596);
#6596 = DEFINITIONAL_REPRESENTATION('',(#6597),#6601);
#6597 = LINE('',#6598,#6599);
#6598 = CARTESIAN_POINT('',(0.,0.));
#6599 = VECTOR('',#6600,1.);
#6600 = DIRECTION('',(0.,1.));
#6601 = ( GEOMETRIC_REPRESENTATION_CONTEXT(2) 
PARAMETRIC_REPRESENTATION_CONTEXT() REPRESENTATION_CONTEXT('2D SPACE',''
  ) );
#6602 = PCURVE('',#6480,#6603);
#6603 = DEFINITIONAL_REPRESENTATION('',(#6604),#6608);
#6604 = LINE('',#6605,#6606);
#6605 = CARTESIAN_POINT('',(0.,0.));
#6606 = VECTOR('',#6607,1.);
#6607 = DIRECTION('',(1.,0.));
#6608 = ( GEOMETRIC_REPRESENTATION_CONTEXT(2) 
PARAMETRIC_REPRESENTATION_CONTEXT() REPRESENTATION_CONTEXT('2D SPACE',''
  ) );
#6609 = ORIENTED_EDGE('',*,*,#6517,.T.);
#6610 = ORIENTED_EDGE('',*,*,#4649,.T.);
#6611 = ADVANCED_FACE('',(#6612),#4690,.F.);
#6612 = FACE_BOUND('',#6613,.F.);
#6613 = EDGE_LOOP('',(#6614,#6615,#6636,#6637));
#6614 = ORIENTED_EDGE('',*,*,#6566,.F.);
#6615 = ORIENTED_EDGE('',*,*,#6616,.T.);
#6616 = EDGE_CURVE('',#6567,#6442,#6617,.T.);
#6617 = SURFACE_CURVE('',#6618,(#6622,#6629),.PCURVE_S1.);
#6618 = LINE('',#6619,#6620);
#6619 = CARTESIAN_POINT('',(11.5,-7.,13.9));
#6620 = VECTOR('',#6621,1.);
#6621 = DIRECTION('',(0.,1.,0.));
#6622 = PCURVE('',#4690,#6623);
#6623 = DEFINITIONAL_REPRESENTATION('',(#6624),#6628);
#6624 = LINE('',#6625,#6626);
#6625 = CARTESIAN_POINT('',(0.,0.));
#6626 = VECTOR('',#6627,1.);
#6627 = DIRECTION('',(0.,-1.));
#6628 = ( GEOMETRIC_REPRESENTATION_CONTEXT(2) 
PARAMETRIC_REPRESENTATION_CONTEXT() REPRESENTATION_CONTEXT('2D SPACE',''
  ) );
#6629 = PCURVE('',#6480,#6630);
#6630 = DEFINITIONAL_REPRESENTATION('',(#6631),#6635);
#6631 = LINE('',#6632,#6633);
#6632 = CARTESIAN_POINT('',(23.,0.));
#6633 = VECTOR('',#6634,1.);
#6634 = DIRECTION('',(0.,1.));
#6635 = ( GEOMETRIC_REPRESENTATION_CONTEXT(2) 
PARAMETRIC_REPRESENTATION_CONTEXT() REPRESENTATION_CONTEXT('2D SPACE',''
  ) );
#6636 = ORIENTED_EDGE('',*,*,#6441,.T.);
#6637 = ORIENTED_EDGE('',*,*,#4676,.T.);
#6638 = ADVANCED_FACE('',(#6639),#4895,.T.);
#6639 = FACE_BOUND('',#6640,.F.);
#6640 = EDGE_LOOP('',(#6641,#6642,#6643,#6662));
#6641 = ORIENTED_EDGE('',*,*,#4880,.F.);
#6642 = ORIENTED_EDGE('',*,*,#5309,.T.);
#6643 = ORIENTED_EDGE('',*,*,#6644,.T.);
#6644 = EDGE_CURVE('',#5287,#4934,#6645,.T.);
#6645 = SURFACE_CURVE('',#6646,(#6650,#6656),.PCURVE_S1.);
#6646 = LINE('',#6647,#6648);
#6647 = CARTESIAN_POINT('',(37.8,7.245141612572,11.5));
#6648 = VECTOR('',#6649,1.);
#6649 = DIRECTION('',(-0.707106781187,-9.216989773533E-16,0.707106781187
    ));
#6650 = PCURVE('',#4895,#6651);
#6651 = DEFINITIONAL_REPRESENTATION('',(#6652),#6655);
#6652 = B_SPLINE_CURVE_WITH_KNOTS('',1,(#6653,#6654),.UNSPECIFIED.,.F.,
  .F.,(2,2),(0.,1.697056274848),.PIECEWISE_BEZIER_KNOTS.);
#6653 = CARTESIAN_POINT('',(1.036725947558,0.));
#6654 = CARTESIAN_POINT('',(1.036725947558,-1.2));
#6655 = ( GEOMETRIC_REPRESENTATION_CONTEXT(2) 
PARAMETRIC_REPRESENTATION_CONTEXT() REPRESENTATION_CONTEXT('2D SPACE',''
  ) );
#6656 = PCURVE('',#4973,#6657);
#6657 = DEFINITIONAL_REPRESENTATION('',(#6658),#6661);
#6658 = B_SPLINE_CURVE_WITH_KNOTS('',1,(#6659,#6660),.UNSPECIFIED.,.F.,
  .F.,(2,2),(0.,1.697056274848),.PIECEWISE_BEZIER_KNOTS.);
#6659 = CARTESIAN_POINT('',(0.,-0.848528137424));
#6660 = CARTESIAN_POINT('',(0.,0.848528137424));
#6661 = ( GEOMETRIC_REPRESENTATION_CONTEXT(2) 
PARAMETRIC_REPRESENTATION_CONTEXT() REPRESENTATION_CONTEXT('2D SPACE',''
  ) );
#6662 = ORIENTED_EDGE('',*,*,#4933,.F.);
#6663 = ADVANCED_FACE('',(#6664),#5002,.T.);
#6664 = FACE_BOUND('',#6665,.F.);
#6665 = EDGE_LOOP('',(#6666,#6685,#6686,#6687));
#6666 = ORIENTED_EDGE('',*,*,#6667,.F.);
#6667 = EDGE_CURVE('',#5336,#4958,#6668,.T.);
#6668 = SURFACE_CURVE('',#6669,(#6673,#6679),.PCURVE_S1.);
#6669 = LINE('',#6670,#6671);
#6670 = CARTESIAN_POINT('',(37.2,-7.245141612572,12.1));
#6671 = VECTOR('',#6672,1.);
#6672 = DIRECTION('',(-0.707106781187,1.233225358799E-34,0.707106781187)
  );
#6673 = PCURVE('',#5002,#6674);
#6674 = DEFINITIONAL_REPRESENTATION('',(#6675),#6678);
#6675 = B_SPLINE_CURVE_WITH_KNOTS('',1,(#6676,#6677),.UNSPECIFIED.,.F.,
  .F.,(2,2),(-0.848528137424,0.848528137424),.PIECEWISE_BEZIER_KNOTS.);
#6676 = CARTESIAN_POINT('',(0.,0.));
#6677 = CARTESIAN_POINT('',(0.,-1.2));
#6678 = ( GEOMETRIC_REPRESENTATION_CONTEXT(2) 
PARAMETRIC_REPRESENTATION_CONTEXT() REPRESENTATION_CONTEXT('2D SPACE',''
  ) );
#6679 = PCURVE('',#4973,#6680);
#6680 = DEFINITIONAL_REPRESENTATION('',(#6681),#6684);
#6681 = B_SPLINE_CURVE_WITH_KNOTS('',1,(#6682,#6683),.UNSPECIFIED.,.F.,
  .F.,(2,2),(-0.848528137424,0.848528137424),.PIECEWISE_BEZIER_KNOTS.);
#6682 = CARTESIAN_POINT('',(14.490283225144,-0.848528137424));
#6683 = CARTESIAN_POINT('',(14.490283225144,0.848528137424));
#6684 = ( GEOMETRIC_REPRESENTATION_CONTEXT(2) 
PARAMETRIC_REPRESENTATION_CONTEXT() REPRESENTATION_CONTEXT('2D SPACE',''
  ) );
#6685 = ORIENTED_EDGE('',*,*,#5408,.T.);
#6686 = ORIENTED_EDGE('',*,*,#5433,.T.);
#6687 = ORIENTED_EDGE('',*,*,#4985,.F.);
#6688 = ADVANCED_FACE('',(#6689),#4973,.F.);
#6689 = FACE_BOUND('',#6690,.F.);
#6690 = EDGE_LOOP('',(#6691,#6692,#6693,#6694));
#6691 = ORIENTED_EDGE('',*,*,#6644,.F.);
#6692 = ORIENTED_EDGE('',*,*,#5335,.T.);
#6693 = ORIENTED_EDGE('',*,*,#6667,.T.);
#6694 = ORIENTED_EDGE('',*,*,#4957,.F.);
#6695 = ADVANCED_FACE('',(#6696),#1147,.T.);
#6696 = FACE_BOUND('',#6697,.T.);
#6697 = EDGE_LOOP('',(#6698,#6699,#6700,#6701));
#6698 = ORIENTED_EDGE('',*,*,#1131,.F.);
#6699 = ORIENTED_EDGE('',*,*,#5517,.T.);
#6700 = ORIENTED_EDGE('',*,*,#5566,.T.);
#6701 = ORIENTED_EDGE('',*,*,#5593,.F.);
#6702 = ADVANCED_FACE('',(#6703,#6713,#6819,#6925,#7031,#7137),#5655,.T.
  );
#6703 = FACE_BOUND('',#6704,.T.);
#6704 = EDGE_LOOP('',(#6705,#6706,#6707,#6708,#6709,#6710,#6711,#6712));
#6705 = ORIENTED_EDGE('',*,*,#5640,.F.);
#6706 = ORIENTED_EDGE('',*,*,#6410,.F.);
#6707 = ORIENTED_EDGE('',*,*,#6152,.F.);
#6708 = ORIENTED_EDGE('',*,*,#6105,.F.);
#6709 = ORIENTED_EDGE('',*,*,#6058,.F.);
#6710 = ORIENTED_EDGE('',*,*,#6011,.F.);
#6711 = ORIENTED_EDGE('',*,*,#5760,.F.);
#6712 = ORIENTED_EDGE('',*,*,#5713,.F.);
#6713 = FACE_BOUND('',#6714,.T.);
#6714 = EDGE_LOOP('',(#6715,#6743,#6769,#6795));
#6715 = ORIENTED_EDGE('',*,*,#6716,.F.);
#6716 = EDGE_CURVE('',#6717,#6719,#6721,.T.);
#6717 = VERTEX_POINT('',#6718);
#6718 = CARTESIAN_POINT('',(-8.45,-13.,13.7));
#6719 = VERTEX_POINT('',#6720);
#6720 = CARTESIAN_POINT('',(-6.95,-13.,13.7));
#6721 = SURFACE_CURVE('',#6722,(#6726,#6732),.PCURVE_S1.);
#6722 = LINE('',#6723,#6724);
#6723 = CARTESIAN_POINT('',(-9.56875,-13.,13.7));
#6724 = VECTOR('',#6725,1.);
#6725 = DIRECTION('',(1.,-0.,0.));
#6726 = PCURVE('',#5655,#6727);
#6727 = DEFINITIONAL_REPRESENTATION('',(#6728),#6731);
#6728 = B_SPLINE_CURVE_WITH_KNOTS('',1,(#6729,#6730),.UNSPECIFIED.,.F.,
  .F.,(2,2),(1.11875,2.61875),.PIECEWISE_BEZIER_KNOTS.);
#6729 = CARTESIAN_POINT('',(4.407194539718,-0.151797691283));
#6730 = CARTESIAN_POINT('',(5.212324974255,1.113810851427));
#6731 = ( GEOMETRIC_REPRESENTATION_CONTEXT(2) 
PARAMETRIC_REPRESENTATION_CONTEXT() REPRESENTATION_CONTEXT('2D SPACE',''
  ) );
#6732 = PCURVE('',#6733,#6738);
#6733 = PLANE('',#6734);
#6734 = AXIS2_PLACEMENT_3D('',#6735,#6736,#6737);
#6735 = CARTESIAN_POINT('',(-8.45,-13.,4.45));
#6736 = DIRECTION('',(0.,1.,0.));
#6737 = DIRECTION('',(0.,0.,1.));
#6738 = DEFINITIONAL_REPRESENTATION('',(#6739),#6742);
#6739 = B_SPLINE_CURVE_WITH_KNOTS('',1,(#6740,#6741),.UNSPECIFIED.,.F.,
  .F.,(2,2),(1.11875,2.61875),.PIECEWISE_BEZIER_KNOTS.);
#6740 = CARTESIAN_POINT('',(9.25,0.));
#6741 = CARTESIAN_POINT('',(9.25,1.5));
#6742 = ( GEOMETRIC_REPRESENTATION_CONTEXT(2) 
PARAMETRIC_REPRESENTATION_CONTEXT() REPRESENTATION_CONTEXT('2D SPACE',''
  ) );
#6743 = ORIENTED_EDGE('',*,*,#6744,.T.);
#6744 = EDGE_CURVE('',#6717,#6745,#6747,.T.);
#6745 = VERTEX_POINT('',#6746);
#6746 = CARTESIAN_POINT('',(-8.45,-15.,13.7));
#6747 = SURFACE_CURVE('',#6748,(#6752,#6758),.PCURVE_S1.);
#6748 = LINE('',#6749,#6750);
#6749 = CARTESIAN_POINT('',(-8.45,-15.9,13.7));
#6750 = VECTOR('',#6751,1.);
#6751 = DIRECTION('',(0.,-1.,0.));
#6752 = PCURVE('',#5655,#6753);
#6753 = DEFINITIONAL_REPRESENTATION('',(#6754),#6757);
#6754 = B_SPLINE_CURVE_WITH_KNOTS('',1,(#6755,#6756),.UNSPECIFIED.,.F.,
  .F.,(2,2),(-2.9,-0.9),.PIECEWISE_BEZIER_KNOTS.);
#6755 = CARTESIAN_POINT('',(4.407194539718,-0.151797691283));
#6756 = CARTESIAN_POINT('',(2.71971648277,0.921709554766));
#6757 = ( GEOMETRIC_REPRESENTATION_CONTEXT(2) 
PARAMETRIC_REPRESENTATION_CONTEXT() REPRESENTATION_CONTEXT('2D SPACE',''
  ) );
#6758 = PCURVE('',#6759,#6764);
#6759 = PLANE('',#6760);
#6760 = AXIS2_PLACEMENT_3D('',#6761,#6762,#6763);
#6761 = CARTESIAN_POINT('',(-8.45,-15.,4.45));
#6762 = DIRECTION('',(1.,0.,0.));
#6763 = DIRECTION('',(0.,0.,1.));
#6764 = DEFINITIONAL_REPRESENTATION('',(#6765),#6768);
#6765 = B_SPLINE_CURVE_WITH_KNOTS('',1,(#6766,#6767),.UNSPECIFIED.,.F.,
  .F.,(2,2),(-2.9,-0.9),.PIECEWISE_BEZIER_KNOTS.);
#6766 = CARTESIAN_POINT('',(9.25,-2.));
#6767 = CARTESIAN_POINT('',(9.25,0.));
#6768 = ( GEOMETRIC_REPRESENTATION_CONTEXT(2) 
PARAMETRIC_REPRESENTATION_CONTEXT() REPRESENTATION_CONTEXT('2D SPACE',''
  ) );
#6769 = ORIENTED_EDGE('',*,*,#6770,.T.);
#6770 = EDGE_CURVE('',#6745,#6771,#6773,.T.);
#6771 = VERTEX_POINT('',#6772);
#6772 = CARTESIAN_POINT('',(-6.95,-15.,13.7));
#6773 = SURFACE_CURVE('',#6774,(#6778,#6784),.PCURVE_S1.);
#6774 = LINE('',#6775,#6776);
#6775 = CARTESIAN_POINT('',(-9.56875,-15.,13.7));
#6776 = VECTOR('',#6777,1.);
#6777 = DIRECTION('',(1.,-0.,0.));
#6778 = PCURVE('',#5655,#6779);
#6779 = DEFINITIONAL_REPRESENTATION('',(#6780),#6783);
#6780 = B_SPLINE_CURVE_WITH_KNOTS('',1,(#6781,#6782),.UNSPECIFIED.,.F.,
  .F.,(2,2),(1.11875,2.61875),.PIECEWISE_BEZIER_KNOTS.);
#6781 = CARTESIAN_POINT('',(2.71971648277,0.921709554766));
#6782 = CARTESIAN_POINT('',(3.524846917307,2.187318097477));
#6783 = ( GEOMETRIC_REPRESENTATION_CONTEXT(2) 
PARAMETRIC_REPRESENTATION_CONTEXT() REPRESENTATION_CONTEXT('2D SPACE',''
  ) );
#6784 = PCURVE('',#6785,#6790);
#6785 = PLANE('',#6786);
#6786 = AXIS2_PLACEMENT_3D('',#6787,#6788,#6789);
#6787 = CARTESIAN_POINT('',(-8.45,-15.,4.45));
#6788 = DIRECTION('',(0.,1.,0.));
#6789 = DIRECTION('',(0.,0.,1.));
#6790 = DEFINITIONAL_REPRESENTATION('',(#6791),#6794);
#6791 = B_SPLINE_CURVE_WITH_KNOTS('',1,(#6792,#6793),.UNSPECIFIED.,.F.,
  .F.,(2,2),(1.11875,2.61875),.PIECEWISE_BEZIER_KNOTS.);
#6792 = CARTESIAN_POINT('',(9.25,0.));
#6793 = CARTESIAN_POINT('',(9.25,1.5));
#6794 = ( GEOMETRIC_REPRESENTATION_CONTEXT(2) 
PARAMETRIC_REPRESENTATION_CONTEXT() REPRESENTATION_CONTEXT('2D SPACE',''
  ) );
#6795 = ORIENTED_EDGE('',*,*,#6796,.F.);
#6796 = EDGE_CURVE('',#6719,#6771,#6797,.T.);
#6797 = SURFACE_CURVE('',#6798,(#6802,#6808),.PCURVE_S1.);
#6798 = LINE('',#6799,#6800);
#6799 = CARTESIAN_POINT('',(-6.95,-15.9,13.7));
#6800 = VECTOR('',#6801,1.);
#6801 = DIRECTION('',(0.,-1.,0.));
#6802 = PCURVE('',#5655,#6803);
#6803 = DEFINITIONAL_REPRESENTATION('',(#6804),#6807);
#6804 = B_SPLINE_CURVE_WITH_KNOTS('',1,(#6805,#6806),.UNSPECIFIED.,.F.,
  .F.,(2,2),(-2.9,-0.9),.PIECEWISE_BEZIER_KNOTS.);
#6805 = CARTESIAN_POINT('',(5.212324974255,1.113810851427));
#6806 = CARTESIAN_POINT('',(3.524846917307,2.187318097477));
#6807 = ( GEOMETRIC_REPRESENTATION_CONTEXT(2) 
PARAMETRIC_REPRESENTATION_CONTEXT() REPRESENTATION_CONTEXT('2D SPACE',''
  ) );
#6808 = PCURVE('',#6809,#6814);
#6809 = PLANE('',#6810);
#6810 = AXIS2_PLACEMENT_3D('',#6811,#6812,#6813);
#6811 = CARTESIAN_POINT('',(-6.95,-15.,4.45));
#6812 = DIRECTION('',(1.,0.,0.));
#6813 = DIRECTION('',(0.,0.,1.));
#6814 = DEFINITIONAL_REPRESENTATION('',(#6815),#6818);
#6815 = B_SPLINE_CURVE_WITH_KNOTS('',1,(#6816,#6817),.UNSPECIFIED.,.F.,
  .F.,(2,2),(-2.9,-0.9),.PIECEWISE_BEZIER_KNOTS.);
#6816 = CARTESIAN_POINT('',(9.25,-2.));
#6817 = CARTESIAN_POINT('',(9.25,0.));
#6818 = ( GEOMETRIC_REPRESENTATION_CONTEXT(2) 
PARAMETRIC_REPRESENTATION_CONTEXT() REPRESENTATION_CONTEXT('2D SPACE',''
  ) );
#6819 = FACE_BOUND('',#6820,.T.);
#6820 = EDGE_LOOP('',(#6821,#6849,#6875,#6901));
#6821 = ORIENTED_EDGE('',*,*,#6822,.F.);
#6822 = EDGE_CURVE('',#6823,#6825,#6827,.T.);
#6823 = VERTEX_POINT('',#6824);
#6824 = CARTESIAN_POINT('',(-8.45,-8.,13.7));
#6825 = VERTEX_POINT('',#6826);
#6826 = CARTESIAN_POINT('',(-6.95,-8.,13.7));
#6827 = SURFACE_CURVE('',#6828,(#6832,#6838),.PCURVE_S1.);
#6828 = LINE('',#6829,#6830);
#6829 = CARTESIAN_POINT('',(-9.56875,-8.,13.7));
#6830 = VECTOR('',#6831,1.);
#6831 = DIRECTION('',(1.,-0.,0.));
#6832 = PCURVE('',#5655,#6833);
#6833 = DEFINITIONAL_REPRESENTATION('',(#6834),#6837);
#6834 = B_SPLINE_CURVE_WITH_KNOTS('',1,(#6835,#6836),.UNSPECIFIED.,.F.,
  .F.,(2,2),(1.11875,2.61875),.PIECEWISE_BEZIER_KNOTS.);
#6835 = CARTESIAN_POINT('',(8.625889682087,-2.835565806407));
#6836 = CARTESIAN_POINT('',(9.431020116624,-1.569957263696));
#6837 = ( GEOMETRIC_REPRESENTATION_CONTEXT(2) 
PARAMETRIC_REPRESENTATION_CONTEXT() REPRESENTATION_CONTEXT('2D SPACE',''
  ) );
#6838 = PCURVE('',#6839,#6844);
#6839 = PLANE('',#6840);
#6840 = AXIS2_PLACEMENT_3D('',#6841,#6842,#6843);
#6841 = CARTESIAN_POINT('',(-8.45,-8.,4.45));
#6842 = DIRECTION('',(0.,1.,0.));
#6843 = DIRECTION('',(0.,0.,1.));
#6844 = DEFINITIONAL_REPRESENTATION('',(#6845),#6848);
#6845 = B_SPLINE_CURVE_WITH_KNOTS('',1,(#6846,#6847),.UNSPECIFIED.,.F.,
  .F.,(2,2),(1.11875,2.61875),.PIECEWISE_BEZIER_KNOTS.);
#6846 = CARTESIAN_POINT('',(9.25,0.));
#6847 = CARTESIAN_POINT('',(9.25,1.5));
#6848 = ( GEOMETRIC_REPRESENTATION_CONTEXT(2) 
PARAMETRIC_REPRESENTATION_CONTEXT() REPRESENTATION_CONTEXT('2D SPACE',''
  ) );
#6849 = ORIENTED_EDGE('',*,*,#6850,.T.);
#6850 = EDGE_CURVE('',#6823,#6851,#6853,.T.);
#6851 = VERTEX_POINT('',#6852);
#6852 = CARTESIAN_POINT('',(-8.45,-10.,13.7));
#6853 = SURFACE_CURVE('',#6854,(#6858,#6864),.PCURVE_S1.);
#6854 = LINE('',#6855,#6856);
#6855 = CARTESIAN_POINT('',(-8.45,-13.4,13.7));
#6856 = VECTOR('',#6857,1.);
#6857 = DIRECTION('',(0.,-1.,0.));
#6858 = PCURVE('',#5655,#6859);
#6859 = DEFINITIONAL_REPRESENTATION('',(#6860),#6863);
#6860 = B_SPLINE_CURVE_WITH_KNOTS('',1,(#6861,#6862),.UNSPECIFIED.,.F.,
  .F.,(2,2),(-5.4,-3.4),.PIECEWISE_BEZIER_KNOTS.);
#6861 = CARTESIAN_POINT('',(8.625889682087,-2.835565806407));
#6862 = CARTESIAN_POINT('',(6.93841162514,-1.762058560357));
#6863 = ( GEOMETRIC_REPRESENTATION_CONTEXT(2) 
PARAMETRIC_REPRESENTATION_CONTEXT() REPRESENTATION_CONTEXT('2D SPACE',''
  ) );
#6864 = PCURVE('',#6865,#6870);
#6865 = PLANE('',#6866);
#6866 = AXIS2_PLACEMENT_3D('',#6867,#6868,#6869);
#6867 = CARTESIAN_POINT('',(-8.45,-10.,4.45));
#6868 = DIRECTION('',(1.,0.,0.));
#6869 = DIRECTION('',(0.,0.,1.));
#6870 = DEFINITIONAL_REPRESENTATION('',(#6871),#6874);
#6871 = B_SPLINE_CURVE_WITH_KNOTS('',1,(#6872,#6873),.UNSPECIFIED.,.F.,
  .F.,(2,2),(-5.4,-3.4),.PIECEWISE_BEZIER_KNOTS.);
#6872 = CARTESIAN_POINT('',(9.25,-2.));
#6873 = CARTESIAN_POINT('',(9.25,0.));
#6874 = ( GEOMETRIC_REPRESENTATION_CONTEXT(2) 
PARAMETRIC_REPRESENTATION_CONTEXT() REPRESENTATION_CONTEXT('2D SPACE',''
  ) );
#6875 = ORIENTED_EDGE('',*,*,#6876,.T.);
#6876 = EDGE_CURVE('',#6851,#6877,#6879,.T.);
#6877 = VERTEX_POINT('',#6878);
#6878 = CARTESIAN_POINT('',(-6.95,-10.,13.7));
#6879 = SURFACE_CURVE('',#6880,(#6884,#6890),.PCURVE_S1.);
#6880 = LINE('',#6881,#6882);
#6881 = CARTESIAN_POINT('',(-9.56875,-10.,13.7));
#6882 = VECTOR('',#6883,1.);
#6883 = DIRECTION('',(1.,-0.,0.));
#6884 = PCURVE('',#5655,#6885);
#6885 = DEFINITIONAL_REPRESENTATION('',(#6886),#6889);
#6886 = B_SPLINE_CURVE_WITH_KNOTS('',1,(#6887,#6888),.UNSPECIFIED.,.F.,
  .F.,(2,2),(1.11875,2.61875),.PIECEWISE_BEZIER_KNOTS.);
#6887 = CARTESIAN_POINT('',(6.93841162514,-1.762058560357));
#6888 = CARTESIAN_POINT('',(7.743542059676,-0.496450017647));
#6889 = ( GEOMETRIC_REPRESENTATION_CONTEXT(2) 
PARAMETRIC_REPRESENTATION_CONTEXT() REPRESENTATION_CONTEXT('2D SPACE',''
  ) );
#6890 = PCURVE('',#6891,#6896);
#6891 = PLANE('',#6892);
#6892 = AXIS2_PLACEMENT_3D('',#6893,#6894,#6895);
#6893 = CARTESIAN_POINT('',(-8.45,-10.,4.45));
#6894 = DIRECTION('',(0.,1.,0.));
#6895 = DIRECTION('',(0.,0.,1.));
#6896 = DEFINITIONAL_REPRESENTATION('',(#6897),#6900);
#6897 = B_SPLINE_CURVE_WITH_KNOTS('',1,(#6898,#6899),.UNSPECIFIED.,.F.,
  .F.,(2,2),(1.11875,2.61875),.PIECEWISE_BEZIER_KNOTS.);
#6898 = CARTESIAN_POINT('',(9.25,0.));
#6899 = CARTESIAN_POINT('',(9.25,1.5));
#6900 = ( GEOMETRIC_REPRESENTATION_CONTEXT(2) 
PARAMETRIC_REPRESENTATION_CONTEXT() REPRESENTATION_CONTEXT('2D SPACE',''
  ) );
#6901 = ORIENTED_EDGE('',*,*,#6902,.F.);
#6902 = EDGE_CURVE('',#6825,#6877,#6903,.T.);
#6903 = SURFACE_CURVE('',#6904,(#6908,#6914),.PCURVE_S1.);
#6904 = LINE('',#6905,#6906);
#6905 = CARTESIAN_POINT('',(-6.95,-13.4,13.7));
#6906 = VECTOR('',#6907,1.);
#6907 = DIRECTION('',(0.,-1.,0.));
#6908 = PCURVE('',#5655,#6909);
#6909 = DEFINITIONAL_REPRESENTATION('',(#6910),#6913);
#6910 = B_SPLINE_CURVE_WITH_KNOTS('',1,(#6911,#6912),.UNSPECIFIED.,.F.,
  .F.,(2,2),(-5.4,-3.4),.PIECEWISE_BEZIER_KNOTS.);
#6911 = CARTESIAN_POINT('',(9.431020116624,-1.569957263696));
#6912 = CARTESIAN_POINT('',(7.743542059676,-0.496450017647));
#6913 = ( GEOMETRIC_REPRESENTATION_CONTEXT(2) 
PARAMETRIC_REPRESENTATION_CONTEXT() REPRESENTATION_CONTEXT('2D SPACE',''
  ) );
#6914 = PCURVE('',#6915,#6920);
#6915 = PLANE('',#6916);
#6916 = AXIS2_PLACEMENT_3D('',#6917,#6918,#6919);
#6917 = CARTESIAN_POINT('',(-6.95,-10.,4.45));
#6918 = DIRECTION('',(1.,0.,0.));
#6919 = DIRECTION('',(0.,0.,1.));
#6920 = DEFINITIONAL_REPRESENTATION('',(#6921),#6924);
#6921 = B_SPLINE_CURVE_WITH_KNOTS('',1,(#6922,#6923),.UNSPECIFIED.,.F.,
  .F.,(2,2),(-5.4,-3.4),.PIECEWISE_BEZIER_KNOTS.);
#6922 = CARTESIAN_POINT('',(9.25,-2.));
#6923 = CARTESIAN_POINT('',(9.25,0.));
#6924 = ( GEOMETRIC_REPRESENTATION_CONTEXT(2) 
PARAMETRIC_REPRESENTATION_CONTEXT() REPRESENTATION_CONTEXT('2D SPACE',''
  ) );
#6925 = FACE_BOUND('',#6926,.T.);
#6926 = EDGE_LOOP('',(#6927,#6955,#6981,#7007));
#6927 = ORIENTED_EDGE('',*,*,#6928,.F.);
#6928 = EDGE_CURVE('',#6929,#6931,#6933,.T.);
#6929 = VERTEX_POINT('',#6930);
#6930 = CARTESIAN_POINT('',(-7.05,11.55,13.7));
#6931 = VERTEX_POINT('',#6932);
#6932 = CARTESIAN_POINT('',(7.05,11.55,13.7));
#6933 = SURFACE_CURVE('',#6934,(#6938,#6944),.PCURVE_S1.);
#6934 = LINE('',#6935,#6936);
#6935 = CARTESIAN_POINT('',(-8.86875,11.55,13.7));
#6936 = VECTOR('',#6937,1.);
#6937 = DIRECTION('',(1.,-0.,0.));
#6938 = PCURVE('',#5655,#6939);
#6939 = DEFINITIONAL_REPRESENTATION('',(#6940),#6943);
#6940 = B_SPLINE_CURVE_WITH_KNOTS('',1,(#6941,#6942),.UNSPECIFIED.,.F.,
  .F.,(2,2),(1.81875,15.91875),.PIECEWISE_BEZIER_KNOTS.);
#6941 = CARTESIAN_POINT('',(25.872442760985,-12.14786449667));
#6942 = CARTESIAN_POINT('',(33.440668845632,-0.251144195194));
#6943 = ( GEOMETRIC_REPRESENTATION_CONTEXT(2) 
PARAMETRIC_REPRESENTATION_CONTEXT() REPRESENTATION_CONTEXT('2D SPACE',''
  ) );
#6944 = PCURVE('',#6945,#6950);
#6945 = PLANE('',#6946);
#6946 = AXIS2_PLACEMENT_3D('',#6947,#6948,#6949);
#6947 = CARTESIAN_POINT('',(-7.05,11.55,11.9));
#6948 = DIRECTION('',(0.,1.,0.));
#6949 = DIRECTION('',(0.,0.,1.));
#6950 = DEFINITIONAL_REPRESENTATION('',(#6951),#6954);
#6951 = B_SPLINE_CURVE_WITH_KNOTS('',1,(#6952,#6953),.UNSPECIFIED.,.F.,
  .F.,(2,2),(1.81875,15.91875),.PIECEWISE_BEZIER_KNOTS.);
#6952 = CARTESIAN_POINT('',(1.8,0.));
#6953 = CARTESIAN_POINT('',(1.8,14.1));
#6954 = ( GEOMETRIC_REPRESENTATION_CONTEXT(2) 
PARAMETRIC_REPRESENTATION_CONTEXT() REPRESENTATION_CONTEXT('2D SPACE',''
  ) );
#6955 = ORIENTED_EDGE('',*,*,#6956,.T.);
#6956 = EDGE_CURVE('',#6929,#6957,#6959,.T.);
#6957 = VERTEX_POINT('',#6958);
#6958 = CARTESIAN_POINT('',(-7.05,-2.55,13.7));
#6959 = SURFACE_CURVE('',#6960,(#6964,#6970),.PCURVE_S1.);
#6960 = LINE('',#6961,#6962);
#6961 = CARTESIAN_POINT('',(-7.05,-9.675,13.7));
#6962 = VECTOR('',#6963,1.);
#6963 = DIRECTION('',(0.,-1.,0.));
#6964 = PCURVE('',#5655,#6965);
#6965 = DEFINITIONAL_REPRESENTATION('',(#6966),#6969);
#6966 = B_SPLINE_CURVE_WITH_KNOTS('',1,(#6967,#6968),.UNSPECIFIED.,.F.,
  .F.,(2,2),(-21.225,-7.125),.PIECEWISE_BEZIER_KNOTS.);
#6967 = CARTESIAN_POINT('',(25.872442760985,-12.14786449667));
#6968 = CARTESIAN_POINT('',(13.975722459504,-4.579638412028));
#6969 = ( GEOMETRIC_REPRESENTATION_CONTEXT(2) 
PARAMETRIC_REPRESENTATION_CONTEXT() REPRESENTATION_CONTEXT('2D SPACE',''
  ) );
#6970 = PCURVE('',#6971,#6976);
#6971 = PLANE('',#6972);
#6972 = AXIS2_PLACEMENT_3D('',#6973,#6974,#6975);
#6973 = CARTESIAN_POINT('',(-7.05,-2.55,11.9));
#6974 = DIRECTION('',(1.,0.,0.));
#6975 = DIRECTION('',(0.,0.,1.));
#6976 = DEFINITIONAL_REPRESENTATION('',(#6977),#6980);
#6977 = B_SPLINE_CURVE_WITH_KNOTS('',1,(#6978,#6979),.UNSPECIFIED.,.F.,
  .F.,(2,2),(-21.225,-7.125),.PIECEWISE_BEZIER_KNOTS.);
#6978 = CARTESIAN_POINT('',(1.8,-14.1));
#6979 = CARTESIAN_POINT('',(1.8,0.));
#6980 = ( GEOMETRIC_REPRESENTATION_CONTEXT(2) 
PARAMETRIC_REPRESENTATION_CONTEXT() REPRESENTATION_CONTEXT('2D SPACE',''
  ) );
#6981 = ORIENTED_EDGE('',*,*,#6982,.T.);
#6982 = EDGE_CURVE('',#6957,#6983,#6985,.T.);
#6983 = VERTEX_POINT('',#6984);
#6984 = CARTESIAN_POINT('',(7.05,-2.55,13.7));
#6985 = SURFACE_CURVE('',#6986,(#6990,#6996),.PCURVE_S1.);
#6986 = LINE('',#6987,#6988);
#6987 = CARTESIAN_POINT('',(-8.86875,-2.55,13.7));
#6988 = VECTOR('',#6989,1.);
#6989 = DIRECTION('',(1.,-0.,0.));
#6990 = PCURVE('',#5655,#6991);
#6991 = DEFINITIONAL_REPRESENTATION('',(#6992),#6995);
#6992 = B_SPLINE_CURVE_WITH_KNOTS('',1,(#6993,#6994),.UNSPECIFIED.,.F.,
  .F.,(2,2),(1.81875,15.91875),.PIECEWISE_BEZIER_KNOTS.);
#6993 = CARTESIAN_POINT('',(13.975722459504,-4.579638412028));
#6994 = CARTESIAN_POINT('',(21.543948544151,7.317081889453));
#6995 = ( GEOMETRIC_REPRESENTATION_CONTEXT(2) 
PARAMETRIC_REPRESENTATION_CONTEXT() REPRESENTATION_CONTEXT('2D SPACE',''
  ) );
#6996 = PCURVE('',#6997,#7002);
#6997 = PLANE('',#6998);
#6998 = AXIS2_PLACEMENT_3D('',#6999,#7000,#7001);
#6999 = CARTESIAN_POINT('',(-7.05,-2.55,11.9));
#7000 = DIRECTION('',(0.,1.,0.));
#7001 = DIRECTION('',(0.,0.,1.));
#7002 = DEFINITIONAL_REPRESENTATION('',(#7003),#7006);
#7003 = B_SPLINE_CURVE_WITH_KNOTS('',1,(#7004,#7005),.UNSPECIFIED.,.F.,
  .F.,(2,2),(1.81875,15.91875),.PIECEWISE_BEZIER_KNOTS.);
#7004 = CARTESIAN_POINT('',(1.8,0.));
#7005 = CARTESIAN_POINT('',(1.8,14.1));
#7006 = ( GEOMETRIC_REPRESENTATION_CONTEXT(2) 
PARAMETRIC_REPRESENTATION_CONTEXT() REPRESENTATION_CONTEXT('2D SPACE',''
  ) );
#7007 = ORIENTED_EDGE('',*,*,#7008,.F.);
#7008 = EDGE_CURVE('',#6931,#6983,#7009,.T.);
#7009 = SURFACE_CURVE('',#7010,(#7014,#7020),.PCURVE_S1.);
#7010 = LINE('',#7011,#7012);
#7011 = CARTESIAN_POINT('',(7.05,-9.675,13.7));
#7012 = VECTOR('',#7013,1.);
#7013 = DIRECTION('',(0.,-1.,0.));
#7014 = PCURVE('',#5655,#7015);
#7015 = DEFINITIONAL_REPRESENTATION('',(#7016),#7019);
#7016 = B_SPLINE_CURVE_WITH_KNOTS('',1,(#7017,#7018),.UNSPECIFIED.,.F.,
  .F.,(2,2),(-21.225,-7.125),.PIECEWISE_BEZIER_KNOTS.);
#7017 = CARTESIAN_POINT('',(33.440668845632,-0.251144195194));
#7018 = CARTESIAN_POINT('',(21.543948544151,7.317081889453));
#7019 = ( GEOMETRIC_REPRESENTATION_CONTEXT(2) 
PARAMETRIC_REPRESENTATION_CONTEXT() REPRESENTATION_CONTEXT('2D SPACE',''
  ) );
#7020 = PCURVE('',#7021,#7026);
#7021 = PLANE('',#7022);
#7022 = AXIS2_PLACEMENT_3D('',#7023,#7024,#7025);
#7023 = CARTESIAN_POINT('',(7.05,-2.55,11.9));
#7024 = DIRECTION('',(1.,0.,0.));
#7025 = DIRECTION('',(0.,0.,1.));
#7026 = DEFINITIONAL_REPRESENTATION('',(#7027),#7030);
#7027 = B_SPLINE_CURVE_WITH_KNOTS('',1,(#7028,#7029),.UNSPECIFIED.,.F.,
  .F.,(2,2),(-21.225,-7.125),.PIECEWISE_BEZIER_KNOTS.);
#7028 = CARTESIAN_POINT('',(1.8,-14.1));
#7029 = CARTESIAN_POINT('',(1.8,0.));
#7030 = ( GEOMETRIC_REPRESENTATION_CONTEXT(2) 
PARAMETRIC_REPRESENTATION_CONTEXT() REPRESENTATION_CONTEXT('2D SPACE',''
  ) );
#7031 = FACE_BOUND('',#7032,.T.);
#7032 = EDGE_LOOP('',(#7033,#7061,#7087,#7113));
#7033 = ORIENTED_EDGE('',*,*,#7034,.F.);
#7034 = EDGE_CURVE('',#7035,#7037,#7039,.T.);
#7035 = VERTEX_POINT('',#7036);
#7036 = CARTESIAN_POINT('',(6.95,-8.,13.7));
#7037 = VERTEX_POINT('',#7038);
#7038 = CARTESIAN_POINT('',(8.45,-8.,13.7));
#7039 = SURFACE_CURVE('',#7040,(#7044,#7050),.PCURVE_S1.);
#7040 = LINE('',#7041,#7042);
#7041 = CARTESIAN_POINT('',(-1.86875,-8.,13.7));
#7042 = VECTOR('',#7043,1.);
#7043 = DIRECTION('',(1.,-0.,0.));
#7044 = PCURVE('',#5655,#7045);
#7045 = DEFINITIONAL_REPRESENTATION('',(#7046),#7049);
#7046 = B_SPLINE_CURVE_WITH_KNOTS('',1,(#7047,#7048),.UNSPECIFIED.,.F.,
  .F.,(2,2),(8.81875,10.31875),.PIECEWISE_BEZIER_KNOTS.);
#7047 = CARTESIAN_POINT('',(16.891895476667,10.15801523209));
#7048 = CARTESIAN_POINT('',(17.697025911203,11.423623774801));
#7049 = ( GEOMETRIC_REPRESENTATION_CONTEXT(2) 
PARAMETRIC_REPRESENTATION_CONTEXT() REPRESENTATION_CONTEXT('2D SPACE',''
  ) );
#7050 = PCURVE('',#7051,#7056);
#7051 = PLANE('',#7052);
#7052 = AXIS2_PLACEMENT_3D('',#7053,#7054,#7055);
#7053 = CARTESIAN_POINT('',(6.95,-8.,4.45));
#7054 = DIRECTION('',(0.,1.,0.));
#7055 = DIRECTION('',(0.,0.,1.));
#7056 = DEFINITIONAL_REPRESENTATION('',(#7057),#7060);
#7057 = B_SPLINE_CURVE_WITH_KNOTS('',1,(#7058,#7059),.UNSPECIFIED.,.F.,
  .F.,(2,2),(8.81875,10.31875),.PIECEWISE_BEZIER_KNOTS.);
#7058 = CARTESIAN_POINT('',(9.25,0.));
#7059 = CARTESIAN_POINT('',(9.25,1.5));
#7060 = ( GEOMETRIC_REPRESENTATION_CONTEXT(2) 
PARAMETRIC_REPRESENTATION_CONTEXT() REPRESENTATION_CONTEXT('2D SPACE',''
  ) );
#7061 = ORIENTED_EDGE('',*,*,#7062,.T.);
#7062 = EDGE_CURVE('',#7035,#7063,#7065,.T.);
#7063 = VERTEX_POINT('',#7064);
#7064 = CARTESIAN_POINT('',(6.95,-10.,13.7));
#7065 = SURFACE_CURVE('',#7066,(#7070,#7076),.PCURVE_S1.);
#7066 = LINE('',#7067,#7068);
#7067 = CARTESIAN_POINT('',(6.95,-13.4,13.7));
#7068 = VECTOR('',#7069,1.);
#7069 = DIRECTION('',(0.,-1.,0.));
#7070 = PCURVE('',#5655,#7071);
#7071 = DEFINITIONAL_REPRESENTATION('',(#7072),#7075);
#7072 = B_SPLINE_CURVE_WITH_KNOTS('',1,(#7073,#7074),.UNSPECIFIED.,.F.,
  .F.,(2,2),(-5.4,-3.4),.PIECEWISE_BEZIER_KNOTS.);
#7073 = CARTESIAN_POINT('',(16.891895476667,10.15801523209));
#7074 = CARTESIAN_POINT('',(15.204417419719,11.231522478139));
#7075 = ( GEOMETRIC_REPRESENTATION_CONTEXT(2) 
PARAMETRIC_REPRESENTATION_CONTEXT() REPRESENTATION_CONTEXT('2D SPACE',''
  ) );
#7076 = PCURVE('',#7077,#7082);
#7077 = PLANE('',#7078);
#7078 = AXIS2_PLACEMENT_3D('',#7079,#7080,#7081);
#7079 = CARTESIAN_POINT('',(6.95,-10.,4.45));
#7080 = DIRECTION('',(1.,0.,0.));
#7081 = DIRECTION('',(0.,0.,1.));
#7082 = DEFINITIONAL_REPRESENTATION('',(#7083),#7086);
#7083 = B_SPLINE_CURVE_WITH_KNOTS('',1,(#7084,#7085),.UNSPECIFIED.,.F.,
  .F.,(2,2),(-5.4,-3.4),.PIECEWISE_BEZIER_KNOTS.);
#7084 = CARTESIAN_POINT('',(9.25,-2.));
#7085 = CARTESIAN_POINT('',(9.25,0.));
#7086 = ( GEOMETRIC_REPRESENTATION_CONTEXT(2) 
PARAMETRIC_REPRESENTATION_CONTEXT() REPRESENTATION_CONTEXT('2D SPACE',''
  ) );
#7087 = ORIENTED_EDGE('',*,*,#7088,.T.);
#7088 = EDGE_CURVE('',#7063,#7089,#7091,.T.);
#7089 = VERTEX_POINT('',#7090);
#7090 = CARTESIAN_POINT('',(8.45,-10.,13.7));
#7091 = SURFACE_CURVE('',#7092,(#7096,#7102),.PCURVE_S1.);
#7092 = LINE('',#7093,#7094);
#7093 = CARTESIAN_POINT('',(-1.86875,-10.,13.7));
#7094 = VECTOR('',#7095,1.);
#7095 = DIRECTION('',(1.,-0.,0.));
#7096 = PCURVE('',#5655,#7097);
#7097 = DEFINITIONAL_REPRESENTATION('',(#7098),#7101);
#7098 = B_SPLINE_CURVE_WITH_KNOTS('',1,(#7099,#7100),.UNSPECIFIED.,.F.,
  .F.,(2,2),(8.81875,10.31875),.PIECEWISE_BEZIER_KNOTS.);
#7099 = CARTESIAN_POINT('',(15.204417419719,11.231522478139));
#7100 = CARTESIAN_POINT('',(16.009547854256,12.49713102085));
#7101 = ( GEOMETRIC_REPRESENTATION_CONTEXT(2) 
PARAMETRIC_REPRESENTATION_CONTEXT() REPRESENTATION_CONTEXT('2D SPACE',''
  ) );
#7102 = PCURVE('',#7103,#7108);
#7103 = PLANE('',#7104);
#7104 = AXIS2_PLACEMENT_3D('',#7105,#7106,#7107);
#7105 = CARTESIAN_POINT('',(6.95,-10.,4.45));
#7106 = DIRECTION('',(0.,1.,0.));
#7107 = DIRECTION('',(0.,0.,1.));
#7108 = DEFINITIONAL_REPRESENTATION('',(#7109),#7112);
#7109 = B_SPLINE_CURVE_WITH_KNOTS('',1,(#7110,#7111),.UNSPECIFIED.,.F.,
  .F.,(2,2),(8.81875,10.31875),.PIECEWISE_BEZIER_KNOTS.);
#7110 = CARTESIAN_POINT('',(9.25,0.));
#7111 = CARTESIAN_POINT('',(9.25,1.5));
#7112 = ( GEOMETRIC_REPRESENTATION_CONTEXT(2) 
PARAMETRIC_REPRESENTATION_CONTEXT() REPRESENTATION_CONTEXT('2D SPACE',''
  ) );
#7113 = ORIENTED_EDGE('',*,*,#7114,.F.);
#7114 = EDGE_CURVE('',#7037,#7089,#7115,.T.);
#7115 = SURFACE_CURVE('',#7116,(#7120,#7126),.PCURVE_S1.);
#7116 = LINE('',#7117,#7118);
#7117 = CARTESIAN_POINT('',(8.45,-13.4,13.7));
#7118 = VECTOR('',#7119,1.);
#7119 = DIRECTION('',(0.,-1.,0.));
#7120 = PCURVE('',#5655,#7121);
#7121 = DEFINITIONAL_REPRESENTATION('',(#7122),#7125);
#7122 = B_SPLINE_CURVE_WITH_KNOTS('',1,(#7123,#7124),.UNSPECIFIED.,.F.,
  .F.,(2,2),(-5.4,-3.4),.PIECEWISE_BEZIER_KNOTS.);
#7123 = CARTESIAN_POINT('',(17.697025911203,11.423623774801));
#7124 = CARTESIAN_POINT('',(16.009547854256,12.49713102085));
#7125 = ( GEOMETRIC_REPRESENTATION_CONTEXT(2) 
PARAMETRIC_REPRESENTATION_CONTEXT() REPRESENTATION_CONTEXT('2D SPACE',''
  ) );
#7126 = PCURVE('',#7127,#7132);
#7127 = PLANE('',#7128);
#7128 = AXIS2_PLACEMENT_3D('',#7129,#7130,#7131);
#7129 = CARTESIAN_POINT('',(8.45,-10.,4.45));
#7130 = DIRECTION('',(1.,0.,0.));
#7131 = DIRECTION('',(0.,0.,1.));
#7132 = DEFINITIONAL_REPRESENTATION('',(#7133),#7136);
#7133 = B_SPLINE_CURVE_WITH_KNOTS('',1,(#7134,#7135),.UNSPECIFIED.,.F.,
  .F.,(2,2),(-5.4,-3.4),.PIECEWISE_BEZIER_KNOTS.);
#7134 = CARTESIAN_POINT('',(9.25,-2.));
#7135 = CARTESIAN_POINT('',(9.25,0.));
#7136 = ( GEOMETRIC_REPRESENTATION_CONTEXT(2) 
PARAMETRIC_REPRESENTATION_CONTEXT() REPRESENTATION_CONTEXT('2D SPACE',''
  ) );
#7137 = FACE_BOUND('',#7138,.T.);
#7138 = EDGE_LOOP('',(#7139,#7167,#7193,#7219));
#7139 = ORIENTED_EDGE('',*,*,#7140,.F.);
#7140 = EDGE_CURVE('',#7141,#7143,#7145,.T.);
#7141 = VERTEX_POINT('',#7142);
#7142 = CARTESIAN_POINT('',(6.95,-13.,13.7));
#7143 = VERTEX_POINT('',#7144);
#7144 = CARTESIAN_POINT('',(8.45,-13.,13.7));
#7145 = SURFACE_CURVE('',#7146,(#7150,#7156),.PCURVE_S1.);
#7146 = LINE('',#7147,#7148);
#7147 = CARTESIAN_POINT('',(-1.86875,-13.,13.7));
#7148 = VECTOR('',#7149,1.);
#7149 = DIRECTION('',(1.,-0.,0.));
#7150 = PCURVE('',#5655,#7151);
#7151 = DEFINITIONAL_REPRESENTATION('',(#7152),#7155);
#7152 = B_SPLINE_CURVE_WITH_KNOTS('',1,(#7153,#7154),.UNSPECIFIED.,.F.,
  .F.,(2,2),(8.81875,10.31875),.PIECEWISE_BEZIER_KNOTS.);
#7153 = CARTESIAN_POINT('',(12.673200334297,12.841783347213));
#7154 = CARTESIAN_POINT('',(13.478330768834,14.107391889924));
#7155 = ( GEOMETRIC_REPRESENTATION_CONTEXT(2) 
PARAMETRIC_REPRESENTATION_CONTEXT() REPRESENTATION_CONTEXT('2D SPACE',''
  ) );
#7156 = PCURVE('',#7157,#7162);
#7157 = PLANE('',#7158);
#7158 = AXIS2_PLACEMENT_3D('',#7159,#7160,#7161);
#7159 = CARTESIAN_POINT('',(6.95,-13.,4.45));
#7160 = DIRECTION('',(0.,1.,0.));
#7161 = DIRECTION('',(0.,0.,1.));
#7162 = DEFINITIONAL_REPRESENTATION('',(#7163),#7166);
#7163 = B_SPLINE_CURVE_WITH_KNOTS('',1,(#7164,#7165),.UNSPECIFIED.,.F.,
  .F.,(2,2),(8.81875,10.31875),.PIECEWISE_BEZIER_KNOTS.);
#7164 = CARTESIAN_POINT('',(9.25,0.));
#7165 = CARTESIAN_POINT('',(9.25,1.5));
#7166 = ( GEOMETRIC_REPRESENTATION_CONTEXT(2) 
PARAMETRIC_REPRESENTATION_CONTEXT() REPRESENTATION_CONTEXT('2D SPACE',''
  ) );
#7167 = ORIENTED_EDGE('',*,*,#7168,.T.);
#7168 = EDGE_CURVE('',#7141,#7169,#7171,.T.);
#7169 = VERTEX_POINT('',#7170);
#7170 = CARTESIAN_POINT('',(6.95,-15.,13.7));
#7171 = SURFACE_CURVE('',#7172,(#7176,#7182),.PCURVE_S1.);
#7172 = LINE('',#7173,#7174);
#7173 = CARTESIAN_POINT('',(6.95,-15.9,13.7));
#7174 = VECTOR('',#7175,1.);
#7175 = DIRECTION('',(0.,-1.,0.));
#7176 = PCURVE('',#5655,#7177);
#7177 = DEFINITIONAL_REPRESENTATION('',(#7178),#7181);
#7178 = B_SPLINE_CURVE_WITH_KNOTS('',1,(#7179,#7180),.UNSPECIFIED.,.F.,
  .F.,(2,2),(-2.9,-0.9),.PIECEWISE_BEZIER_KNOTS.);
#7179 = CARTESIAN_POINT('',(12.673200334297,12.841783347213));
#7180 = CARTESIAN_POINT('',(10.98572227735,13.915290593262));
#7181 = ( GEOMETRIC_REPRESENTATION_CONTEXT(2) 
PARAMETRIC_REPRESENTATION_CONTEXT() REPRESENTATION_CONTEXT('2D SPACE',''
  ) );
#7182 = PCURVE('',#7183,#7188);
#7183 = PLANE('',#7184);
#7184 = AXIS2_PLACEMENT_3D('',#7185,#7186,#7187);
#7185 = CARTESIAN_POINT('',(6.95,-15.,4.45));
#7186 = DIRECTION('',(1.,0.,0.));
#7187 = DIRECTION('',(0.,0.,1.));
#7188 = DEFINITIONAL_REPRESENTATION('',(#7189),#7192);
#7189 = B_SPLINE_CURVE_WITH_KNOTS('',1,(#7190,#7191),.UNSPECIFIED.,.F.,
  .F.,(2,2),(-2.9,-0.9),.PIECEWISE_BEZIER_KNOTS.);
#7190 = CARTESIAN_POINT('',(9.25,-2.));
#7191 = CARTESIAN_POINT('',(9.25,0.));
#7192 = ( GEOMETRIC_REPRESENTATION_CONTEXT(2) 
PARAMETRIC_REPRESENTATION_CONTEXT() REPRESENTATION_CONTEXT('2D SPACE',''
  ) );
#7193 = ORIENTED_EDGE('',*,*,#7194,.T.);
#7194 = EDGE_CURVE('',#7169,#7195,#7197,.T.);
#7195 = VERTEX_POINT('',#7196);
#7196 = CARTESIAN_POINT('',(8.45,-15.,13.7));
#7197 = SURFACE_CURVE('',#7198,(#7202,#7208),.PCURVE_S1.);
#7198 = LINE('',#7199,#7200);
#7199 = CARTESIAN_POINT('',(-1.86875,-15.,13.7));
#7200 = VECTOR('',#7201,1.);
#7201 = DIRECTION('',(1.,-0.,0.));
#7202 = PCURVE('',#5655,#7203);
#7203 = DEFINITIONAL_REPRESENTATION('',(#7204),#7207);
#7204 = B_SPLINE_CURVE_WITH_KNOTS('',1,(#7205,#7206),.UNSPECIFIED.,.F.,
  .F.,(2,2),(8.81875,10.31875),.PIECEWISE_BEZIER_KNOTS.);
#7205 = CARTESIAN_POINT('',(10.98572227735,13.915290593262));
#7206 = CARTESIAN_POINT('',(11.790852711887,15.180899135973));
#7207 = ( GEOMETRIC_REPRESENTATION_CONTEXT(2) 
PARAMETRIC_REPRESENTATION_CONTEXT() REPRESENTATION_CONTEXT('2D SPACE',''
  ) );
#7208 = PCURVE('',#7209,#7214);
#7209 = PLANE('',#7210);
#7210 = AXIS2_PLACEMENT_3D('',#7211,#7212,#7213);
#7211 = CARTESIAN_POINT('',(6.95,-15.,4.45));
#7212 = DIRECTION('',(0.,1.,0.));
#7213 = DIRECTION('',(0.,0.,1.));
#7214 = DEFINITIONAL_REPRESENTATION('',(#7215),#7218);
#7215 = B_SPLINE_CURVE_WITH_KNOTS('',1,(#7216,#7217),.UNSPECIFIED.,.F.,
  .F.,(2,2),(8.81875,10.31875),.PIECEWISE_BEZIER_KNOTS.);
#7216 = CARTESIAN_POINT('',(9.25,0.));
#7217 = CARTESIAN_POINT('',(9.25,1.5));
#7218 = ( GEOMETRIC_REPRESENTATION_CONTEXT(2) 
PARAMETRIC_REPRESENTATION_CONTEXT() REPRESENTATION_CONTEXT('2D SPACE',''
  ) );
#7219 = ORIENTED_EDGE('',*,*,#7220,.F.);
#7220 = EDGE_CURVE('',#7143,#7195,#7221,.T.);
#7221 = SURFACE_CURVE('',#7222,(#7226,#7232),.PCURVE_S1.);
#7222 = LINE('',#7223,#7224);
#7223 = CARTESIAN_POINT('',(8.45,-15.9,13.7));
#7224 = VECTOR('',#7225,1.);
#7225 = DIRECTION('',(0.,-1.,0.));
#7226 = PCURVE('',#5655,#7227);
#7227 = DEFINITIONAL_REPRESENTATION('',(#7228),#7231);
#7228 = B_SPLINE_CURVE_WITH_KNOTS('',1,(#7229,#7230),.UNSPECIFIED.,.F.,
  .F.,(2,2),(-2.9,-0.9),.PIECEWISE_BEZIER_KNOTS.);
#7229 = CARTESIAN_POINT('',(13.478330768834,14.107391889924));
#7230 = CARTESIAN_POINT('',(11.790852711887,15.180899135973));
#7231 = ( GEOMETRIC_REPRESENTATION_CONTEXT(2) 
PARAMETRIC_REPRESENTATION_CONTEXT() REPRESENTATION_CONTEXT('2D SPACE',''
  ) );
#7232 = PCURVE('',#7233,#7238);
#7233 = PLANE('',#7234);
#7234 = AXIS2_PLACEMENT_3D('',#7235,#7236,#7237);
#7235 = CARTESIAN_POINT('',(8.45,-15.,4.45));
#7236 = DIRECTION('',(1.,0.,0.));
#7237 = DIRECTION('',(0.,0.,1.));
#7238 = DEFINITIONAL_REPRESENTATION('',(#7239),#7242);
#7239 = B_SPLINE_CURVE_WITH_KNOTS('',1,(#7240,#7241),.UNSPECIFIED.,.F.,
  .F.,(2,2),(-2.9,-0.9),.PIECEWISE_BEZIER_KNOTS.);
#7240 = CARTESIAN_POINT('',(9.25,-2.));
#7241 = CARTESIAN_POINT('',(9.25,0.));
#7242 = ( GEOMETRIC_REPRESENTATION_CONTEXT(2) 
PARAMETRIC_REPRESENTATION_CONTEXT() REPRESENTATION_CONTEXT('2D SPACE',''
  ) );
#7243 = ADVANCED_FACE('',(#7244),#5799,.T.);
#7244 = FACE_BOUND('',#7245,.T.);
#7245 = EDGE_LOOP('',(#7246,#7247));
#7246 = ORIENTED_EDGE('',*,*,#5783,.F.);
#7247 = ORIENTED_EDGE('',*,*,#7248,.T.);
#7248 = EDGE_CURVE('',#5784,#5786,#7249,.T.);
#7249 = SURFACE_CURVE('',#7250,(#7255,#7262),.PCURVE_S1.);
#7250 = CIRCLE('',#7251,3.6);
#7251 = AXIS2_PLACEMENT_3D('',#7252,#7253,#7254);
#7252 = CARTESIAN_POINT('',(16.,-0.5,13.3));
#7253 = DIRECTION('',(0.,0.,1.));
#7254 = DIRECTION('',(1.,0.,0.));
#7255 = PCURVE('',#5799,#7256);
#7256 = DEFINITIONAL_REPRESENTATION('',(#7257),#7261);
#7257 = CIRCLE('',#7258,3.6);
#7258 = AXIS2_PLACEMENT_2D('',#7259,#7260);
#7259 = CARTESIAN_POINT('',(0.,-2.22044604925E-16));
#7260 = DIRECTION('',(1.,0.));
#7261 = ( GEOMETRIC_REPRESENTATION_CONTEXT(2) 
PARAMETRIC_REPRESENTATION_CONTEXT() REPRESENTATION_CONTEXT('2D SPACE',''
  ) );
#7262 = PCURVE('',#5872,#7263);
#7263 = DEFINITIONAL_REPRESENTATION('',(#7264),#7268);
#7264 = LINE('',#7265,#7266);
#7265 = CARTESIAN_POINT('',(-0.,-10.9));
#7266 = VECTOR('',#7267,1.);
#7267 = DIRECTION('',(-1.,0.));
#7268 = ( GEOMETRIC_REPRESENTATION_CONTEXT(2) 
PARAMETRIC_REPRESENTATION_CONTEXT() REPRESENTATION_CONTEXT('2D SPACE',''
  ) );
#7269 = ADVANCED_FACE('',(#7270),#5872,.T.);
#7270 = FACE_BOUND('',#7271,.F.);
#7271 = EDGE_LOOP('',(#7272,#7295,#7324,#7350,#7383,#7409,#7433,#7459,
    #7492,#7518,#7540,#7541,#7542,#7543));
#7272 = ORIENTED_EDGE('',*,*,#7273,.F.);
#7273 = EDGE_CURVE('',#7274,#5811,#7276,.T.);
#7274 = VERTEX_POINT('',#7275);
#7275 = CARTESIAN_POINT('',(19.6,-0.5,2.4));
#7276 = SEAM_CURVE('',#7277,(#7281,#7288),.PCURVE_S1.);
#7277 = LINE('',#7278,#7279);
#7278 = CARTESIAN_POINT('',(19.6,-0.5,2.4));
#7279 = VECTOR('',#7280,1.);
#7280 = DIRECTION('',(0.,0.,1.));
#7281 = PCURVE('',#5872,#7282);
#7282 = DEFINITIONAL_REPRESENTATION('',(#7283),#7287);
#7283 = LINE('',#7284,#7285);
#7284 = CARTESIAN_POINT('',(-6.28318530718,0.));
#7285 = VECTOR('',#7286,1.);
#7286 = DIRECTION('',(-0.,-1.));
#7287 = ( GEOMETRIC_REPRESENTATION_CONTEXT(2) 
PARAMETRIC_REPRESENTATION_CONTEXT() REPRESENTATION_CONTEXT('2D SPACE',''
  ) );
#7288 = PCURVE('',#5872,#7289);
#7289 = DEFINITIONAL_REPRESENTATION('',(#7290),#7294);
#7290 = LINE('',#7291,#7292);
#7291 = CARTESIAN_POINT('',(-0.,0.));
#7292 = VECTOR('',#7293,1.);
#7293 = DIRECTION('',(-0.,-1.));
#7294 = ( GEOMETRIC_REPRESENTATION_CONTEXT(2) 
PARAMETRIC_REPRESENTATION_CONTEXT() REPRESENTATION_CONTEXT('2D SPACE',''
  ) );
#7295 = ORIENTED_EDGE('',*,*,#7296,.F.);
#7296 = EDGE_CURVE('',#7297,#7274,#7299,.T.);
#7297 = VERTEX_POINT('',#7298);
#7298 = CARTESIAN_POINT('',(12.727386365609,-2.,2.4));
#7299 = SURFACE_CURVE('',#7300,(#7305,#7312),.PCURVE_S1.);
#7300 = CIRCLE('',#7301,3.6);
#7301 = AXIS2_PLACEMENT_3D('',#7302,#7303,#7304);
#7302 = CARTESIAN_POINT('',(16.,-0.5,2.4));
#7303 = DIRECTION('',(0.,0.,1.));
#7304 = DIRECTION('',(1.,0.,0.));
#7305 = PCURVE('',#5872,#7306);
#7306 = DEFINITIONAL_REPRESENTATION('',(#7307),#7311);
#7307 = LINE('',#7308,#7309);
#7308 = CARTESIAN_POINT('',(-0.,0.));
#7309 = VECTOR('',#7310,1.);
#7310 = DIRECTION('',(-1.,0.));
#7311 = ( GEOMETRIC_REPRESENTATION_CONTEXT(2) 
PARAMETRIC_REPRESENTATION_CONTEXT() REPRESENTATION_CONTEXT('2D SPACE',''
  ) );
#7312 = PCURVE('',#7313,#7318);
#7313 = PLANE('',#7314);
#7314 = AXIS2_PLACEMENT_3D('',#7315,#7316,#7317);
#7315 = CARTESIAN_POINT('',(16.,-0.5,2.4));
#7316 = DIRECTION('',(0.,0.,1.));
#7317 = DIRECTION('',(1.,0.,-0.));
#7318 = DEFINITIONAL_REPRESENTATION('',(#7319),#7323);
#7319 = CIRCLE('',#7320,3.6);
#7320 = AXIS2_PLACEMENT_2D('',#7321,#7322);
#7321 = CARTESIAN_POINT('',(0.,-2.22044604925E-16));
#7322 = DIRECTION('',(1.,0.));
#7323 = ( GEOMETRIC_REPRESENTATION_CONTEXT(2) 
PARAMETRIC_REPRESENTATION_CONTEXT() REPRESENTATION_CONTEXT('2D SPACE',''
  ) );
#7324 = ORIENTED_EDGE('',*,*,#7325,.F.);
#7325 = EDGE_CURVE('',#7326,#7297,#7328,.T.);
#7326 = VERTEX_POINT('',#7327);
#7327 = CARTESIAN_POINT('',(12.727386365609,-2.,12.));
#7328 = SURFACE_CURVE('',#7329,(#7333,#7339),.PCURVE_S1.);
#7329 = LINE('',#7330,#7331);
#7330 = CARTESIAN_POINT('',(12.727386365609,-2.,2.4));
#7331 = VECTOR('',#7332,1.);
#7332 = DIRECTION('',(-0.,-0.,-1.));
#7333 = PCURVE('',#5872,#7334);
#7334 = DEFINITIONAL_REPRESENTATION('',(#7335),#7338);
#7335 = B_SPLINE_CURVE_WITH_KNOTS('',1,(#7336,#7337),.UNSPECIFIED.,.F.,
  .F.,(2,2),(-10.56,5.999999999062E-07),.PIECEWISE_BEZIER_KNOTS.);
#7336 = CARTESIAN_POINT('',(-3.571368084894,-10.56));
#7337 = CARTESIAN_POINT('',(-3.571368084894,5.999999999062E-07));
#7338 = ( GEOMETRIC_REPRESENTATION_CONTEXT(2) 
PARAMETRIC_REPRESENTATION_CONTEXT() REPRESENTATION_CONTEXT('2D SPACE',''
  ) );
#7339 = PCURVE('',#7340,#7345);
#7340 = PLANE('',#7341);
#7341 = AXIS2_PLACEMENT_3D('',#7342,#7343,#7344);
#7342 = CARTESIAN_POINT('',(12.5,-2.,2.4));
#7343 = DIRECTION('',(0.,1.,0.));
#7344 = DIRECTION('',(0.,0.,1.));
#7345 = DEFINITIONAL_REPRESENTATION('',(#7346),#7349);
#7346 = B_SPLINE_CURVE_WITH_KNOTS('',1,(#7347,#7348),.UNSPECIFIED.,.F.,
  .F.,(2,2),(-10.56,5.999999999062E-07),.PIECEWISE_BEZIER_KNOTS.);
#7347 = CARTESIAN_POINT('',(10.56,0.227386365609));
#7348 = CARTESIAN_POINT('',(-5.999999999062E-07,0.227386365609));
#7349 = ( GEOMETRIC_REPRESENTATION_CONTEXT(2) 
PARAMETRIC_REPRESENTATION_CONTEXT() REPRESENTATION_CONTEXT('2D SPACE',''
  ) );
#7350 = ORIENTED_EDGE('',*,*,#7351,.T.);
#7351 = EDGE_CURVE('',#7326,#7352,#7354,.T.);
#7352 = VERTEX_POINT('',#7353);
#7353 = CARTESIAN_POINT('',(12.5,-1.342614977318,12.));
#7354 = SURFACE_CURVE('',#7355,(#7360,#7367),.PCURVE_S1.);
#7355 = CIRCLE('',#7356,3.6);
#7356 = AXIS2_PLACEMENT_3D('',#7357,#7358,#7359);
#7357 = CARTESIAN_POINT('',(16.,-0.5,12.));
#7358 = DIRECTION('',(0.,0.,-1.));
#7359 = DIRECTION('',(1.,0.,0.));
#7360 = PCURVE('',#5872,#7361);
#7361 = DEFINITIONAL_REPRESENTATION('',(#7362),#7366);
#7362 = LINE('',#7363,#7364);
#7363 = CARTESIAN_POINT('',(-6.28318530718,-9.6));
#7364 = VECTOR('',#7365,1.);
#7365 = DIRECTION('',(1.,-0.));
#7366 = ( GEOMETRIC_REPRESENTATION_CONTEXT(2) 
PARAMETRIC_REPRESENTATION_CONTEXT() REPRESENTATION_CONTEXT('2D SPACE',''
  ) );
#7367 = PCURVE('',#7368,#7373);
#7368 = PLANE('',#7369);
#7369 = AXIS2_PLACEMENT_3D('',#7370,#7371,#7372);
#7370 = CARTESIAN_POINT('',(12.5,-2.,12.));
#7371 = DIRECTION('',(0.,0.,1.));
#7372 = DIRECTION('',(1.,0.,0.));
#7373 = DEFINITIONAL_REPRESENTATION('',(#7374),#7382);
#7374 = ( BOUNDED_CURVE() B_SPLINE_CURVE(2,(#7375,#7376,#7377,#7378,
#7379,#7380,#7381),.UNSPECIFIED.,.T.,.F.) B_SPLINE_CURVE_WITH_KNOTS((1,2
    ,2,2,2,1),(-2.094395102393,0.,2.094395102393,4.188790204786,
6.28318530718,8.377580409573),.UNSPECIFIED.) CURVE() 
GEOMETRIC_REPRESENTATION_ITEM() RATIONAL_B_SPLINE_CURVE((1.,0.5,1.,0.5,
1.,0.5,1.)) REPRESENTATION_ITEM('') );
#7375 = CARTESIAN_POINT('',(7.1,1.5));
#7376 = CARTESIAN_POINT('',(7.1,-4.735382907248));
#7377 = CARTESIAN_POINT('',(1.7,-1.617691453624));
#7378 = CARTESIAN_POINT('',(-3.7,1.5));
#7379 = CARTESIAN_POINT('',(1.7,4.617691453624));
#7380 = CARTESIAN_POINT('',(7.1,7.735382907248));
#7381 = CARTESIAN_POINT('',(7.1,1.5));
#7382 = ( GEOMETRIC_REPRESENTATION_CONTEXT(2) 
PARAMETRIC_REPRESENTATION_CONTEXT() REPRESENTATION_CONTEXT('2D SPACE',''
  ) );
#7383 = ORIENTED_EDGE('',*,*,#7384,.T.);
#7384 = EDGE_CURVE('',#7352,#7385,#7387,.T.);
#7385 = VERTEX_POINT('',#7386);
#7386 = CARTESIAN_POINT('',(12.5,-1.342614977318,2.4));
#7387 = SURFACE_CURVE('',#7388,(#7392,#7398),.PCURVE_S1.);
#7388 = LINE('',#7389,#7390);
#7389 = CARTESIAN_POINT('',(12.5,-1.342614977318,2.4));
#7390 = VECTOR('',#7391,1.);
#7391 = DIRECTION('',(-0.,-0.,-1.));
#7392 = PCURVE('',#5872,#7393);
#7393 = DEFINITIONAL_REPRESENTATION('',(#7394),#7397);
#7394 = B_SPLINE_CURVE_WITH_KNOTS('',1,(#7395,#7396),.UNSPECIFIED.,.F.,
  .F.,(2,2),(-10.56,5.999999999062E-07),.PIECEWISE_BEZIER_KNOTS.);
#7395 = CARTESIAN_POINT('',(-3.377843959575,-10.56));
#7396 = CARTESIAN_POINT('',(-3.377843959575,5.999999999062E-07));
#7397 = ( GEOMETRIC_REPRESENTATION_CONTEXT(2) 
PARAMETRIC_REPRESENTATION_CONTEXT() REPRESENTATION_CONTEXT('2D SPACE',''
  ) );
#7398 = PCURVE('',#7399,#7404);
#7399 = PLANE('',#7400);
#7400 = AXIS2_PLACEMENT_3D('',#7401,#7402,#7403);
#7401 = CARTESIAN_POINT('',(12.5,-2.,2.4));
#7402 = DIRECTION('',(1.,0.,0.));
#7403 = DIRECTION('',(0.,0.,1.));
#7404 = DEFINITIONAL_REPRESENTATION('',(#7405),#7408);
#7405 = B_SPLINE_CURVE_WITH_KNOTS('',1,(#7406,#7407),.UNSPECIFIED.,.F.,
  .F.,(2,2),(-10.56,5.999999999062E-07),.PIECEWISE_BEZIER_KNOTS.);
#7406 = CARTESIAN_POINT('',(10.56,-0.657385022682));
#7407 = CARTESIAN_POINT('',(-5.999999999062E-07,-0.657385022682));
#7408 = ( GEOMETRIC_REPRESENTATION_CONTEXT(2) 
PARAMETRIC_REPRESENTATION_CONTEXT() REPRESENTATION_CONTEXT('2D SPACE',''
  ) );
#7409 = ORIENTED_EDGE('',*,*,#7410,.F.);
#7410 = EDGE_CURVE('',#7411,#7385,#7413,.T.);
#7411 = VERTEX_POINT('',#7412);
#7412 = CARTESIAN_POINT('',(12.5,0.342614977318,2.4));
#7413 = SURFACE_CURVE('',#7414,(#7419,#7426),.PCURVE_S1.);
#7414 = CIRCLE('',#7415,3.6);
#7415 = AXIS2_PLACEMENT_3D('',#7416,#7417,#7418);
#7416 = CARTESIAN_POINT('',(16.,-0.5,2.4));
#7417 = DIRECTION('',(0.,0.,1.));
#7418 = DIRECTION('',(1.,0.,0.));
#7419 = PCURVE('',#5872,#7420);
#7420 = DEFINITIONAL_REPRESENTATION('',(#7421),#7425);
#7421 = LINE('',#7422,#7423);
#7422 = CARTESIAN_POINT('',(-0.,0.));
#7423 = VECTOR('',#7424,1.);
#7424 = DIRECTION('',(-1.,0.));
#7425 = ( GEOMETRIC_REPRESENTATION_CONTEXT(2) 
PARAMETRIC_REPRESENTATION_CONTEXT() REPRESENTATION_CONTEXT('2D SPACE',''
  ) );
#7426 = PCURVE('',#7313,#7427);
#7427 = DEFINITIONAL_REPRESENTATION('',(#7428),#7432);
#7428 = CIRCLE('',#7429,3.6);
#7429 = AXIS2_PLACEMENT_2D('',#7430,#7431);
#7430 = CARTESIAN_POINT('',(0.,-2.22044604925E-16));
#7431 = DIRECTION('',(1.,0.));
#7432 = ( GEOMETRIC_REPRESENTATION_CONTEXT(2) 
PARAMETRIC_REPRESENTATION_CONTEXT() REPRESENTATION_CONTEXT('2D SPACE',''
  ) );
#7433 = ORIENTED_EDGE('',*,*,#7434,.F.);
#7434 = EDGE_CURVE('',#7435,#7411,#7437,.T.);
#7435 = VERTEX_POINT('',#7436);
#7436 = CARTESIAN_POINT('',(12.5,0.342614977318,12.));
#7437 = SURFACE_CURVE('',#7438,(#7442,#7448),.PCURVE_S1.);
#7438 = LINE('',#7439,#7440);
#7439 = CARTESIAN_POINT('',(12.5,0.342614977318,2.4));
#7440 = VECTOR('',#7441,1.);
#7441 = DIRECTION('',(-0.,-0.,-1.));
#7442 = PCURVE('',#5872,#7443);
#7443 = DEFINITIONAL_REPRESENTATION('',(#7444),#7447);
#7444 = B_SPLINE_CURVE_WITH_KNOTS('',1,(#7445,#7446),.UNSPECIFIED.,.F.,
  .F.,(2,2),(-10.56,5.999999999062E-07),.PIECEWISE_BEZIER_KNOTS.);
#7445 = CARTESIAN_POINT('',(-2.905341347605,-10.56));
#7446 = CARTESIAN_POINT('',(-2.905341347605,5.999999999062E-07));
#7447 = ( GEOMETRIC_REPRESENTATION_CONTEXT(2) 
PARAMETRIC_REPRESENTATION_CONTEXT() REPRESENTATION_CONTEXT('2D SPACE',''
  ) );
#7448 = PCURVE('',#7449,#7454);
#7449 = PLANE('',#7450);
#7450 = AXIS2_PLACEMENT_3D('',#7451,#7452,#7453);
#7451 = CARTESIAN_POINT('',(12.5,-2.,2.4));
#7452 = DIRECTION('',(1.,0.,0.));
#7453 = DIRECTION('',(0.,0.,1.));
#7454 = DEFINITIONAL_REPRESENTATION('',(#7455),#7458);
#7455 = B_SPLINE_CURVE_WITH_KNOTS('',1,(#7456,#7457),.UNSPECIFIED.,.F.,
  .F.,(2,2),(-10.56,5.999999999062E-07),.PIECEWISE_BEZIER_KNOTS.);
#7456 = CARTESIAN_POINT('',(10.56,-2.342614977318));
#7457 = CARTESIAN_POINT('',(-5.999999999062E-07,-2.342614977318));
#7458 = ( GEOMETRIC_REPRESENTATION_CONTEXT(2) 
PARAMETRIC_REPRESENTATION_CONTEXT() REPRESENTATION_CONTEXT('2D SPACE',''
  ) );
#7459 = ORIENTED_EDGE('',*,*,#7460,.T.);
#7460 = EDGE_CURVE('',#7435,#7461,#7463,.T.);
#7461 = VERTEX_POINT('',#7462);
#7462 = CARTESIAN_POINT('',(12.727386365609,1.,12.));
#7463 = SURFACE_CURVE('',#7464,(#7469,#7476),.PCURVE_S1.);
#7464 = CIRCLE('',#7465,3.6);
#7465 = AXIS2_PLACEMENT_3D('',#7466,#7467,#7468);
#7466 = CARTESIAN_POINT('',(16.,-0.5,12.));
#7467 = DIRECTION('',(0.,0.,-1.));
#7468 = DIRECTION('',(1.,0.,0.));
#7469 = PCURVE('',#5872,#7470);
#7470 = DEFINITIONAL_REPRESENTATION('',(#7471),#7475);
#7471 = LINE('',#7472,#7473);
#7472 = CARTESIAN_POINT('',(-6.28318530718,-9.6));
#7473 = VECTOR('',#7474,1.);
#7474 = DIRECTION('',(1.,-0.));
#7475 = ( GEOMETRIC_REPRESENTATION_CONTEXT(2) 
PARAMETRIC_REPRESENTATION_CONTEXT() REPRESENTATION_CONTEXT('2D SPACE',''
  ) );
#7476 = PCURVE('',#7477,#7482);
#7477 = PLANE('',#7478);
#7478 = AXIS2_PLACEMENT_3D('',#7479,#7480,#7481);
#7479 = CARTESIAN_POINT('',(12.5,-2.,12.));
#7480 = DIRECTION('',(0.,0.,1.));
#7481 = DIRECTION('',(1.,0.,0.));
#7482 = DEFINITIONAL_REPRESENTATION('',(#7483),#7491);
#7483 = ( BOUNDED_CURVE() B_SPLINE_CURVE(2,(#7484,#7485,#7486,#7487,
#7488,#7489,#7490),.UNSPECIFIED.,.T.,.F.) B_SPLINE_CURVE_WITH_KNOTS((1,2
    ,2,2,2,1),(-2.094395102393,0.,2.094395102393,4.188790204786,
6.28318530718,8.377580409573),.UNSPECIFIED.) CURVE() 
GEOMETRIC_REPRESENTATION_ITEM() RATIONAL_B_SPLINE_CURVE((1.,0.5,1.,0.5,
1.,0.5,1.)) REPRESENTATION_ITEM('') );
#7484 = CARTESIAN_POINT('',(7.1,1.5));
#7485 = CARTESIAN_POINT('',(7.1,-4.735382907248));
#7486 = CARTESIAN_POINT('',(1.7,-1.617691453624));
#7487 = CARTESIAN_POINT('',(-3.7,1.5));
#7488 = CARTESIAN_POINT('',(1.7,4.617691453624));
#7489 = CARTESIAN_POINT('',(7.1,7.735382907248));
#7490 = CARTESIAN_POINT('',(7.1,1.5));
#7491 = ( GEOMETRIC_REPRESENTATION_CONTEXT(2) 
PARAMETRIC_REPRESENTATION_CONTEXT() REPRESENTATION_CONTEXT('2D SPACE',''
  ) );
#7492 = ORIENTED_EDGE('',*,*,#7493,.T.);
#7493 = EDGE_CURVE('',#7461,#7494,#7496,.T.);
#7494 = VERTEX_POINT('',#7495);
#7495 = CARTESIAN_POINT('',(12.727386365609,1.,2.4));
#7496 = SURFACE_CURVE('',#7497,(#7501,#7507),.PCURVE_S1.);
#7497 = LINE('',#7498,#7499);
#7498 = CARTESIAN_POINT('',(12.727386365609,1.,2.4));
#7499 = VECTOR('',#7500,1.);
#7500 = DIRECTION('',(-0.,-0.,-1.));
#7501 = PCURVE('',#5872,#7502);
#7502 = DEFINITIONAL_REPRESENTATION('',(#7503),#7506);
#7503 = B_SPLINE_CURVE_WITH_KNOTS('',1,(#7504,#7505),.UNSPECIFIED.,.F.,
  .F.,(2,2),(-10.56,5.999999999062E-07),.PIECEWISE_BEZIER_KNOTS.);
#7504 = CARTESIAN_POINT('',(-2.711817222285,-10.56));
#7505 = CARTESIAN_POINT('',(-2.711817222285,5.999999999062E-07));
#7506 = ( GEOMETRIC_REPRESENTATION_CONTEXT(2) 
PARAMETRIC_REPRESENTATION_CONTEXT() REPRESENTATION_CONTEXT('2D SPACE',''
  ) );
#7507 = PCURVE('',#7508,#7513);
#7508 = PLANE('',#7509);
#7509 = AXIS2_PLACEMENT_3D('',#7510,#7511,#7512);
#7510 = CARTESIAN_POINT('',(12.5,1.,2.4));
#7511 = DIRECTION('',(0.,1.,0.));
#7512 = DIRECTION('',(0.,0.,1.));
#7513 = DEFINITIONAL_REPRESENTATION('',(#7514),#7517);
#7514 = B_SPLINE_CURVE_WITH_KNOTS('',1,(#7515,#7516),.UNSPECIFIED.,.F.,
  .F.,(2,2),(-10.56,5.999999999062E-07),.PIECEWISE_BEZIER_KNOTS.);
#7515 = CARTESIAN_POINT('',(10.56,0.227386365609));
#7516 = CARTESIAN_POINT('',(-5.999999999062E-07,0.227386365609));
#7517 = ( GEOMETRIC_REPRESENTATION_CONTEXT(2) 
PARAMETRIC_REPRESENTATION_CONTEXT() REPRESENTATION_CONTEXT('2D SPACE',''
  ) );
#7518 = ORIENTED_EDGE('',*,*,#7519,.F.);
#7519 = EDGE_CURVE('',#7274,#7494,#7520,.T.);
#7520 = SURFACE_CURVE('',#7521,(#7526,#7533),.PCURVE_S1.);
#7521 = CIRCLE('',#7522,3.6);
#7522 = AXIS2_PLACEMENT_3D('',#7523,#7524,#7525);
#7523 = CARTESIAN_POINT('',(16.,-0.5,2.4));
#7524 = DIRECTION('',(0.,0.,1.));
#7525 = DIRECTION('',(1.,0.,0.));
#7526 = PCURVE('',#5872,#7527);
#7527 = DEFINITIONAL_REPRESENTATION('',(#7528),#7532);
#7528 = LINE('',#7529,#7530);
#7529 = CARTESIAN_POINT('',(-0.,0.));
#7530 = VECTOR('',#7531,1.);
#7531 = DIRECTION('',(-1.,0.));
#7532 = ( GEOMETRIC_REPRESENTATION_CONTEXT(2) 
PARAMETRIC_REPRESENTATION_CONTEXT() REPRESENTATION_CONTEXT('2D SPACE',''
  ) );
#7533 = PCURVE('',#7313,#7534);
#7534 = DEFINITIONAL_REPRESENTATION('',(#7535),#7539);
#7535 = CIRCLE('',#7536,3.6);
#7536 = AXIS2_PLACEMENT_2D('',#7537,#7538);
#7537 = CARTESIAN_POINT('',(0.,-2.22044604925E-16));
#7538 = DIRECTION('',(1.,0.));
#7539 = ( GEOMETRIC_REPRESENTATION_CONTEXT(2) 
PARAMETRIC_REPRESENTATION_CONTEXT() REPRESENTATION_CONTEXT('2D SPACE',''
  ) );
#7540 = ORIENTED_EDGE('',*,*,#7273,.T.);
#7541 = ORIENTED_EDGE('',*,*,#5810,.F.);
#7542 = ORIENTED_EDGE('',*,*,#7248,.T.);
#7543 = ORIENTED_EDGE('',*,*,#5907,.F.);
#7544 = ADVANCED_FACE('',(#7545),#6191,.T.);
#7545 = FACE_BOUND('',#7546,.T.);
#7546 = EDGE_LOOP('',(#7547,#7571,#7593));
#7547 = ORIENTED_EDGE('',*,*,#7548,.T.);
#7548 = EDGE_CURVE('',#6176,#7549,#7551,.T.);
#7549 = VERTEX_POINT('',#7550);
#7550 = CARTESIAN_POINT('',(-12.4,-0.5,13.3));
#7551 = SURFACE_CURVE('',#7552,(#7557,#7564),.PCURVE_S1.);
#7552 = CIRCLE('',#7553,3.6);
#7553 = AXIS2_PLACEMENT_3D('',#7554,#7555,#7556);
#7554 = CARTESIAN_POINT('',(-16.,-0.5,13.3));
#7555 = DIRECTION('',(0.,0.,1.));
#7556 = DIRECTION('',(1.,0.,0.));
#7557 = PCURVE('',#6191,#7558);
#7558 = DEFINITIONAL_REPRESENTATION('',(#7559),#7563);
#7559 = CIRCLE('',#7560,3.6);
#7560 = AXIS2_PLACEMENT_2D('',#7561,#7562);
#7561 = CARTESIAN_POINT('',(0.,-2.22044604925E-16));
#7562 = DIRECTION('',(1.,0.));
#7563 = ( GEOMETRIC_REPRESENTATION_CONTEXT(2) 
PARAMETRIC_REPRESENTATION_CONTEXT() REPRESENTATION_CONTEXT('2D SPACE',''
  ) );
#7564 = PCURVE('',#6334,#7565);
#7565 = DEFINITIONAL_REPRESENTATION('',(#7566),#7570);
#7566 = LINE('',#7567,#7568);
#7567 = CARTESIAN_POINT('',(-0.,-10.9));
#7568 = VECTOR('',#7569,1.);
#7569 = DIRECTION('',(-1.,0.));
#7570 = ( GEOMETRIC_REPRESENTATION_CONTEXT(2) 
PARAMETRIC_REPRESENTATION_CONTEXT() REPRESENTATION_CONTEXT('2D SPACE',''
  ) );
#7571 = ORIENTED_EDGE('',*,*,#7572,.T.);
#7572 = EDGE_CURVE('',#7549,#6178,#7573,.T.);
#7573 = SURFACE_CURVE('',#7574,(#7579,#7586),.PCURVE_S1.);
#7574 = CIRCLE('',#7575,3.6);
#7575 = AXIS2_PLACEMENT_3D('',#7576,#7577,#7578);
#7576 = CARTESIAN_POINT('',(-16.,-0.5,13.3));
#7577 = DIRECTION('',(0.,0.,1.));
#7578 = DIRECTION('',(1.,0.,0.));
#7579 = PCURVE('',#6191,#7580);
#7580 = DEFINITIONAL_REPRESENTATION('',(#7581),#7585);
#7581 = CIRCLE('',#7582,3.6);
#7582 = AXIS2_PLACEMENT_2D('',#7583,#7584);
#7583 = CARTESIAN_POINT('',(0.,-2.22044604925E-16));
#7584 = DIRECTION('',(1.,0.));
#7585 = ( GEOMETRIC_REPRESENTATION_CONTEXT(2) 
PARAMETRIC_REPRESENTATION_CONTEXT() REPRESENTATION_CONTEXT('2D SPACE',''
  ) );
#7586 = PCURVE('',#6334,#7587);
#7587 = DEFINITIONAL_REPRESENTATION('',(#7588),#7592);
#7588 = LINE('',#7589,#7590);
#7589 = CARTESIAN_POINT('',(-0.,-10.9));
#7590 = VECTOR('',#7591,1.);
#7591 = DIRECTION('',(-1.,0.));
#7592 = ( GEOMETRIC_REPRESENTATION_CONTEXT(2) 
PARAMETRIC_REPRESENTATION_CONTEXT() REPRESENTATION_CONTEXT('2D SPACE',''
  ) );
#7593 = ORIENTED_EDGE('',*,*,#6175,.F.);
#7594 = ADVANCED_FACE('',(#7595),#6334,.T.);
#7595 = FACE_BOUND('',#7596,.F.);
#7596 = EDGE_LOOP('',(#7597,#7620,#7649,#7675,#7708,#7734,#7758,#7784,
    #7817,#7843,#7865,#7866,#7867,#7868));
#7597 = ORIENTED_EDGE('',*,*,#7598,.F.);
#7598 = EDGE_CURVE('',#7599,#7549,#7601,.T.);
#7599 = VERTEX_POINT('',#7600);
#7600 = CARTESIAN_POINT('',(-12.4,-0.5,2.4));
#7601 = SEAM_CURVE('',#7602,(#7606,#7613),.PCURVE_S1.);
#7602 = LINE('',#7603,#7604);
#7603 = CARTESIAN_POINT('',(-12.4,-0.5,2.4));
#7604 = VECTOR('',#7605,1.);
#7605 = DIRECTION('',(0.,0.,1.));
#7606 = PCURVE('',#6334,#7607);
#7607 = DEFINITIONAL_REPRESENTATION('',(#7608),#7612);
#7608 = LINE('',#7609,#7610);
#7609 = CARTESIAN_POINT('',(-6.28318530718,0.));
#7610 = VECTOR('',#7611,1.);
#7611 = DIRECTION('',(-0.,-1.));
#7612 = ( GEOMETRIC_REPRESENTATION_CONTEXT(2) 
PARAMETRIC_REPRESENTATION_CONTEXT() REPRESENTATION_CONTEXT('2D SPACE',''
  ) );
#7613 = PCURVE('',#6334,#7614);
#7614 = DEFINITIONAL_REPRESENTATION('',(#7615),#7619);
#7615 = LINE('',#7616,#7617);
#7616 = CARTESIAN_POINT('',(-0.,0.));
#7617 = VECTOR('',#7618,1.);
#7618 = DIRECTION('',(-0.,-1.));
#7619 = ( GEOMETRIC_REPRESENTATION_CONTEXT(2) 
PARAMETRIC_REPRESENTATION_CONTEXT() REPRESENTATION_CONTEXT('2D SPACE',''
  ) );
#7620 = ORIENTED_EDGE('',*,*,#7621,.F.);
#7621 = EDGE_CURVE('',#7622,#7599,#7624,.T.);
#7622 = VERTEX_POINT('',#7623);
#7623 = CARTESIAN_POINT('',(-12.5,-1.342614977317,2.4));
#7624 = SURFACE_CURVE('',#7625,(#7630,#7637),.PCURVE_S1.);
#7625 = CIRCLE('',#7626,3.6);
#7626 = AXIS2_PLACEMENT_3D('',#7627,#7628,#7629);
#7627 = CARTESIAN_POINT('',(-16.,-0.5,2.4));
#7628 = DIRECTION('',(0.,0.,1.));
#7629 = DIRECTION('',(1.,0.,0.));
#7630 = PCURVE('',#6334,#7631);
#7631 = DEFINITIONAL_REPRESENTATION('',(#7632),#7636);
#7632 = LINE('',#7633,#7634);
#7633 = CARTESIAN_POINT('',(-0.,0.));
#7634 = VECTOR('',#7635,1.);
#7635 = DIRECTION('',(-1.,0.));
#7636 = ( GEOMETRIC_REPRESENTATION_CONTEXT(2) 
PARAMETRIC_REPRESENTATION_CONTEXT() REPRESENTATION_CONTEXT('2D SPACE',''
  ) );
#7637 = PCURVE('',#7638,#7643);
#7638 = PLANE('',#7639);
#7639 = AXIS2_PLACEMENT_3D('',#7640,#7641,#7642);
#7640 = CARTESIAN_POINT('',(-16.,-0.5,2.4));
#7641 = DIRECTION('',(0.,0.,1.));
#7642 = DIRECTION('',(1.,0.,-0.));
#7643 = DEFINITIONAL_REPRESENTATION('',(#7644),#7648);
#7644 = CIRCLE('',#7645,3.6);
#7645 = AXIS2_PLACEMENT_2D('',#7646,#7647);
#7646 = CARTESIAN_POINT('',(0.,-2.22044604925E-16));
#7647 = DIRECTION('',(1.,0.));
#7648 = ( GEOMETRIC_REPRESENTATION_CONTEXT(2) 
PARAMETRIC_REPRESENTATION_CONTEXT() REPRESENTATION_CONTEXT('2D SPACE',''
  ) );
#7649 = ORIENTED_EDGE('',*,*,#7650,.F.);
#7650 = EDGE_CURVE('',#7651,#7622,#7653,.T.);
#7651 = VERTEX_POINT('',#7652);
#7652 = CARTESIAN_POINT('',(-12.5,-1.342614977318,12.));
#7653 = SURFACE_CURVE('',#7654,(#7658,#7664),.PCURVE_S1.);
#7654 = LINE('',#7655,#7656);
#7655 = CARTESIAN_POINT('',(-12.5,-1.342614977318,2.4));
#7656 = VECTOR('',#7657,1.);
#7657 = DIRECTION('',(-0.,-0.,-1.));
#7658 = PCURVE('',#6334,#7659);
#7659 = DEFINITIONAL_REPRESENTATION('',(#7660),#7663);
#7660 = B_SPLINE_CURVE_WITH_KNOTS('',1,(#7661,#7662),.UNSPECIFIED.,.F.,
  .F.,(2,2),(-10.56,5.999999999062E-07),.PIECEWISE_BEZIER_KNOTS.);
#7661 = CARTESIAN_POINT('',(-6.046934001195,-10.56));
#7662 = CARTESIAN_POINT('',(-6.046934001195,5.999999999062E-07));
#7663 = ( GEOMETRIC_REPRESENTATION_CONTEXT(2) 
PARAMETRIC_REPRESENTATION_CONTEXT() REPRESENTATION_CONTEXT('2D SPACE',''
  ) );
#7664 = PCURVE('',#7665,#7670);
#7665 = PLANE('',#7666);
#7666 = AXIS2_PLACEMENT_3D('',#7667,#7668,#7669);
#7667 = CARTESIAN_POINT('',(-12.5,-2.,2.4));
#7668 = DIRECTION('',(1.,0.,0.));
#7669 = DIRECTION('',(0.,0.,1.));
#7670 = DEFINITIONAL_REPRESENTATION('',(#7671),#7674);
#7671 = B_SPLINE_CURVE_WITH_KNOTS('',1,(#7672,#7673),.UNSPECIFIED.,.F.,
  .F.,(2,2),(-10.56,5.999999999062E-07),.PIECEWISE_BEZIER_KNOTS.);
#7672 = CARTESIAN_POINT('',(10.56,-0.657385022682));
#7673 = CARTESIAN_POINT('',(-5.999999999062E-07,-0.657385022682));
#7674 = ( GEOMETRIC_REPRESENTATION_CONTEXT(2) 
PARAMETRIC_REPRESENTATION_CONTEXT() REPRESENTATION_CONTEXT('2D SPACE',''
  ) );
#7675 = ORIENTED_EDGE('',*,*,#7676,.T.);
#7676 = EDGE_CURVE('',#7651,#7677,#7679,.T.);
#7677 = VERTEX_POINT('',#7678);
#7678 = CARTESIAN_POINT('',(-12.7273863656,-2.,12.));
#7679 = SURFACE_CURVE('',#7680,(#7685,#7692),.PCURVE_S1.);
#7680 = CIRCLE('',#7681,3.6);
#7681 = AXIS2_PLACEMENT_3D('',#7682,#7683,#7684);
#7682 = CARTESIAN_POINT('',(-16.,-0.5,12.));
#7683 = DIRECTION('',(0.,0.,-1.));
#7684 = DIRECTION('',(1.,0.,0.));
#7685 = PCURVE('',#6334,#7686);
#7686 = DEFINITIONAL_REPRESENTATION('',(#7687),#7691);
#7687 = LINE('',#7688,#7689);
#7688 = CARTESIAN_POINT('',(-6.28318530718,-9.6));
#7689 = VECTOR('',#7690,1.);
#7690 = DIRECTION('',(1.,-0.));
#7691 = ( GEOMETRIC_REPRESENTATION_CONTEXT(2) 
PARAMETRIC_REPRESENTATION_CONTEXT() REPRESENTATION_CONTEXT('2D SPACE',''
  ) );
#7692 = PCURVE('',#7693,#7698);
#7693 = PLANE('',#7694);
#7694 = AXIS2_PLACEMENT_3D('',#7695,#7696,#7697);
#7695 = CARTESIAN_POINT('',(-16.5,-2.,12.));
#7696 = DIRECTION('',(0.,0.,1.));
#7697 = DIRECTION('',(1.,0.,0.));
#7698 = DEFINITIONAL_REPRESENTATION('',(#7699),#7707);
#7699 = ( BOUNDED_CURVE() B_SPLINE_CURVE(2,(#7700,#7701,#7702,#7703,
#7704,#7705,#7706),.UNSPECIFIED.,.T.,.F.) B_SPLINE_CURVE_WITH_KNOTS((1,2
    ,2,2,2,1),(-2.094395102393,0.,2.094395102393,4.188790204786,
6.28318530718,8.377580409573),.UNSPECIFIED.) CURVE() 
GEOMETRIC_REPRESENTATION_ITEM() RATIONAL_B_SPLINE_CURVE((1.,0.5,1.,0.5,
1.,0.5,1.)) REPRESENTATION_ITEM('') );
#7700 = CARTESIAN_POINT('',(4.1,1.5));
#7701 = CARTESIAN_POINT('',(4.1,-4.735382907248));
#7702 = CARTESIAN_POINT('',(-1.3,-1.617691453624));
#7703 = CARTESIAN_POINT('',(-6.7,1.5));
#7704 = CARTESIAN_POINT('',(-1.3,4.617691453624));
#7705 = CARTESIAN_POINT('',(4.1,7.735382907248));
#7706 = CARTESIAN_POINT('',(4.1,1.5));
#7707 = ( GEOMETRIC_REPRESENTATION_CONTEXT(2) 
PARAMETRIC_REPRESENTATION_CONTEXT() REPRESENTATION_CONTEXT('2D SPACE',''
  ) );
#7708 = ORIENTED_EDGE('',*,*,#7709,.T.);
#7709 = EDGE_CURVE('',#7677,#7710,#7712,.T.);
#7710 = VERTEX_POINT('',#7711);
#7711 = CARTESIAN_POINT('',(-12.7273863656,-2.,2.4));
#7712 = SURFACE_CURVE('',#7713,(#7717,#7723),.PCURVE_S1.);
#7713 = LINE('',#7714,#7715);
#7714 = CARTESIAN_POINT('',(-12.7273863656,-2.,2.4));
#7715 = VECTOR('',#7716,1.);
#7716 = DIRECTION('',(-0.,-0.,-1.));
#7717 = PCURVE('',#6334,#7718);
#7718 = DEFINITIONAL_REPRESENTATION('',(#7719),#7722);
#7719 = B_SPLINE_CURVE_WITH_KNOTS('',1,(#7720,#7721),.UNSPECIFIED.,.F.,
  .F.,(2,2),(-10.56,5.999999999062E-07),.PIECEWISE_BEZIER_KNOTS.);
#7720 = CARTESIAN_POINT('',(-5.853409875875,-10.56));
#7721 = CARTESIAN_POINT('',(-5.853409875875,5.999999999062E-07));
#7722 = ( GEOMETRIC_REPRESENTATION_CONTEXT(2) 
PARAMETRIC_REPRESENTATION_CONTEXT() REPRESENTATION_CONTEXT('2D SPACE',''
  ) );
#7723 = PCURVE('',#7724,#7729);
#7724 = PLANE('',#7725);
#7725 = AXIS2_PLACEMENT_3D('',#7726,#7727,#7728);
#7726 = CARTESIAN_POINT('',(-16.5,-2.,2.4));
#7727 = DIRECTION('',(0.,1.,0.));
#7728 = DIRECTION('',(0.,0.,1.));
#7729 = DEFINITIONAL_REPRESENTATION('',(#7730),#7733);
#7730 = B_SPLINE_CURVE_WITH_KNOTS('',1,(#7731,#7732),.UNSPECIFIED.,.F.,
  .F.,(2,2),(-10.56,5.999999999062E-07),.PIECEWISE_BEZIER_KNOTS.);
#7731 = CARTESIAN_POINT('',(10.56,3.772613634391));
#7732 = CARTESIAN_POINT('',(-5.999999999062E-07,3.772613634391));
#7733 = ( GEOMETRIC_REPRESENTATION_CONTEXT(2) 
PARAMETRIC_REPRESENTATION_CONTEXT() REPRESENTATION_CONTEXT('2D SPACE',''
  ) );
#7734 = ORIENTED_EDGE('',*,*,#7735,.F.);
#7735 = EDGE_CURVE('',#7736,#7710,#7738,.T.);
#7736 = VERTEX_POINT('',#7737);
#7737 = CARTESIAN_POINT('',(-12.7273863656,1.,2.4));
#7738 = SURFACE_CURVE('',#7739,(#7744,#7751),.PCURVE_S1.);
#7739 = CIRCLE('',#7740,3.6);
#7740 = AXIS2_PLACEMENT_3D('',#7741,#7742,#7743);
#7741 = CARTESIAN_POINT('',(-16.,-0.5,2.4));
#7742 = DIRECTION('',(0.,0.,1.));
#7743 = DIRECTION('',(1.,0.,0.));
#7744 = PCURVE('',#6334,#7745);
#7745 = DEFINITIONAL_REPRESENTATION('',(#7746),#7750);
#7746 = LINE('',#7747,#7748);
#7747 = CARTESIAN_POINT('',(-0.,0.));
#7748 = VECTOR('',#7749,1.);
#7749 = DIRECTION('',(-1.,0.));
#7750 = ( GEOMETRIC_REPRESENTATION_CONTEXT(2) 
PARAMETRIC_REPRESENTATION_CONTEXT() REPRESENTATION_CONTEXT('2D SPACE',''
  ) );
#7751 = PCURVE('',#7638,#7752);
#7752 = DEFINITIONAL_REPRESENTATION('',(#7753),#7757);
#7753 = CIRCLE('',#7754,3.6);
#7754 = AXIS2_PLACEMENT_2D('',#7755,#7756);
#7755 = CARTESIAN_POINT('',(0.,-2.22044604925E-16));
#7756 = DIRECTION('',(1.,0.));
#7757 = ( GEOMETRIC_REPRESENTATION_CONTEXT(2) 
PARAMETRIC_REPRESENTATION_CONTEXT() REPRESENTATION_CONTEXT('2D SPACE',''
  ) );
#7758 = ORIENTED_EDGE('',*,*,#7759,.F.);
#7759 = EDGE_CURVE('',#7760,#7736,#7762,.T.);
#7760 = VERTEX_POINT('',#7761);
#7761 = CARTESIAN_POINT('',(-12.7273863656,1.,12.));
#7762 = SURFACE_CURVE('',#7763,(#7767,#7773),.PCURVE_S1.);
#7763 = LINE('',#7764,#7765);
#7764 = CARTESIAN_POINT('',(-12.7273863656,1.,2.4));
#7765 = VECTOR('',#7766,1.);
#7766 = DIRECTION('',(-0.,-0.,-1.));
#7767 = PCURVE('',#6334,#7768);
#7768 = DEFINITIONAL_REPRESENTATION('',(#7769),#7772);
#7769 = B_SPLINE_CURVE_WITH_KNOTS('',1,(#7770,#7771),.UNSPECIFIED.,.F.,
  .F.,(2,2),(-10.56,5.999999999062E-07),.PIECEWISE_BEZIER_KNOTS.);
#7770 = CARTESIAN_POINT('',(-0.429775431305,-10.56));
#7771 = CARTESIAN_POINT('',(-0.429775431305,5.999999999062E-07));
#7772 = ( GEOMETRIC_REPRESENTATION_CONTEXT(2) 
PARAMETRIC_REPRESENTATION_CONTEXT() REPRESENTATION_CONTEXT('2D SPACE',''
  ) );
#7773 = PCURVE('',#7774,#7779);
#7774 = PLANE('',#7775);
#7775 = AXIS2_PLACEMENT_3D('',#7776,#7777,#7778);
#7776 = CARTESIAN_POINT('',(-16.5,1.,2.4));
#7777 = DIRECTION('',(0.,1.,0.));
#7778 = DIRECTION('',(0.,0.,1.));
#7779 = DEFINITIONAL_REPRESENTATION('',(#7780),#7783);
#7780 = B_SPLINE_CURVE_WITH_KNOTS('',1,(#7781,#7782),.UNSPECIFIED.,.F.,
  .F.,(2,2),(-10.56,5.999999999062E-07),.PIECEWISE_BEZIER_KNOTS.);
#7781 = CARTESIAN_POINT('',(10.56,3.772613634391));
#7782 = CARTESIAN_POINT('',(-5.999999999062E-07,3.772613634391));
#7783 = ( GEOMETRIC_REPRESENTATION_CONTEXT(2) 
PARAMETRIC_REPRESENTATION_CONTEXT() REPRESENTATION_CONTEXT('2D SPACE',''
  ) );
#7784 = ORIENTED_EDGE('',*,*,#7785,.T.);
#7785 = EDGE_CURVE('',#7760,#7786,#7788,.T.);
#7786 = VERTEX_POINT('',#7787);
#7787 = CARTESIAN_POINT('',(-12.5,0.342614977318,12.));
#7788 = SURFACE_CURVE('',#7789,(#7794,#7801),.PCURVE_S1.);
#7789 = CIRCLE('',#7790,3.6);
#7790 = AXIS2_PLACEMENT_3D('',#7791,#7792,#7793);
#7791 = CARTESIAN_POINT('',(-16.,-0.5,12.));
#7792 = DIRECTION('',(0.,0.,-1.));
#7793 = DIRECTION('',(1.,0.,0.));
#7794 = PCURVE('',#6334,#7795);
#7795 = DEFINITIONAL_REPRESENTATION('',(#7796),#7800);
#7796 = LINE('',#7797,#7798);
#7797 = CARTESIAN_POINT('',(-6.28318530718,-9.6));
#7798 = VECTOR('',#7799,1.);
#7799 = DIRECTION('',(1.,-0.));
#7800 = ( GEOMETRIC_REPRESENTATION_CONTEXT(2) 
PARAMETRIC_REPRESENTATION_CONTEXT() REPRESENTATION_CONTEXT('2D SPACE',''
  ) );
#7801 = PCURVE('',#7802,#7807);
#7802 = PLANE('',#7803);
#7803 = AXIS2_PLACEMENT_3D('',#7804,#7805,#7806);
#7804 = CARTESIAN_POINT('',(-16.5,-2.,12.));
#7805 = DIRECTION('',(0.,0.,1.));
#7806 = DIRECTION('',(1.,0.,0.));
#7807 = DEFINITIONAL_REPRESENTATION('',(#7808),#7816);
#7808 = ( BOUNDED_CURVE() B_SPLINE_CURVE(2,(#7809,#7810,#7811,#7812,
#7813,#7814,#7815),.UNSPECIFIED.,.T.,.F.) B_SPLINE_CURVE_WITH_KNOTS((1,2
    ,2,2,2,1),(-2.094395102393,0.,2.094395102393,4.188790204786,
6.28318530718,8.377580409573),.UNSPECIFIED.) CURVE() 
GEOMETRIC_REPRESENTATION_ITEM() RATIONAL_B_SPLINE_CURVE((1.,0.5,1.,0.5,
1.,0.5,1.)) REPRESENTATION_ITEM('') );
#7809 = CARTESIAN_POINT('',(4.1,1.5));
#7810 = CARTESIAN_POINT('',(4.1,-4.735382907248));
#7811 = CARTESIAN_POINT('',(-1.3,-1.617691453624));
#7812 = CARTESIAN_POINT('',(-6.7,1.5));
#7813 = CARTESIAN_POINT('',(-1.3,4.617691453624));
#7814 = CARTESIAN_POINT('',(4.1,7.735382907248));
#7815 = CARTESIAN_POINT('',(4.1,1.5));
#7816 = ( GEOMETRIC_REPRESENTATION_CONTEXT(2) 
PARAMETRIC_REPRESENTATION_CONTEXT() REPRESENTATION_CONTEXT('2D SPACE',''
  ) );
#7817 = ORIENTED_EDGE('',*,*,#7818,.T.);
#7818 = EDGE_CURVE('',#7786,#7819,#7821,.T.);
#7819 = VERTEX_POINT('',#7820);
#7820 = CARTESIAN_POINT('',(-12.5,0.342614977318,2.4));
#7821 = SURFACE_CURVE('',#7822,(#7826,#7832),.PCURVE_S1.);
#7822 = LINE('',#7823,#7824);
#7823 = CARTESIAN_POINT('',(-12.5,0.342614977318,2.4));
#7824 = VECTOR('',#7825,1.);
#7825 = DIRECTION('',(-0.,-0.,-1.));
#7826 = PCURVE('',#6334,#7827);
#7827 = DEFINITIONAL_REPRESENTATION('',(#7828),#7831);
#7828 = B_SPLINE_CURVE_WITH_KNOTS('',1,(#7829,#7830),.UNSPECIFIED.,.F.,
  .F.,(2,2),(-10.56,5.999999999062E-07),.PIECEWISE_BEZIER_KNOTS.);
#7829 = CARTESIAN_POINT('',(-0.236251305985,-10.56));
#7830 = CARTESIAN_POINT('',(-0.236251305985,5.999999999062E-07));
#7831 = ( GEOMETRIC_REPRESENTATION_CONTEXT(2) 
PARAMETRIC_REPRESENTATION_CONTEXT() REPRESENTATION_CONTEXT('2D SPACE',''
  ) );
#7832 = PCURVE('',#7833,#7838);
#7833 = PLANE('',#7834);
#7834 = AXIS2_PLACEMENT_3D('',#7835,#7836,#7837);
#7835 = CARTESIAN_POINT('',(-12.5,-2.,2.4));
#7836 = DIRECTION('',(1.,0.,0.));
#7837 = DIRECTION('',(0.,0.,1.));
#7838 = DEFINITIONAL_REPRESENTATION('',(#7839),#7842);
#7839 = B_SPLINE_CURVE_WITH_KNOTS('',1,(#7840,#7841),.UNSPECIFIED.,.F.,
  .F.,(2,2),(-10.56,5.999999999062E-07),.PIECEWISE_BEZIER_KNOTS.);
#7840 = CARTESIAN_POINT('',(10.56,-2.342614977318));
#7841 = CARTESIAN_POINT('',(-5.999999999062E-07,-2.342614977318));
#7842 = ( GEOMETRIC_REPRESENTATION_CONTEXT(2) 
PARAMETRIC_REPRESENTATION_CONTEXT() REPRESENTATION_CONTEXT('2D SPACE',''
  ) );
#7843 = ORIENTED_EDGE('',*,*,#7844,.F.);
#7844 = EDGE_CURVE('',#7599,#7819,#7845,.T.);
#7845 = SURFACE_CURVE('',#7846,(#7851,#7858),.PCURVE_S1.);
#7846 = CIRCLE('',#7847,3.6);
#7847 = AXIS2_PLACEMENT_3D('',#7848,#7849,#7850);
#7848 = CARTESIAN_POINT('',(-16.,-0.5,2.4));
#7849 = DIRECTION('',(0.,0.,1.));
#7850 = DIRECTION('',(1.,0.,0.));
#7851 = PCURVE('',#6334,#7852);
#7852 = DEFINITIONAL_REPRESENTATION('',(#7853),#7857);
#7853 = LINE('',#7854,#7855);
#7854 = CARTESIAN_POINT('',(-0.,0.));
#7855 = VECTOR('',#7856,1.);
#7856 = DIRECTION('',(-1.,0.));
#7857 = ( GEOMETRIC_REPRESENTATION_CONTEXT(2) 
PARAMETRIC_REPRESENTATION_CONTEXT() REPRESENTATION_CONTEXT('2D SPACE',''
  ) );
#7858 = PCURVE('',#7638,#7859);
#7859 = DEFINITIONAL_REPRESENTATION('',(#7860),#7864);
#7860 = CIRCLE('',#7861,3.6);
#7861 = AXIS2_PLACEMENT_2D('',#7862,#7863);
#7862 = CARTESIAN_POINT('',(0.,-2.22044604925E-16));
#7863 = DIRECTION('',(1.,0.));
#7864 = ( GEOMETRIC_REPRESENTATION_CONTEXT(2) 
PARAMETRIC_REPRESENTATION_CONTEXT() REPRESENTATION_CONTEXT('2D SPACE',''
  ) );
#7865 = ORIENTED_EDGE('',*,*,#7598,.T.);
#7866 = ORIENTED_EDGE('',*,*,#7572,.T.);
#7867 = ORIENTED_EDGE('',*,*,#6202,.F.);
#7868 = ORIENTED_EDGE('',*,*,#7548,.T.);
#7869 = ADVANCED_FACE('',(#7870,#7876),#6480,.T.);
#7870 = FACE_BOUND('',#7871,.T.);
#7871 = EDGE_LOOP('',(#7872,#7873,#7874,#7875));
#7872 = ORIENTED_EDGE('',*,*,#6540,.F.);
#7873 = ORIENTED_EDGE('',*,*,#6589,.T.);
#7874 = ORIENTED_EDGE('',*,*,#6616,.T.);
#7875 = ORIENTED_EDGE('',*,*,#6464,.F.);
#7876 = FACE_BOUND('',#7877,.T.);
#7877 = EDGE_LOOP('',(#7878,#7901,#7922,#7943));
#7878 = ORIENTED_EDGE('',*,*,#7879,.T.);
#7879 = EDGE_CURVE('',#7880,#7882,#7884,.T.);
#7880 = VERTEX_POINT('',#7881);
#7881 = CARTESIAN_POINT('',(7.05,-2.55,13.9));
#7882 = VERTEX_POINT('',#7883);
#7883 = CARTESIAN_POINT('',(-7.05,-2.55,13.9));
#7884 = SURFACE_CURVE('',#7885,(#7889,#7895),.PCURVE_S1.);
#7885 = LINE('',#7886,#7887);
#7886 = CARTESIAN_POINT('',(-9.275,-2.55,13.9));
#7887 = VECTOR('',#7888,1.);
#7888 = DIRECTION('',(-1.,0.,0.));
#7889 = PCURVE('',#6480,#7890);
#7890 = DEFINITIONAL_REPRESENTATION('',(#7891),#7894);
#7891 = B_SPLINE_CURVE_WITH_KNOTS('',1,(#7892,#7893),.UNSPECIFIED.,.F.,
  .F.,(2,2),(-16.325,-2.225),.PIECEWISE_BEZIER_KNOTS.);
#7892 = CARTESIAN_POINT('',(18.55,4.45));
#7893 = CARTESIAN_POINT('',(4.45,4.45));
#7894 = ( GEOMETRIC_REPRESENTATION_CONTEXT(2) 
PARAMETRIC_REPRESENTATION_CONTEXT() REPRESENTATION_CONTEXT('2D SPACE',''
  ) );
#7895 = PCURVE('',#6997,#7896);
#7896 = DEFINITIONAL_REPRESENTATION('',(#7897),#7900);
#7897 = B_SPLINE_CURVE_WITH_KNOTS('',1,(#7898,#7899),.UNSPECIFIED.,.F.,
  .F.,(2,2),(-16.325,-2.225),.PIECEWISE_BEZIER_KNOTS.);
#7898 = CARTESIAN_POINT('',(2.,14.1));
#7899 = CARTESIAN_POINT('',(2.,0.));
#7900 = ( GEOMETRIC_REPRESENTATION_CONTEXT(2) 
PARAMETRIC_REPRESENTATION_CONTEXT() REPRESENTATION_CONTEXT('2D SPACE',''
  ) );
#7901 = ORIENTED_EDGE('',*,*,#7902,.T.);
#7902 = EDGE_CURVE('',#7882,#7903,#7905,.T.);
#7903 = VERTEX_POINT('',#7904);
#7904 = CARTESIAN_POINT('',(-7.05,11.55,13.9));
#7905 = SURFACE_CURVE('',#7906,(#7910,#7916),.PCURVE_S1.);
#7906 = LINE('',#7907,#7908);
#7907 = CARTESIAN_POINT('',(-7.05,-4.775,13.9));
#7908 = VECTOR('',#7909,1.);
#7909 = DIRECTION('',(0.,1.,0.));
#7910 = PCURVE('',#6480,#7911);
#7911 = DEFINITIONAL_REPRESENTATION('',(#7912),#7915);
#7912 = B_SPLINE_CURVE_WITH_KNOTS('',1,(#7913,#7914),.UNSPECIFIED.,.F.,
  .F.,(2,2),(2.225,16.325),.PIECEWISE_BEZIER_KNOTS.);
#7913 = CARTESIAN_POINT('',(4.45,4.45));
#7914 = CARTESIAN_POINT('',(4.45,18.55));
#7915 = ( GEOMETRIC_REPRESENTATION_CONTEXT(2) 
PARAMETRIC_REPRESENTATION_CONTEXT() REPRESENTATION_CONTEXT('2D SPACE',''
  ) );
#7916 = PCURVE('',#6971,#7917);
#7917 = DEFINITIONAL_REPRESENTATION('',(#7918),#7921);
#7918 = B_SPLINE_CURVE_WITH_KNOTS('',1,(#7919,#7920),.UNSPECIFIED.,.F.,
  .F.,(2,2),(2.225,16.325),.PIECEWISE_BEZIER_KNOTS.);
#7919 = CARTESIAN_POINT('',(2.,0.));
#7920 = CARTESIAN_POINT('',(2.,-14.1));
#7921 = ( GEOMETRIC_REPRESENTATION_CONTEXT(2) 
PARAMETRIC_REPRESENTATION_CONTEXT() REPRESENTATION_CONTEXT('2D SPACE',''
  ) );
#7922 = ORIENTED_EDGE('',*,*,#7923,.F.);
#7923 = EDGE_CURVE('',#7924,#7903,#7926,.T.);
#7924 = VERTEX_POINT('',#7925);
#7925 = CARTESIAN_POINT('',(7.05,11.55,13.9));
#7926 = SURFACE_CURVE('',#7927,(#7931,#7937),.PCURVE_S1.);
#7927 = LINE('',#7928,#7929);
#7928 = CARTESIAN_POINT('',(-9.275,11.55,13.9));
#7929 = VECTOR('',#7930,1.);
#7930 = DIRECTION('',(-1.,0.,0.));
#7931 = PCURVE('',#6480,#7932);
#7932 = DEFINITIONAL_REPRESENTATION('',(#7933),#7936);
#7933 = B_SPLINE_CURVE_WITH_KNOTS('',1,(#7934,#7935),.UNSPECIFIED.,.F.,
  .F.,(2,2),(-16.325,-2.225),.PIECEWISE_BEZIER_KNOTS.);
#7934 = CARTESIAN_POINT('',(18.55,18.55));
#7935 = CARTESIAN_POINT('',(4.45,18.55));
#7936 = ( GEOMETRIC_REPRESENTATION_CONTEXT(2) 
PARAMETRIC_REPRESENTATION_CONTEXT() REPRESENTATION_CONTEXT('2D SPACE',''
  ) );
#7937 = PCURVE('',#6945,#7938);
#7938 = DEFINITIONAL_REPRESENTATION('',(#7939),#7942);
#7939 = B_SPLINE_CURVE_WITH_KNOTS('',1,(#7940,#7941),.UNSPECIFIED.,.F.,
  .F.,(2,2),(-16.325,-2.225),.PIECEWISE_BEZIER_KNOTS.);
#7940 = CARTESIAN_POINT('',(2.,14.1));
#7941 = CARTESIAN_POINT('',(2.,0.));
#7942 = ( GEOMETRIC_REPRESENTATION_CONTEXT(2) 
PARAMETRIC_REPRESENTATION_CONTEXT() REPRESENTATION_CONTEXT('2D SPACE',''
  ) );
#7943 = ORIENTED_EDGE('',*,*,#7944,.F.);
#7944 = EDGE_CURVE('',#7880,#7924,#7945,.T.);
#7945 = SURFACE_CURVE('',#7946,(#7950,#7956),.PCURVE_S1.);
#7946 = LINE('',#7947,#7948);
#7947 = CARTESIAN_POINT('',(7.05,-4.775,13.9));
#7948 = VECTOR('',#7949,1.);
#7949 = DIRECTION('',(0.,1.,0.));
#7950 = PCURVE('',#6480,#7951);
#7951 = DEFINITIONAL_REPRESENTATION('',(#7952),#7955);
#7952 = B_SPLINE_CURVE_WITH_KNOTS('',1,(#7953,#7954),.UNSPECIFIED.,.F.,
  .F.,(2,2),(2.225,16.325),.PIECEWISE_BEZIER_KNOTS.);
#7953 = CARTESIAN_POINT('',(18.55,4.45));
#7954 = CARTESIAN_POINT('',(18.55,18.55));
#7955 = ( GEOMETRIC_REPRESENTATION_CONTEXT(2) 
PARAMETRIC_REPRESENTATION_CONTEXT() REPRESENTATION_CONTEXT('2D SPACE',''
  ) );
#7956 = PCURVE('',#7021,#7957);
#7957 = DEFINITIONAL_REPRESENTATION('',(#7958),#7961);
#7958 = B_SPLINE_CURVE_WITH_KNOTS('',1,(#7959,#7960),.UNSPECIFIED.,.F.,
  .F.,(2,2),(2.225,16.325),.PIECEWISE_BEZIER_KNOTS.);
#7959 = CARTESIAN_POINT('',(2.,0.));
#7960 = CARTESIAN_POINT('',(2.,-14.1));
#7961 = ( GEOMETRIC_REPRESENTATION_CONTEXT(2) 
PARAMETRIC_REPRESENTATION_CONTEXT() REPRESENTATION_CONTEXT('2D SPACE',''
  ) );
#7962 = ADVANCED_FACE('',(#7963),#6733,.T.);
#7963 = FACE_BOUND('',#7964,.T.);
#7964 = EDGE_LOOP('',(#7965,#7988,#8016,#8037));
#7965 = ORIENTED_EDGE('',*,*,#7966,.F.);
#7966 = EDGE_CURVE('',#7967,#6719,#7969,.T.);
#7967 = VERTEX_POINT('',#7968);
#7968 = CARTESIAN_POINT('',(-6.95,-13.,4.45));
#7969 = SURFACE_CURVE('',#7970,(#7974,#7981),.PCURVE_S1.);
#7970 = LINE('',#7971,#7972);
#7971 = CARTESIAN_POINT('',(-6.95,-13.,4.45));
#7972 = VECTOR('',#7973,1.);
#7973 = DIRECTION('',(0.,0.,1.));
#7974 = PCURVE('',#6733,#7975);
#7975 = DEFINITIONAL_REPRESENTATION('',(#7976),#7980);
#7976 = LINE('',#7977,#7978);
#7977 = CARTESIAN_POINT('',(0.,1.5));
#7978 = VECTOR('',#7979,1.);
#7979 = DIRECTION('',(1.,0.));
#7980 = ( GEOMETRIC_REPRESENTATION_CONTEXT(2) 
PARAMETRIC_REPRESENTATION_CONTEXT() REPRESENTATION_CONTEXT('2D SPACE',''
  ) );
#7981 = PCURVE('',#6809,#7982);
#7982 = DEFINITIONAL_REPRESENTATION('',(#7983),#7987);
#7983 = LINE('',#7984,#7985);
#7984 = CARTESIAN_POINT('',(0.,-2.));
#7985 = VECTOR('',#7986,1.);
#7986 = DIRECTION('',(1.,0.));
#7987 = ( GEOMETRIC_REPRESENTATION_CONTEXT(2) 
PARAMETRIC_REPRESENTATION_CONTEXT() REPRESENTATION_CONTEXT('2D SPACE',''
  ) );
#7988 = ORIENTED_EDGE('',*,*,#7989,.F.);
#7989 = EDGE_CURVE('',#7990,#7967,#7992,.T.);
#7990 = VERTEX_POINT('',#7991);
#7991 = CARTESIAN_POINT('',(-8.45,-13.,4.45));
#7992 = SURFACE_CURVE('',#7993,(#7997,#8004),.PCURVE_S1.);
#7993 = LINE('',#7994,#7995);
#7994 = CARTESIAN_POINT('',(-8.45,-13.,4.45));
#7995 = VECTOR('',#7996,1.);
#7996 = DIRECTION('',(1.,0.,0.));
#7997 = PCURVE('',#6733,#7998);
#7998 = DEFINITIONAL_REPRESENTATION('',(#7999),#8003);
#7999 = LINE('',#8000,#8001);
#8000 = CARTESIAN_POINT('',(0.,0.));
#8001 = VECTOR('',#8002,1.);
#8002 = DIRECTION('',(0.,1.));
#8003 = ( GEOMETRIC_REPRESENTATION_CONTEXT(2) 
PARAMETRIC_REPRESENTATION_CONTEXT() REPRESENTATION_CONTEXT('2D SPACE',''
  ) );
#8004 = PCURVE('',#8005,#8010);
#8005 = PLANE('',#8006);
#8006 = AXIS2_PLACEMENT_3D('',#8007,#8008,#8009);
#8007 = CARTESIAN_POINT('',(-8.45,-15.,4.45));
#8008 = DIRECTION('',(0.,0.,1.));
#8009 = DIRECTION('',(1.,0.,0.));
#8010 = DEFINITIONAL_REPRESENTATION('',(#8011),#8015);
#8011 = LINE('',#8012,#8013);
#8012 = CARTESIAN_POINT('',(0.,2.));
#8013 = VECTOR('',#8014,1.);
#8014 = DIRECTION('',(1.,0.));
#8015 = ( GEOMETRIC_REPRESENTATION_CONTEXT(2) 
PARAMETRIC_REPRESENTATION_CONTEXT() REPRESENTATION_CONTEXT('2D SPACE',''
  ) );
#8016 = ORIENTED_EDGE('',*,*,#8017,.T.);
#8017 = EDGE_CURVE('',#7990,#6717,#8018,.T.);
#8018 = SURFACE_CURVE('',#8019,(#8023,#8030),.PCURVE_S1.);
#8019 = LINE('',#8020,#8021);
#8020 = CARTESIAN_POINT('',(-8.45,-13.,4.45));
#8021 = VECTOR('',#8022,1.);
#8022 = DIRECTION('',(0.,0.,1.));
#8023 = PCURVE('',#6733,#8024);
#8024 = DEFINITIONAL_REPRESENTATION('',(#8025),#8029);
#8025 = LINE('',#8026,#8027);
#8026 = CARTESIAN_POINT('',(0.,0.));
#8027 = VECTOR('',#8028,1.);
#8028 = DIRECTION('',(1.,0.));
#8029 = ( GEOMETRIC_REPRESENTATION_CONTEXT(2) 
PARAMETRIC_REPRESENTATION_CONTEXT() REPRESENTATION_CONTEXT('2D SPACE',''
  ) );
#8030 = PCURVE('',#6759,#8031);
#8031 = DEFINITIONAL_REPRESENTATION('',(#8032),#8036);
#8032 = LINE('',#8033,#8034);
#8033 = CARTESIAN_POINT('',(0.,-2.));
#8034 = VECTOR('',#8035,1.);
#8035 = DIRECTION('',(1.,0.));
#8036 = ( GEOMETRIC_REPRESENTATION_CONTEXT(2) 
PARAMETRIC_REPRESENTATION_CONTEXT() REPRESENTATION_CONTEXT('2D SPACE',''
  ) );
#8037 = ORIENTED_EDGE('',*,*,#6716,.T.);
#8038 = ADVANCED_FACE('',(#8039),#6759,.F.);
#8039 = FACE_BOUND('',#8040,.F.);
#8040 = EDGE_LOOP('',(#8041,#8064,#8085,#8086));
#8041 = ORIENTED_EDGE('',*,*,#8042,.F.);
#8042 = EDGE_CURVE('',#8043,#6745,#8045,.T.);
#8043 = VERTEX_POINT('',#8044);
#8044 = CARTESIAN_POINT('',(-8.45,-15.,4.45));
#8045 = SURFACE_CURVE('',#8046,(#8050,#8057),.PCURVE_S1.);
#8046 = LINE('',#8047,#8048);
#8047 = CARTESIAN_POINT('',(-8.45,-15.,4.45));
#8048 = VECTOR('',#8049,1.);
#8049 = DIRECTION('',(0.,0.,1.));
#8050 = PCURVE('',#6759,#8051);
#8051 = DEFINITIONAL_REPRESENTATION('',(#8052),#8056);
#8052 = LINE('',#8053,#8054);
#8053 = CARTESIAN_POINT('',(0.,0.));
#8054 = VECTOR('',#8055,1.);
#8055 = DIRECTION('',(1.,0.));
#8056 = ( GEOMETRIC_REPRESENTATION_CONTEXT(2) 
PARAMETRIC_REPRESENTATION_CONTEXT() REPRESENTATION_CONTEXT('2D SPACE',''
  ) );
#8057 = PCURVE('',#6785,#8058);
#8058 = DEFINITIONAL_REPRESENTATION('',(#8059),#8063);
#8059 = LINE('',#8060,#8061);
#8060 = CARTESIAN_POINT('',(0.,0.));
#8061 = VECTOR('',#8062,1.);
#8062 = DIRECTION('',(1.,0.));
#8063 = ( GEOMETRIC_REPRESENTATION_CONTEXT(2) 
PARAMETRIC_REPRESENTATION_CONTEXT() REPRESENTATION_CONTEXT('2D SPACE',''
  ) );
#8064 = ORIENTED_EDGE('',*,*,#8065,.T.);
#8065 = EDGE_CURVE('',#8043,#7990,#8066,.T.);
#8066 = SURFACE_CURVE('',#8067,(#8071,#8078),.PCURVE_S1.);
#8067 = LINE('',#8068,#8069);
#8068 = CARTESIAN_POINT('',(-8.45,-15.,4.45));
#8069 = VECTOR('',#8070,1.);
#8070 = DIRECTION('',(0.,1.,0.));
#8071 = PCURVE('',#6759,#8072);
#8072 = DEFINITIONAL_REPRESENTATION('',(#8073),#8077);
#8073 = LINE('',#8074,#8075);
#8074 = CARTESIAN_POINT('',(0.,0.));
#8075 = VECTOR('',#8076,1.);
#8076 = DIRECTION('',(0.,-1.));
#8077 = ( GEOMETRIC_REPRESENTATION_CONTEXT(2) 
PARAMETRIC_REPRESENTATION_CONTEXT() REPRESENTATION_CONTEXT('2D SPACE',''
  ) );
#8078 = PCURVE('',#8005,#8079);
#8079 = DEFINITIONAL_REPRESENTATION('',(#8080),#8084);
#8080 = LINE('',#8081,#8082);
#8081 = CARTESIAN_POINT('',(0.,0.));
#8082 = VECTOR('',#8083,1.);
#8083 = DIRECTION('',(0.,1.));
#8084 = ( GEOMETRIC_REPRESENTATION_CONTEXT(2) 
PARAMETRIC_REPRESENTATION_CONTEXT() REPRESENTATION_CONTEXT('2D SPACE',''
  ) );
#8085 = ORIENTED_EDGE('',*,*,#8017,.T.);
#8086 = ORIENTED_EDGE('',*,*,#6744,.T.);
#8087 = ADVANCED_FACE('',(#8088),#6809,.T.);
#8088 = FACE_BOUND('',#8089,.T.);
#8089 = EDGE_LOOP('',(#8090,#8113,#8134,#8135));
#8090 = ORIENTED_EDGE('',*,*,#8091,.F.);
#8091 = EDGE_CURVE('',#8092,#6771,#8094,.T.);
#8092 = VERTEX_POINT('',#8093);
#8093 = CARTESIAN_POINT('',(-6.95,-15.,4.45));
#8094 = SURFACE_CURVE('',#8095,(#8099,#8106),.PCURVE_S1.);
#8095 = LINE('',#8096,#8097);
#8096 = CARTESIAN_POINT('',(-6.95,-15.,4.45));
#8097 = VECTOR('',#8098,1.);
#8098 = DIRECTION('',(0.,0.,1.));
#8099 = PCURVE('',#6809,#8100);
#8100 = DEFINITIONAL_REPRESENTATION('',(#8101),#8105);
#8101 = LINE('',#8102,#8103);
#8102 = CARTESIAN_POINT('',(0.,0.));
#8103 = VECTOR('',#8104,1.);
#8104 = DIRECTION('',(1.,0.));
#8105 = ( GEOMETRIC_REPRESENTATION_CONTEXT(2) 
PARAMETRIC_REPRESENTATION_CONTEXT() REPRESENTATION_CONTEXT('2D SPACE',''
  ) );
#8106 = PCURVE('',#6785,#8107);
#8107 = DEFINITIONAL_REPRESENTATION('',(#8108),#8112);
#8108 = LINE('',#8109,#8110);
#8109 = CARTESIAN_POINT('',(0.,1.5));
#8110 = VECTOR('',#8111,1.);
#8111 = DIRECTION('',(1.,0.));
#8112 = ( GEOMETRIC_REPRESENTATION_CONTEXT(2) 
PARAMETRIC_REPRESENTATION_CONTEXT() REPRESENTATION_CONTEXT('2D SPACE',''
  ) );
#8113 = ORIENTED_EDGE('',*,*,#8114,.T.);
#8114 = EDGE_CURVE('',#8092,#7967,#8115,.T.);
#8115 = SURFACE_CURVE('',#8116,(#8120,#8127),.PCURVE_S1.);
#8116 = LINE('',#8117,#8118);
#8117 = CARTESIAN_POINT('',(-6.95,-15.,4.45));
#8118 = VECTOR('',#8119,1.);
#8119 = DIRECTION('',(0.,1.,0.));
#8120 = PCURVE('',#6809,#8121);
#8121 = DEFINITIONAL_REPRESENTATION('',(#8122),#8126);
#8122 = LINE('',#8123,#8124);
#8123 = CARTESIAN_POINT('',(0.,0.));
#8124 = VECTOR('',#8125,1.);
#8125 = DIRECTION('',(0.,-1.));
#8126 = ( GEOMETRIC_REPRESENTATION_CONTEXT(2) 
PARAMETRIC_REPRESENTATION_CONTEXT() REPRESENTATION_CONTEXT('2D SPACE',''
  ) );
#8127 = PCURVE('',#8005,#8128);
#8128 = DEFINITIONAL_REPRESENTATION('',(#8129),#8133);
#8129 = LINE('',#8130,#8131);
#8130 = CARTESIAN_POINT('',(1.5,0.));
#8131 = VECTOR('',#8132,1.);
#8132 = DIRECTION('',(0.,1.));
#8133 = ( GEOMETRIC_REPRESENTATION_CONTEXT(2) 
PARAMETRIC_REPRESENTATION_CONTEXT() REPRESENTATION_CONTEXT('2D SPACE',''
  ) );
#8134 = ORIENTED_EDGE('',*,*,#7966,.T.);
#8135 = ORIENTED_EDGE('',*,*,#6796,.T.);
#8136 = ADVANCED_FACE('',(#8137),#6785,.F.);
#8137 = FACE_BOUND('',#8138,.F.);
#8138 = EDGE_LOOP('',(#8139,#8140,#8161,#8162));
#8139 = ORIENTED_EDGE('',*,*,#8091,.F.);
#8140 = ORIENTED_EDGE('',*,*,#8141,.F.);
#8141 = EDGE_CURVE('',#8043,#8092,#8142,.T.);
#8142 = SURFACE_CURVE('',#8143,(#8147,#8154),.PCURVE_S1.);
#8143 = LINE('',#8144,#8145);
#8144 = CARTESIAN_POINT('',(-8.45,-15.,4.45));
#8145 = VECTOR('',#8146,1.);
#8146 = DIRECTION('',(1.,0.,0.));
#8147 = PCURVE('',#6785,#8148);
#8148 = DEFINITIONAL_REPRESENTATION('',(#8149),#8153);
#8149 = LINE('',#8150,#8151);
#8150 = CARTESIAN_POINT('',(0.,0.));
#8151 = VECTOR('',#8152,1.);
#8152 = DIRECTION('',(0.,1.));
#8153 = ( GEOMETRIC_REPRESENTATION_CONTEXT(2) 
PARAMETRIC_REPRESENTATION_CONTEXT() REPRESENTATION_CONTEXT('2D SPACE',''
  ) );
#8154 = PCURVE('',#8005,#8155);
#8155 = DEFINITIONAL_REPRESENTATION('',(#8156),#8160);
#8156 = LINE('',#8157,#8158);
#8157 = CARTESIAN_POINT('',(0.,0.));
#8158 = VECTOR('',#8159,1.);
#8159 = DIRECTION('',(1.,0.));
#8160 = ( GEOMETRIC_REPRESENTATION_CONTEXT(2) 
PARAMETRIC_REPRESENTATION_CONTEXT() REPRESENTATION_CONTEXT('2D SPACE',''
  ) );
#8161 = ORIENTED_EDGE('',*,*,#8042,.T.);
#8162 = ORIENTED_EDGE('',*,*,#6770,.T.);
#8163 = ADVANCED_FACE('',(#8164),#6839,.T.);
#8164 = FACE_BOUND('',#8165,.T.);
#8165 = EDGE_LOOP('',(#8166,#8189,#8217,#8238));
#8166 = ORIENTED_EDGE('',*,*,#8167,.F.);
#8167 = EDGE_CURVE('',#8168,#6825,#8170,.T.);
#8168 = VERTEX_POINT('',#8169);
#8169 = CARTESIAN_POINT('',(-6.95,-8.,4.45));
#8170 = SURFACE_CURVE('',#8171,(#8175,#8182),.PCURVE_S1.);
#8171 = LINE('',#8172,#8173);
#8172 = CARTESIAN_POINT('',(-6.95,-8.,4.45));
#8173 = VECTOR('',#8174,1.);
#8174 = DIRECTION('',(0.,0.,1.));
#8175 = PCURVE('',#6839,#8176);
#8176 = DEFINITIONAL_REPRESENTATION('',(#8177),#8181);
#8177 = LINE('',#8178,#8179);
#8178 = CARTESIAN_POINT('',(0.,1.5));
#8179 = VECTOR('',#8180,1.);
#8180 = DIRECTION('',(1.,0.));
#8181 = ( GEOMETRIC_REPRESENTATION_CONTEXT(2) 
PARAMETRIC_REPRESENTATION_CONTEXT() REPRESENTATION_CONTEXT('2D SPACE',''
  ) );
#8182 = PCURVE('',#6915,#8183);
#8183 = DEFINITIONAL_REPRESENTATION('',(#8184),#8188);
#8184 = LINE('',#8185,#8186);
#8185 = CARTESIAN_POINT('',(0.,-2.));
#8186 = VECTOR('',#8187,1.);
#8187 = DIRECTION('',(1.,0.));
#8188 = ( GEOMETRIC_REPRESENTATION_CONTEXT(2) 
PARAMETRIC_REPRESENTATION_CONTEXT() REPRESENTATION_CONTEXT('2D SPACE',''
  ) );
#8189 = ORIENTED_EDGE('',*,*,#8190,.F.);
#8190 = EDGE_CURVE('',#8191,#8168,#8193,.T.);
#8191 = VERTEX_POINT('',#8192);
#8192 = CARTESIAN_POINT('',(-8.45,-8.,4.45));
#8193 = SURFACE_CURVE('',#8194,(#8198,#8205),.PCURVE_S1.);
#8194 = LINE('',#8195,#8196);
#8195 = CARTESIAN_POINT('',(-8.45,-8.,4.45));
#8196 = VECTOR('',#8197,1.);
#8197 = DIRECTION('',(1.,0.,0.));
#8198 = PCURVE('',#6839,#8199);
#8199 = DEFINITIONAL_REPRESENTATION('',(#8200),#8204);
#8200 = LINE('',#8201,#8202);
#8201 = CARTESIAN_POINT('',(0.,0.));
#8202 = VECTOR('',#8203,1.);
#8203 = DIRECTION('',(0.,1.));
#8204 = ( GEOMETRIC_REPRESENTATION_CONTEXT(2) 
PARAMETRIC_REPRESENTATION_CONTEXT() REPRESENTATION_CONTEXT('2D SPACE',''
  ) );
#8205 = PCURVE('',#8206,#8211);
#8206 = PLANE('',#8207);
#8207 = AXIS2_PLACEMENT_3D('',#8208,#8209,#8210);
#8208 = CARTESIAN_POINT('',(-8.45,-10.,4.45));
#8209 = DIRECTION('',(0.,0.,1.));
#8210 = DIRECTION('',(1.,0.,0.));
#8211 = DEFINITIONAL_REPRESENTATION('',(#8212),#8216);
#8212 = LINE('',#8213,#8214);
#8213 = CARTESIAN_POINT('',(0.,2.));
#8214 = VECTOR('',#8215,1.);
#8215 = DIRECTION('',(1.,0.));
#8216 = ( GEOMETRIC_REPRESENTATION_CONTEXT(2) 
PARAMETRIC_REPRESENTATION_CONTEXT() REPRESENTATION_CONTEXT('2D SPACE',''
  ) );
#8217 = ORIENTED_EDGE('',*,*,#8218,.T.);
#8218 = EDGE_CURVE('',#8191,#6823,#8219,.T.);
#8219 = SURFACE_CURVE('',#8220,(#8224,#8231),.PCURVE_S1.);
#8220 = LINE('',#8221,#8222);
#8221 = CARTESIAN_POINT('',(-8.45,-8.,4.45));
#8222 = VECTOR('',#8223,1.);
#8223 = DIRECTION('',(0.,0.,1.));
#8224 = PCURVE('',#6839,#8225);
#8225 = DEFINITIONAL_REPRESENTATION('',(#8226),#8230);
#8226 = LINE('',#8227,#8228);
#8227 = CARTESIAN_POINT('',(0.,0.));
#8228 = VECTOR('',#8229,1.);
#8229 = DIRECTION('',(1.,0.));
#8230 = ( GEOMETRIC_REPRESENTATION_CONTEXT(2) 
PARAMETRIC_REPRESENTATION_CONTEXT() REPRESENTATION_CONTEXT('2D SPACE',''
  ) );
#8231 = PCURVE('',#6865,#8232);
#8232 = DEFINITIONAL_REPRESENTATION('',(#8233),#8237);
#8233 = LINE('',#8234,#8235);
#8234 = CARTESIAN_POINT('',(0.,-2.));
#8235 = VECTOR('',#8236,1.);
#8236 = DIRECTION('',(1.,0.));
#8237 = ( GEOMETRIC_REPRESENTATION_CONTEXT(2) 
PARAMETRIC_REPRESENTATION_CONTEXT() REPRESENTATION_CONTEXT('2D SPACE',''
  ) );
#8238 = ORIENTED_EDGE('',*,*,#6822,.T.);
#8239 = ADVANCED_FACE('',(#8240),#6865,.F.);
#8240 = FACE_BOUND('',#8241,.F.);
#8241 = EDGE_LOOP('',(#8242,#8265,#8286,#8287));
#8242 = ORIENTED_EDGE('',*,*,#8243,.F.);
#8243 = EDGE_CURVE('',#8244,#6851,#8246,.T.);
#8244 = VERTEX_POINT('',#8245);
#8245 = CARTESIAN_POINT('',(-8.45,-10.,4.45));
#8246 = SURFACE_CURVE('',#8247,(#8251,#8258),.PCURVE_S1.);
#8247 = LINE('',#8248,#8249);
#8248 = CARTESIAN_POINT('',(-8.45,-10.,4.45));
#8249 = VECTOR('',#8250,1.);
#8250 = DIRECTION('',(0.,0.,1.));
#8251 = PCURVE('',#6865,#8252);
#8252 = DEFINITIONAL_REPRESENTATION('',(#8253),#8257);
#8253 = LINE('',#8254,#8255);
#8254 = CARTESIAN_POINT('',(0.,0.));
#8255 = VECTOR('',#8256,1.);
#8256 = DIRECTION('',(1.,0.));
#8257 = ( GEOMETRIC_REPRESENTATION_CONTEXT(2) 
PARAMETRIC_REPRESENTATION_CONTEXT() REPRESENTATION_CONTEXT('2D SPACE',''
  ) );
#8258 = PCURVE('',#6891,#8259);
#8259 = DEFINITIONAL_REPRESENTATION('',(#8260),#8264);
#8260 = LINE('',#8261,#8262);
#8261 = CARTESIAN_POINT('',(0.,0.));
#8262 = VECTOR('',#8263,1.);
#8263 = DIRECTION('',(1.,0.));
#8264 = ( GEOMETRIC_REPRESENTATION_CONTEXT(2) 
PARAMETRIC_REPRESENTATION_CONTEXT() REPRESENTATION_CONTEXT('2D SPACE',''
  ) );
#8265 = ORIENTED_EDGE('',*,*,#8266,.T.);
#8266 = EDGE_CURVE('',#8244,#8191,#8267,.T.);
#8267 = SURFACE_CURVE('',#8268,(#8272,#8279),.PCURVE_S1.);
#8268 = LINE('',#8269,#8270);
#8269 = CARTESIAN_POINT('',(-8.45,-10.,4.45));
#8270 = VECTOR('',#8271,1.);
#8271 = DIRECTION('',(0.,1.,0.));
#8272 = PCURVE('',#6865,#8273);
#8273 = DEFINITIONAL_REPRESENTATION('',(#8274),#8278);
#8274 = LINE('',#8275,#8276);
#8275 = CARTESIAN_POINT('',(0.,0.));
#8276 = VECTOR('',#8277,1.);
#8277 = DIRECTION('',(0.,-1.));
#8278 = ( GEOMETRIC_REPRESENTATION_CONTEXT(2) 
PARAMETRIC_REPRESENTATION_CONTEXT() REPRESENTATION_CONTEXT('2D SPACE',''
  ) );
#8279 = PCURVE('',#8206,#8280);
#8280 = DEFINITIONAL_REPRESENTATION('',(#8281),#8285);
#8281 = LINE('',#8282,#8283);
#8282 = CARTESIAN_POINT('',(0.,0.));
#8283 = VECTOR('',#8284,1.);
#8284 = DIRECTION('',(0.,1.));
#8285 = ( GEOMETRIC_REPRESENTATION_CONTEXT(2) 
PARAMETRIC_REPRESENTATION_CONTEXT() REPRESENTATION_CONTEXT('2D SPACE',''
  ) );
#8286 = ORIENTED_EDGE('',*,*,#8218,.T.);
#8287 = ORIENTED_EDGE('',*,*,#6850,.T.);
#8288 = ADVANCED_FACE('',(#8289),#6915,.T.);
#8289 = FACE_BOUND('',#8290,.T.);
#8290 = EDGE_LOOP('',(#8291,#8314,#8335,#8336));
#8291 = ORIENTED_EDGE('',*,*,#8292,.F.);
#8292 = EDGE_CURVE('',#8293,#6877,#8295,.T.);
#8293 = VERTEX_POINT('',#8294);
#8294 = CARTESIAN_POINT('',(-6.95,-10.,4.45));
#8295 = SURFACE_CURVE('',#8296,(#8300,#8307),.PCURVE_S1.);
#8296 = LINE('',#8297,#8298);
#8297 = CARTESIAN_POINT('',(-6.95,-10.,4.45));
#8298 = VECTOR('',#8299,1.);
#8299 = DIRECTION('',(0.,0.,1.));
#8300 = PCURVE('',#6915,#8301);
#8301 = DEFINITIONAL_REPRESENTATION('',(#8302),#8306);
#8302 = LINE('',#8303,#8304);
#8303 = CARTESIAN_POINT('',(0.,0.));
#8304 = VECTOR('',#8305,1.);
#8305 = DIRECTION('',(1.,0.));
#8306 = ( GEOMETRIC_REPRESENTATION_CONTEXT(2) 
PARAMETRIC_REPRESENTATION_CONTEXT() REPRESENTATION_CONTEXT('2D SPACE',''
  ) );
#8307 = PCURVE('',#6891,#8308);
#8308 = DEFINITIONAL_REPRESENTATION('',(#8309),#8313);
#8309 = LINE('',#8310,#8311);
#8310 = CARTESIAN_POINT('',(0.,1.5));
#8311 = VECTOR('',#8312,1.);
#8312 = DIRECTION('',(1.,0.));
#8313 = ( GEOMETRIC_REPRESENTATION_CONTEXT(2) 
PARAMETRIC_REPRESENTATION_CONTEXT() REPRESENTATION_CONTEXT('2D SPACE',''
  ) );
#8314 = ORIENTED_EDGE('',*,*,#8315,.T.);
#8315 = EDGE_CURVE('',#8293,#8168,#8316,.T.);
#8316 = SURFACE_CURVE('',#8317,(#8321,#8328),.PCURVE_S1.);
#8317 = LINE('',#8318,#8319);
#8318 = CARTESIAN_POINT('',(-6.95,-10.,4.45));
#8319 = VECTOR('',#8320,1.);
#8320 = DIRECTION('',(0.,1.,0.));
#8321 = PCURVE('',#6915,#8322);
#8322 = DEFINITIONAL_REPRESENTATION('',(#8323),#8327);
#8323 = LINE('',#8324,#8325);
#8324 = CARTESIAN_POINT('',(0.,0.));
#8325 = VECTOR('',#8326,1.);
#8326 = DIRECTION('',(0.,-1.));
#8327 = ( GEOMETRIC_REPRESENTATION_CONTEXT(2) 
PARAMETRIC_REPRESENTATION_CONTEXT() REPRESENTATION_CONTEXT('2D SPACE',''
  ) );
#8328 = PCURVE('',#8206,#8329);
#8329 = DEFINITIONAL_REPRESENTATION('',(#8330),#8334);
#8330 = LINE('',#8331,#8332);
#8331 = CARTESIAN_POINT('',(1.5,0.));
#8332 = VECTOR('',#8333,1.);
#8333 = DIRECTION('',(0.,1.));
#8334 = ( GEOMETRIC_REPRESENTATION_CONTEXT(2) 
PARAMETRIC_REPRESENTATION_CONTEXT() REPRESENTATION_CONTEXT('2D SPACE',''
  ) );
#8335 = ORIENTED_EDGE('',*,*,#8167,.T.);
#8336 = ORIENTED_EDGE('',*,*,#6902,.T.);
#8337 = ADVANCED_FACE('',(#8338),#6891,.F.);
#8338 = FACE_BOUND('',#8339,.F.);
#8339 = EDGE_LOOP('',(#8340,#8341,#8362,#8363));
#8340 = ORIENTED_EDGE('',*,*,#8292,.F.);
#8341 = ORIENTED_EDGE('',*,*,#8342,.F.);
#8342 = EDGE_CURVE('',#8244,#8293,#8343,.T.);
#8343 = SURFACE_CURVE('',#8344,(#8348,#8355),.PCURVE_S1.);
#8344 = LINE('',#8345,#8346);
#8345 = CARTESIAN_POINT('',(-8.45,-10.,4.45));
#8346 = VECTOR('',#8347,1.);
#8347 = DIRECTION('',(1.,0.,0.));
#8348 = PCURVE('',#6891,#8349);
#8349 = DEFINITIONAL_REPRESENTATION('',(#8350),#8354);
#8350 = LINE('',#8351,#8352);
#8351 = CARTESIAN_POINT('',(0.,0.));
#8352 = VECTOR('',#8353,1.);
#8353 = DIRECTION('',(0.,1.));
#8354 = ( GEOMETRIC_REPRESENTATION_CONTEXT(2) 
PARAMETRIC_REPRESENTATION_CONTEXT() REPRESENTATION_CONTEXT('2D SPACE',''
  ) );
#8355 = PCURVE('',#8206,#8356);
#8356 = DEFINITIONAL_REPRESENTATION('',(#8357),#8361);
#8357 = LINE('',#8358,#8359);
#8358 = CARTESIAN_POINT('',(0.,0.));
#8359 = VECTOR('',#8360,1.);
#8360 = DIRECTION('',(1.,0.));
#8361 = ( GEOMETRIC_REPRESENTATION_CONTEXT(2) 
PARAMETRIC_REPRESENTATION_CONTEXT() REPRESENTATION_CONTEXT('2D SPACE',''
  ) );
#8362 = ORIENTED_EDGE('',*,*,#8243,.T.);
#8363 = ORIENTED_EDGE('',*,*,#6876,.T.);
#8364 = ADVANCED_FACE('',(#8365),#6945,.F.);
#8365 = FACE_BOUND('',#8366,.F.);
#8366 = EDGE_LOOP('',(#8367,#8388,#8389,#8410));
#8367 = ORIENTED_EDGE('',*,*,#8368,.F.);
#8368 = EDGE_CURVE('',#6931,#7924,#8369,.T.);
#8369 = SURFACE_CURVE('',#8370,(#8374,#8381),.PCURVE_S1.);
#8370 = LINE('',#8371,#8372);
#8371 = CARTESIAN_POINT('',(7.05,11.55,11.9));
#8372 = VECTOR('',#8373,1.);
#8373 = DIRECTION('',(0.,0.,1.));
#8374 = PCURVE('',#6945,#8375);
#8375 = DEFINITIONAL_REPRESENTATION('',(#8376),#8380);
#8376 = LINE('',#8377,#8378);
#8377 = CARTESIAN_POINT('',(0.,14.1));
#8378 = VECTOR('',#8379,1.);
#8379 = DIRECTION('',(1.,0.));
#8380 = ( GEOMETRIC_REPRESENTATION_CONTEXT(2) 
PARAMETRIC_REPRESENTATION_CONTEXT() REPRESENTATION_CONTEXT('2D SPACE',''
  ) );
#8381 = PCURVE('',#7021,#8382);
#8382 = DEFINITIONAL_REPRESENTATION('',(#8383),#8387);
#8383 = LINE('',#8384,#8385);
#8384 = CARTESIAN_POINT('',(0.,-14.1));
#8385 = VECTOR('',#8386,1.);
#8386 = DIRECTION('',(1.,0.));
#8387 = ( GEOMETRIC_REPRESENTATION_CONTEXT(2) 
PARAMETRIC_REPRESENTATION_CONTEXT() REPRESENTATION_CONTEXT('2D SPACE',''
  ) );
#8388 = ORIENTED_EDGE('',*,*,#6928,.F.);
#8389 = ORIENTED_EDGE('',*,*,#8390,.T.);
#8390 = EDGE_CURVE('',#6929,#7903,#8391,.T.);
#8391 = SURFACE_CURVE('',#8392,(#8396,#8403),.PCURVE_S1.);
#8392 = LINE('',#8393,#8394);
#8393 = CARTESIAN_POINT('',(-7.05,11.55,11.9));
#8394 = VECTOR('',#8395,1.);
#8395 = DIRECTION('',(0.,0.,1.));
#8396 = PCURVE('',#6945,#8397);
#8397 = DEFINITIONAL_REPRESENTATION('',(#8398),#8402);
#8398 = LINE('',#8399,#8400);
#8399 = CARTESIAN_POINT('',(0.,0.));
#8400 = VECTOR('',#8401,1.);
#8401 = DIRECTION('',(1.,0.));
#8402 = ( GEOMETRIC_REPRESENTATION_CONTEXT(2) 
PARAMETRIC_REPRESENTATION_CONTEXT() REPRESENTATION_CONTEXT('2D SPACE',''
  ) );
#8403 = PCURVE('',#6971,#8404);
#8404 = DEFINITIONAL_REPRESENTATION('',(#8405),#8409);
#8405 = LINE('',#8406,#8407);
#8406 = CARTESIAN_POINT('',(0.,-14.1));
#8407 = VECTOR('',#8408,1.);
#8408 = DIRECTION('',(1.,0.));
#8409 = ( GEOMETRIC_REPRESENTATION_CONTEXT(2) 
PARAMETRIC_REPRESENTATION_CONTEXT() REPRESENTATION_CONTEXT('2D SPACE',''
  ) );
#8410 = ORIENTED_EDGE('',*,*,#7923,.F.);
#8411 = ADVANCED_FACE('',(#8412),#6971,.T.);
#8412 = FACE_BOUND('',#8413,.T.);
#8413 = EDGE_LOOP('',(#8414,#8435,#8436,#8437));
#8414 = ORIENTED_EDGE('',*,*,#8415,.F.);
#8415 = EDGE_CURVE('',#6957,#7882,#8416,.T.);
#8416 = SURFACE_CURVE('',#8417,(#8421,#8428),.PCURVE_S1.);
#8417 = LINE('',#8418,#8419);
#8418 = CARTESIAN_POINT('',(-7.05,-2.55,11.9));
#8419 = VECTOR('',#8420,1.);
#8420 = DIRECTION('',(0.,0.,1.));
#8421 = PCURVE('',#6971,#8422);
#8422 = DEFINITIONAL_REPRESENTATION('',(#8423),#8427);
#8423 = LINE('',#8424,#8425);
#8424 = CARTESIAN_POINT('',(0.,0.));
#8425 = VECTOR('',#8426,1.);
#8426 = DIRECTION('',(1.,0.));
#8427 = ( GEOMETRIC_REPRESENTATION_CONTEXT(2) 
PARAMETRIC_REPRESENTATION_CONTEXT() REPRESENTATION_CONTEXT('2D SPACE',''
  ) );
#8428 = PCURVE('',#6997,#8429);
#8429 = DEFINITIONAL_REPRESENTATION('',(#8430),#8434);
#8430 = LINE('',#8431,#8432);
#8431 = CARTESIAN_POINT('',(0.,0.));
#8432 = VECTOR('',#8433,1.);
#8433 = DIRECTION('',(1.,0.));
#8434 = ( GEOMETRIC_REPRESENTATION_CONTEXT(2) 
PARAMETRIC_REPRESENTATION_CONTEXT() REPRESENTATION_CONTEXT('2D SPACE',''
  ) );
#8435 = ORIENTED_EDGE('',*,*,#6956,.F.);
#8436 = ORIENTED_EDGE('',*,*,#8390,.T.);
#8437 = ORIENTED_EDGE('',*,*,#7902,.F.);
#8438 = ADVANCED_FACE('',(#8439),#7021,.F.);
#8439 = FACE_BOUND('',#8440,.F.);
#8440 = EDGE_LOOP('',(#8441,#8462,#8463,#8464));
#8441 = ORIENTED_EDGE('',*,*,#8442,.F.);
#8442 = EDGE_CURVE('',#6983,#7880,#8443,.T.);
#8443 = SURFACE_CURVE('',#8444,(#8448,#8455),.PCURVE_S1.);
#8444 = LINE('',#8445,#8446);
#8445 = CARTESIAN_POINT('',(7.05,-2.55,11.9));
#8446 = VECTOR('',#8447,1.);
#8447 = DIRECTION('',(0.,0.,1.));
#8448 = PCURVE('',#7021,#8449);
#8449 = DEFINITIONAL_REPRESENTATION('',(#8450),#8454);
#8450 = LINE('',#8451,#8452);
#8451 = CARTESIAN_POINT('',(0.,0.));
#8452 = VECTOR('',#8453,1.);
#8453 = DIRECTION('',(1.,0.));
#8454 = ( GEOMETRIC_REPRESENTATION_CONTEXT(2) 
PARAMETRIC_REPRESENTATION_CONTEXT() REPRESENTATION_CONTEXT('2D SPACE',''
  ) );
#8455 = PCURVE('',#6997,#8456);
#8456 = DEFINITIONAL_REPRESENTATION('',(#8457),#8461);
#8457 = LINE('',#8458,#8459);
#8458 = CARTESIAN_POINT('',(0.,14.1));
#8459 = VECTOR('',#8460,1.);
#8460 = DIRECTION('',(1.,0.));
#8461 = ( GEOMETRIC_REPRESENTATION_CONTEXT(2) 
PARAMETRIC_REPRESENTATION_CONTEXT() REPRESENTATION_CONTEXT('2D SPACE',''
  ) );
#8462 = ORIENTED_EDGE('',*,*,#7008,.F.);
#8463 = ORIENTED_EDGE('',*,*,#8368,.T.);
#8464 = ORIENTED_EDGE('',*,*,#7944,.F.);
#8465 = ADVANCED_FACE('',(#8466),#6997,.T.);
#8466 = FACE_BOUND('',#8467,.T.);
#8467 = EDGE_LOOP('',(#8468,#8469,#8470,#8471));
#8468 = ORIENTED_EDGE('',*,*,#8442,.F.);
#8469 = ORIENTED_EDGE('',*,*,#6982,.F.);
#8470 = ORIENTED_EDGE('',*,*,#8415,.T.);
#8471 = ORIENTED_EDGE('',*,*,#7879,.F.);
#8472 = ADVANCED_FACE('',(#8473),#7051,.T.);
#8473 = FACE_BOUND('',#8474,.T.);
#8474 = EDGE_LOOP('',(#8475,#8498,#8526,#8547));
#8475 = ORIENTED_EDGE('',*,*,#8476,.F.);
#8476 = EDGE_CURVE('',#8477,#7037,#8479,.T.);
#8477 = VERTEX_POINT('',#8478);
#8478 = CARTESIAN_POINT('',(8.45,-8.,4.45));
#8479 = SURFACE_CURVE('',#8480,(#8484,#8491),.PCURVE_S1.);
#8480 = LINE('',#8481,#8482);
#8481 = CARTESIAN_POINT('',(8.45,-8.,4.45));
#8482 = VECTOR('',#8483,1.);
#8483 = DIRECTION('',(0.,0.,1.));
#8484 = PCURVE('',#7051,#8485);
#8485 = DEFINITIONAL_REPRESENTATION('',(#8486),#8490);
#8486 = LINE('',#8487,#8488);
#8487 = CARTESIAN_POINT('',(0.,1.5));
#8488 = VECTOR('',#8489,1.);
#8489 = DIRECTION('',(1.,0.));
#8490 = ( GEOMETRIC_REPRESENTATION_CONTEXT(2) 
PARAMETRIC_REPRESENTATION_CONTEXT() REPRESENTATION_CONTEXT('2D SPACE',''
  ) );
#8491 = PCURVE('',#7127,#8492);
#8492 = DEFINITIONAL_REPRESENTATION('',(#8493),#8497);
#8493 = LINE('',#8494,#8495);
#8494 = CARTESIAN_POINT('',(0.,-2.));
#8495 = VECTOR('',#8496,1.);
#8496 = DIRECTION('',(1.,0.));
#8497 = ( GEOMETRIC_REPRESENTATION_CONTEXT(2) 
PARAMETRIC_REPRESENTATION_CONTEXT() REPRESENTATION_CONTEXT('2D SPACE',''
  ) );
#8498 = ORIENTED_EDGE('',*,*,#8499,.F.);
#8499 = EDGE_CURVE('',#8500,#8477,#8502,.T.);
#8500 = VERTEX_POINT('',#8501);
#8501 = CARTESIAN_POINT('',(6.95,-8.,4.45));
#8502 = SURFACE_CURVE('',#8503,(#8507,#8514),.PCURVE_S1.);
#8503 = LINE('',#8504,#8505);
#8504 = CARTESIAN_POINT('',(6.95,-8.,4.45));
#8505 = VECTOR('',#8506,1.);
#8506 = DIRECTION('',(1.,0.,0.));
#8507 = PCURVE('',#7051,#8508);
#8508 = DEFINITIONAL_REPRESENTATION('',(#8509),#8513);
#8509 = LINE('',#8510,#8511);
#8510 = CARTESIAN_POINT('',(0.,0.));
#8511 = VECTOR('',#8512,1.);
#8512 = DIRECTION('',(0.,1.));
#8513 = ( GEOMETRIC_REPRESENTATION_CONTEXT(2) 
PARAMETRIC_REPRESENTATION_CONTEXT() REPRESENTATION_CONTEXT('2D SPACE',''
  ) );
#8514 = PCURVE('',#8515,#8520);
#8515 = PLANE('',#8516);
#8516 = AXIS2_PLACEMENT_3D('',#8517,#8518,#8519);
#8517 = CARTESIAN_POINT('',(6.95,-10.,4.45));
#8518 = DIRECTION('',(0.,0.,1.));
#8519 = DIRECTION('',(1.,0.,0.));
#8520 = DEFINITIONAL_REPRESENTATION('',(#8521),#8525);
#8521 = LINE('',#8522,#8523);
#8522 = CARTESIAN_POINT('',(0.,2.));
#8523 = VECTOR('',#8524,1.);
#8524 = DIRECTION('',(1.,0.));
#8525 = ( GEOMETRIC_REPRESENTATION_CONTEXT(2) 
PARAMETRIC_REPRESENTATION_CONTEXT() REPRESENTATION_CONTEXT('2D SPACE',''
  ) );
#8526 = ORIENTED_EDGE('',*,*,#8527,.T.);
#8527 = EDGE_CURVE('',#8500,#7035,#8528,.T.);
#8528 = SURFACE_CURVE('',#8529,(#8533,#8540),.PCURVE_S1.);
#8529 = LINE('',#8530,#8531);
#8530 = CARTESIAN_POINT('',(6.95,-8.,4.45));
#8531 = VECTOR('',#8532,1.);
#8532 = DIRECTION('',(0.,0.,1.));
#8533 = PCURVE('',#7051,#8534);
#8534 = DEFINITIONAL_REPRESENTATION('',(#8535),#8539);
#8535 = LINE('',#8536,#8537);
#8536 = CARTESIAN_POINT('',(0.,0.));
#8537 = VECTOR('',#8538,1.);
#8538 = DIRECTION('',(1.,0.));
#8539 = ( GEOMETRIC_REPRESENTATION_CONTEXT(2) 
PARAMETRIC_REPRESENTATION_CONTEXT() REPRESENTATION_CONTEXT('2D SPACE',''
  ) );
#8540 = PCURVE('',#7077,#8541);
#8541 = DEFINITIONAL_REPRESENTATION('',(#8542),#8546);
#8542 = LINE('',#8543,#8544);
#8543 = CARTESIAN_POINT('',(0.,-2.));
#8544 = VECTOR('',#8545,1.);
#8545 = DIRECTION('',(1.,0.));
#8546 = ( GEOMETRIC_REPRESENTATION_CONTEXT(2) 
PARAMETRIC_REPRESENTATION_CONTEXT() REPRESENTATION_CONTEXT('2D SPACE',''
  ) );
#8547 = ORIENTED_EDGE('',*,*,#7034,.T.);
#8548 = ADVANCED_FACE('',(#8549),#7127,.T.);
#8549 = FACE_BOUND('',#8550,.T.);
#8550 = EDGE_LOOP('',(#8551,#8574,#8595,#8596));
#8551 = ORIENTED_EDGE('',*,*,#8552,.F.);
#8552 = EDGE_CURVE('',#8553,#7089,#8555,.T.);
#8553 = VERTEX_POINT('',#8554);
#8554 = CARTESIAN_POINT('',(8.45,-10.,4.45));
#8555 = SURFACE_CURVE('',#8556,(#8560,#8567),.PCURVE_S1.);
#8556 = LINE('',#8557,#8558);
#8557 = CARTESIAN_POINT('',(8.45,-10.,4.45));
#8558 = VECTOR('',#8559,1.);
#8559 = DIRECTION('',(0.,0.,1.));
#8560 = PCURVE('',#7127,#8561);
#8561 = DEFINITIONAL_REPRESENTATION('',(#8562),#8566);
#8562 = LINE('',#8563,#8564);
#8563 = CARTESIAN_POINT('',(0.,0.));
#8564 = VECTOR('',#8565,1.);
#8565 = DIRECTION('',(1.,0.));
#8566 = ( GEOMETRIC_REPRESENTATION_CONTEXT(2) 
PARAMETRIC_REPRESENTATION_CONTEXT() REPRESENTATION_CONTEXT('2D SPACE',''
  ) );
#8567 = PCURVE('',#7103,#8568);
#8568 = DEFINITIONAL_REPRESENTATION('',(#8569),#8573);
#8569 = LINE('',#8570,#8571);
#8570 = CARTESIAN_POINT('',(0.,1.5));
#8571 = VECTOR('',#8572,1.);
#8572 = DIRECTION('',(1.,0.));
#8573 = ( GEOMETRIC_REPRESENTATION_CONTEXT(2) 
PARAMETRIC_REPRESENTATION_CONTEXT() REPRESENTATION_CONTEXT('2D SPACE',''
  ) );
#8574 = ORIENTED_EDGE('',*,*,#8575,.T.);
#8575 = EDGE_CURVE('',#8553,#8477,#8576,.T.);
#8576 = SURFACE_CURVE('',#8577,(#8581,#8588),.PCURVE_S1.);
#8577 = LINE('',#8578,#8579);
#8578 = CARTESIAN_POINT('',(8.45,-10.,4.45));
#8579 = VECTOR('',#8580,1.);
#8580 = DIRECTION('',(0.,1.,0.));
#8581 = PCURVE('',#7127,#8582);
#8582 = DEFINITIONAL_REPRESENTATION('',(#8583),#8587);
#8583 = LINE('',#8584,#8585);
#8584 = CARTESIAN_POINT('',(0.,0.));
#8585 = VECTOR('',#8586,1.);
#8586 = DIRECTION('',(0.,-1.));
#8587 = ( GEOMETRIC_REPRESENTATION_CONTEXT(2) 
PARAMETRIC_REPRESENTATION_CONTEXT() REPRESENTATION_CONTEXT('2D SPACE',''
  ) );
#8588 = PCURVE('',#8515,#8589);
#8589 = DEFINITIONAL_REPRESENTATION('',(#8590),#8594);
#8590 = LINE('',#8591,#8592);
#8591 = CARTESIAN_POINT('',(1.5,0.));
#8592 = VECTOR('',#8593,1.);
#8593 = DIRECTION('',(0.,1.));
#8594 = ( GEOMETRIC_REPRESENTATION_CONTEXT(2) 
PARAMETRIC_REPRESENTATION_CONTEXT() REPRESENTATION_CONTEXT('2D SPACE',''
  ) );
#8595 = ORIENTED_EDGE('',*,*,#8476,.T.);
#8596 = ORIENTED_EDGE('',*,*,#7114,.T.);
#8597 = ADVANCED_FACE('',(#8598),#7103,.F.);
#8598 = FACE_BOUND('',#8599,.F.);
#8599 = EDGE_LOOP('',(#8600,#8601,#8624,#8645));
#8600 = ORIENTED_EDGE('',*,*,#8552,.F.);
#8601 = ORIENTED_EDGE('',*,*,#8602,.F.);
#8602 = EDGE_CURVE('',#8603,#8553,#8605,.T.);
#8603 = VERTEX_POINT('',#8604);
#8604 = CARTESIAN_POINT('',(6.95,-10.,4.45));
#8605 = SURFACE_CURVE('',#8606,(#8610,#8617),.PCURVE_S1.);
#8606 = LINE('',#8607,#8608);
#8607 = CARTESIAN_POINT('',(6.95,-10.,4.45));
#8608 = VECTOR('',#8609,1.);
#8609 = DIRECTION('',(1.,0.,0.));
#8610 = PCURVE('',#7103,#8611);
#8611 = DEFINITIONAL_REPRESENTATION('',(#8612),#8616);
#8612 = LINE('',#8613,#8614);
#8613 = CARTESIAN_POINT('',(0.,0.));
#8614 = VECTOR('',#8615,1.);
#8615 = DIRECTION('',(0.,1.));
#8616 = ( GEOMETRIC_REPRESENTATION_CONTEXT(2) 
PARAMETRIC_REPRESENTATION_CONTEXT() REPRESENTATION_CONTEXT('2D SPACE',''
  ) );
#8617 = PCURVE('',#8515,#8618);
#8618 = DEFINITIONAL_REPRESENTATION('',(#8619),#8623);
#8619 = LINE('',#8620,#8621);
#8620 = CARTESIAN_POINT('',(0.,0.));
#8621 = VECTOR('',#8622,1.);
#8622 = DIRECTION('',(1.,0.));
#8623 = ( GEOMETRIC_REPRESENTATION_CONTEXT(2) 
PARAMETRIC_REPRESENTATION_CONTEXT() REPRESENTATION_CONTEXT('2D SPACE',''
  ) );
#8624 = ORIENTED_EDGE('',*,*,#8625,.T.);
#8625 = EDGE_CURVE('',#8603,#7063,#8626,.T.);
#8626 = SURFACE_CURVE('',#8627,(#8631,#8638),.PCURVE_S1.);
#8627 = LINE('',#8628,#8629);
#8628 = CARTESIAN_POINT('',(6.95,-10.,4.45));
#8629 = VECTOR('',#8630,1.);
#8630 = DIRECTION('',(0.,0.,1.));
#8631 = PCURVE('',#7103,#8632);
#8632 = DEFINITIONAL_REPRESENTATION('',(#8633),#8637);
#8633 = LINE('',#8634,#8635);
#8634 = CARTESIAN_POINT('',(0.,0.));
#8635 = VECTOR('',#8636,1.);
#8636 = DIRECTION('',(1.,0.));
#8637 = ( GEOMETRIC_REPRESENTATION_CONTEXT(2) 
PARAMETRIC_REPRESENTATION_CONTEXT() REPRESENTATION_CONTEXT('2D SPACE',''
  ) );
#8638 = PCURVE('',#7077,#8639);
#8639 = DEFINITIONAL_REPRESENTATION('',(#8640),#8644);
#8640 = LINE('',#8641,#8642);
#8641 = CARTESIAN_POINT('',(0.,0.));
#8642 = VECTOR('',#8643,1.);
#8643 = DIRECTION('',(1.,0.));
#8644 = ( GEOMETRIC_REPRESENTATION_CONTEXT(2) 
PARAMETRIC_REPRESENTATION_CONTEXT() REPRESENTATION_CONTEXT('2D SPACE',''
  ) );
#8645 = ORIENTED_EDGE('',*,*,#7088,.T.);
#8646 = ADVANCED_FACE('',(#8647),#7077,.F.);
#8647 = FACE_BOUND('',#8648,.F.);
#8648 = EDGE_LOOP('',(#8649,#8650,#8671,#8672));
#8649 = ORIENTED_EDGE('',*,*,#8625,.F.);
#8650 = ORIENTED_EDGE('',*,*,#8651,.T.);
#8651 = EDGE_CURVE('',#8603,#8500,#8652,.T.);
#8652 = SURFACE_CURVE('',#8653,(#8657,#8664),.PCURVE_S1.);
#8653 = LINE('',#8654,#8655);
#8654 = CARTESIAN_POINT('',(6.95,-10.,4.45));
#8655 = VECTOR('',#8656,1.);
#8656 = DIRECTION('',(0.,1.,0.));
#8657 = PCURVE('',#7077,#8658);
#8658 = DEFINITIONAL_REPRESENTATION('',(#8659),#8663);
#8659 = LINE('',#8660,#8661);
#8660 = CARTESIAN_POINT('',(0.,0.));
#8661 = VECTOR('',#8662,1.);
#8662 = DIRECTION('',(0.,-1.));
#8663 = ( GEOMETRIC_REPRESENTATION_CONTEXT(2) 
PARAMETRIC_REPRESENTATION_CONTEXT() REPRESENTATION_CONTEXT('2D SPACE',''
  ) );
#8664 = PCURVE('',#8515,#8665);
#8665 = DEFINITIONAL_REPRESENTATION('',(#8666),#8670);
#8666 = LINE('',#8667,#8668);
#8667 = CARTESIAN_POINT('',(0.,0.));
#8668 = VECTOR('',#8669,1.);
#8669 = DIRECTION('',(0.,1.));
#8670 = ( GEOMETRIC_REPRESENTATION_CONTEXT(2) 
PARAMETRIC_REPRESENTATION_CONTEXT() REPRESENTATION_CONTEXT('2D SPACE',''
  ) );
#8671 = ORIENTED_EDGE('',*,*,#8527,.T.);
#8672 = ORIENTED_EDGE('',*,*,#7062,.T.);
#8673 = ADVANCED_FACE('',(#8674),#7157,.T.);
#8674 = FACE_BOUND('',#8675,.T.);
#8675 = EDGE_LOOP('',(#8676,#8699,#8727,#8748));
#8676 = ORIENTED_EDGE('',*,*,#8677,.F.);
#8677 = EDGE_CURVE('',#8678,#7143,#8680,.T.);
#8678 = VERTEX_POINT('',#8679);
#8679 = CARTESIAN_POINT('',(8.45,-13.,4.45));
#8680 = SURFACE_CURVE('',#8681,(#8685,#8692),.PCURVE_S1.);
#8681 = LINE('',#8682,#8683);
#8682 = CARTESIAN_POINT('',(8.45,-13.,4.45));
#8683 = VECTOR('',#8684,1.);
#8684 = DIRECTION('',(0.,0.,1.));
#8685 = PCURVE('',#7157,#8686);
#8686 = DEFINITIONAL_REPRESENTATION('',(#8687),#8691);
#8687 = LINE('',#8688,#8689);
#8688 = CARTESIAN_POINT('',(0.,1.5));
#8689 = VECTOR('',#8690,1.);
#8690 = DIRECTION('',(1.,0.));
#8691 = ( GEOMETRIC_REPRESENTATION_CONTEXT(2) 
PARAMETRIC_REPRESENTATION_CONTEXT() REPRESENTATION_CONTEXT('2D SPACE',''
  ) );
#8692 = PCURVE('',#7233,#8693);
#8693 = DEFINITIONAL_REPRESENTATION('',(#8694),#8698);
#8694 = LINE('',#8695,#8696);
#8695 = CARTESIAN_POINT('',(0.,-2.));
#8696 = VECTOR('',#8697,1.);
#8697 = DIRECTION('',(1.,0.));
#8698 = ( GEOMETRIC_REPRESENTATION_CONTEXT(2) 
PARAMETRIC_REPRESENTATION_CONTEXT() REPRESENTATION_CONTEXT('2D SPACE',''
  ) );
#8699 = ORIENTED_EDGE('',*,*,#8700,.F.);
#8700 = EDGE_CURVE('',#8701,#8678,#8703,.T.);
#8701 = VERTEX_POINT('',#8702);
#8702 = CARTESIAN_POINT('',(6.95,-13.,4.45));
#8703 = SURFACE_CURVE('',#8704,(#8708,#8715),.PCURVE_S1.);
#8704 = LINE('',#8705,#8706);
#8705 = CARTESIAN_POINT('',(6.95,-13.,4.45));
#8706 = VECTOR('',#8707,1.);
#8707 = DIRECTION('',(1.,0.,0.));
#8708 = PCURVE('',#7157,#8709);
#8709 = DEFINITIONAL_REPRESENTATION('',(#8710),#8714);
#8710 = LINE('',#8711,#8712);
#8711 = CARTESIAN_POINT('',(0.,0.));
#8712 = VECTOR('',#8713,1.);
#8713 = DIRECTION('',(0.,1.));
#8714 = ( GEOMETRIC_REPRESENTATION_CONTEXT(2) 
PARAMETRIC_REPRESENTATION_CONTEXT() REPRESENTATION_CONTEXT('2D SPACE',''
  ) );
#8715 = PCURVE('',#8716,#8721);
#8716 = PLANE('',#8717);
#8717 = AXIS2_PLACEMENT_3D('',#8718,#8719,#8720);
#8718 = CARTESIAN_POINT('',(6.95,-15.,4.45));
#8719 = DIRECTION('',(0.,0.,1.));
#8720 = DIRECTION('',(1.,0.,0.));
#8721 = DEFINITIONAL_REPRESENTATION('',(#8722),#8726);
#8722 = LINE('',#8723,#8724);
#8723 = CARTESIAN_POINT('',(0.,2.));
#8724 = VECTOR('',#8725,1.);
#8725 = DIRECTION('',(1.,0.));
#8726 = ( GEOMETRIC_REPRESENTATION_CONTEXT(2) 
PARAMETRIC_REPRESENTATION_CONTEXT() REPRESENTATION_CONTEXT('2D SPACE',''
  ) );
#8727 = ORIENTED_EDGE('',*,*,#8728,.T.);
#8728 = EDGE_CURVE('',#8701,#7141,#8729,.T.);
#8729 = SURFACE_CURVE('',#8730,(#8734,#8741),.PCURVE_S1.);
#8730 = LINE('',#8731,#8732);
#8731 = CARTESIAN_POINT('',(6.95,-13.,4.45));
#8732 = VECTOR('',#8733,1.);
#8733 = DIRECTION('',(0.,0.,1.));
#8734 = PCURVE('',#7157,#8735);
#8735 = DEFINITIONAL_REPRESENTATION('',(#8736),#8740);
#8736 = LINE('',#8737,#8738);
#8737 = CARTESIAN_POINT('',(0.,0.));
#8738 = VECTOR('',#8739,1.);
#8739 = DIRECTION('',(1.,0.));
#8740 = ( GEOMETRIC_REPRESENTATION_CONTEXT(2) 
PARAMETRIC_REPRESENTATION_CONTEXT() REPRESENTATION_CONTEXT('2D SPACE',''
  ) );
#8741 = PCURVE('',#7183,#8742);
#8742 = DEFINITIONAL_REPRESENTATION('',(#8743),#8747);
#8743 = LINE('',#8744,#8745);
#8744 = CARTESIAN_POINT('',(0.,-2.));
#8745 = VECTOR('',#8746,1.);
#8746 = DIRECTION('',(1.,0.));
#8747 = ( GEOMETRIC_REPRESENTATION_CONTEXT(2) 
PARAMETRIC_REPRESENTATION_CONTEXT() REPRESENTATION_CONTEXT('2D SPACE',''
  ) );
#8748 = ORIENTED_EDGE('',*,*,#7140,.T.);
#8749 = ADVANCED_FACE('',(#8750),#7183,.F.);
#8750 = FACE_BOUND('',#8751,.F.);
#8751 = EDGE_LOOP('',(#8752,#8775,#8796,#8797));
#8752 = ORIENTED_EDGE('',*,*,#8753,.F.);
#8753 = EDGE_CURVE('',#8754,#7169,#8756,.T.);
#8754 = VERTEX_POINT('',#8755);
#8755 = CARTESIAN_POINT('',(6.95,-15.,4.45));
#8756 = SURFACE_CURVE('',#8757,(#8761,#8768),.PCURVE_S1.);
#8757 = LINE('',#8758,#8759);
#8758 = CARTESIAN_POINT('',(6.95,-15.,4.45));
#8759 = VECTOR('',#8760,1.);
#8760 = DIRECTION('',(0.,0.,1.));
#8761 = PCURVE('',#7183,#8762);
#8762 = DEFINITIONAL_REPRESENTATION('',(#8763),#8767);
#8763 = LINE('',#8764,#8765);
#8764 = CARTESIAN_POINT('',(0.,0.));
#8765 = VECTOR('',#8766,1.);
#8766 = DIRECTION('',(1.,0.));
#8767 = ( GEOMETRIC_REPRESENTATION_CONTEXT(2) 
PARAMETRIC_REPRESENTATION_CONTEXT() REPRESENTATION_CONTEXT('2D SPACE',''
  ) );
#8768 = PCURVE('',#7209,#8769);
#8769 = DEFINITIONAL_REPRESENTATION('',(#8770),#8774);
#8770 = LINE('',#8771,#8772);
#8771 = CARTESIAN_POINT('',(0.,0.));
#8772 = VECTOR('',#8773,1.);
#8773 = DIRECTION('',(1.,0.));
#8774 = ( GEOMETRIC_REPRESENTATION_CONTEXT(2) 
PARAMETRIC_REPRESENTATION_CONTEXT() REPRESENTATION_CONTEXT('2D SPACE',''
  ) );
#8775 = ORIENTED_EDGE('',*,*,#8776,.T.);
#8776 = EDGE_CURVE('',#8754,#8701,#8777,.T.);
#8777 = SURFACE_CURVE('',#8778,(#8782,#8789),.PCURVE_S1.);
#8778 = LINE('',#8779,#8780);
#8779 = CARTESIAN_POINT('',(6.95,-15.,4.45));
#8780 = VECTOR('',#8781,1.);
#8781 = DIRECTION('',(0.,1.,0.));
#8782 = PCURVE('',#7183,#8783);
#8783 = DEFINITIONAL_REPRESENTATION('',(#8784),#8788);
#8784 = LINE('',#8785,#8786);
#8785 = CARTESIAN_POINT('',(0.,0.));
#8786 = VECTOR('',#8787,1.);
#8787 = DIRECTION('',(0.,-1.));
#8788 = ( GEOMETRIC_REPRESENTATION_CONTEXT(2) 
PARAMETRIC_REPRESENTATION_CONTEXT() REPRESENTATION_CONTEXT('2D SPACE',''
  ) );
#8789 = PCURVE('',#8716,#8790);
#8790 = DEFINITIONAL_REPRESENTATION('',(#8791),#8795);
#8791 = LINE('',#8792,#8793);
#8792 = CARTESIAN_POINT('',(0.,0.));
#8793 = VECTOR('',#8794,1.);
#8794 = DIRECTION('',(0.,1.));
#8795 = ( GEOMETRIC_REPRESENTATION_CONTEXT(2) 
PARAMETRIC_REPRESENTATION_CONTEXT() REPRESENTATION_CONTEXT('2D SPACE',''
  ) );
#8796 = ORIENTED_EDGE('',*,*,#8728,.T.);
#8797 = ORIENTED_EDGE('',*,*,#7168,.T.);
#8798 = ADVANCED_FACE('',(#8799),#7233,.T.);
#8799 = FACE_BOUND('',#8800,.T.);
#8800 = EDGE_LOOP('',(#8801,#8824,#8845,#8846));
#8801 = ORIENTED_EDGE('',*,*,#8802,.F.);
#8802 = EDGE_CURVE('',#8803,#7195,#8805,.T.);
#8803 = VERTEX_POINT('',#8804);
#8804 = CARTESIAN_POINT('',(8.45,-15.,4.45));
#8805 = SURFACE_CURVE('',#8806,(#8810,#8817),.PCURVE_S1.);
#8806 = LINE('',#8807,#8808);
#8807 = CARTESIAN_POINT('',(8.45,-15.,4.45));
#8808 = VECTOR('',#8809,1.);
#8809 = DIRECTION('',(0.,0.,1.));
#8810 = PCURVE('',#7233,#8811);
#8811 = DEFINITIONAL_REPRESENTATION('',(#8812),#8816);
#8812 = LINE('',#8813,#8814);
#8813 = CARTESIAN_POINT('',(0.,0.));
#8814 = VECTOR('',#8815,1.);
#8815 = DIRECTION('',(1.,0.));
#8816 = ( GEOMETRIC_REPRESENTATION_CONTEXT(2) 
PARAMETRIC_REPRESENTATION_CONTEXT() REPRESENTATION_CONTEXT('2D SPACE',''
  ) );
#8817 = PCURVE('',#7209,#8818);
#8818 = DEFINITIONAL_REPRESENTATION('',(#8819),#8823);
#8819 = LINE('',#8820,#8821);
#8820 = CARTESIAN_POINT('',(0.,1.5));
#8821 = VECTOR('',#8822,1.);
#8822 = DIRECTION('',(1.,0.));
#8823 = ( GEOMETRIC_REPRESENTATION_CONTEXT(2) 
PARAMETRIC_REPRESENTATION_CONTEXT() REPRESENTATION_CONTEXT('2D SPACE',''
  ) );
#8824 = ORIENTED_EDGE('',*,*,#8825,.T.);
#8825 = EDGE_CURVE('',#8803,#8678,#8826,.T.);
#8826 = SURFACE_CURVE('',#8827,(#8831,#8838),.PCURVE_S1.);
#8827 = LINE('',#8828,#8829);
#8828 = CARTESIAN_POINT('',(8.45,-15.,4.45));
#8829 = VECTOR('',#8830,1.);
#8830 = DIRECTION('',(0.,1.,0.));
#8831 = PCURVE('',#7233,#8832);
#8832 = DEFINITIONAL_REPRESENTATION('',(#8833),#8837);
#8833 = LINE('',#8834,#8835);
#8834 = CARTESIAN_POINT('',(0.,0.));
#8835 = VECTOR('',#8836,1.);
#8836 = DIRECTION('',(0.,-1.));
#8837 = ( GEOMETRIC_REPRESENTATION_CONTEXT(2) 
PARAMETRIC_REPRESENTATION_CONTEXT() REPRESENTATION_CONTEXT('2D SPACE',''
  ) );
#8838 = PCURVE('',#8716,#8839);
#8839 = DEFINITIONAL_REPRESENTATION('',(#8840),#8844);
#8840 = LINE('',#8841,#8842);
#8841 = CARTESIAN_POINT('',(1.5,0.));
#8842 = VECTOR('',#8843,1.);
#8843 = DIRECTION('',(0.,1.));
#8844 = ( GEOMETRIC_REPRESENTATION_CONTEXT(2) 
PARAMETRIC_REPRESENTATION_CONTEXT() REPRESENTATION_CONTEXT('2D SPACE',''
  ) );
#8845 = ORIENTED_EDGE('',*,*,#8677,.T.);
#8846 = ORIENTED_EDGE('',*,*,#7220,.T.);
#8847 = ADVANCED_FACE('',(#8848),#7209,.F.);
#8848 = FACE_BOUND('',#8849,.F.);
#8849 = EDGE_LOOP('',(#8850,#8851,#8872,#8873));
#8850 = ORIENTED_EDGE('',*,*,#8802,.F.);
#8851 = ORIENTED_EDGE('',*,*,#8852,.F.);
#8852 = EDGE_CURVE('',#8754,#8803,#8853,.T.);
#8853 = SURFACE_CURVE('',#8854,(#8858,#8865),.PCURVE_S1.);
#8854 = LINE('',#8855,#8856);
#8855 = CARTESIAN_POINT('',(6.95,-15.,4.45));
#8856 = VECTOR('',#8857,1.);
#8857 = DIRECTION('',(1.,0.,0.));
#8858 = PCURVE('',#7209,#8859);
#8859 = DEFINITIONAL_REPRESENTATION('',(#8860),#8864);
#8860 = LINE('',#8861,#8862);
#8861 = CARTESIAN_POINT('',(0.,0.));
#8862 = VECTOR('',#8863,1.);
#8863 = DIRECTION('',(0.,1.));
#8864 = ( GEOMETRIC_REPRESENTATION_CONTEXT(2) 
PARAMETRIC_REPRESENTATION_CONTEXT() REPRESENTATION_CONTEXT('2D SPACE',''
  ) );
#8865 = PCURVE('',#8716,#8866);
#8866 = DEFINITIONAL_REPRESENTATION('',(#8867),#8871);
#8867 = LINE('',#8868,#8869);
#8868 = CARTESIAN_POINT('',(0.,0.));
#8869 = VECTOR('',#8870,1.);
#8870 = DIRECTION('',(1.,0.));
#8871 = ( GEOMETRIC_REPRESENTATION_CONTEXT(2) 
PARAMETRIC_REPRESENTATION_CONTEXT() REPRESENTATION_CONTEXT('2D SPACE',''
  ) );
#8872 = ORIENTED_EDGE('',*,*,#8753,.T.);
#8873 = ORIENTED_EDGE('',*,*,#7194,.T.);
#8874 = ADVANCED_FACE('',(#8875,#8968),#7313,.F.);
#8875 = FACE_BOUND('',#8876,.F.);
#8876 = EDGE_LOOP('',(#8877,#8878,#8879,#8902,#8923,#8924,#8947));
#8877 = ORIENTED_EDGE('',*,*,#7296,.T.);
#8878 = ORIENTED_EDGE('',*,*,#7519,.T.);
#8879 = ORIENTED_EDGE('',*,*,#8880,.F.);
#8880 = EDGE_CURVE('',#8881,#7494,#8883,.T.);
#8881 = VERTEX_POINT('',#8882);
#8882 = CARTESIAN_POINT('',(12.5,1.,2.4));
#8883 = SURFACE_CURVE('',#8884,(#8888,#8895),.PCURVE_S1.);
#8884 = LINE('',#8885,#8886);
#8885 = CARTESIAN_POINT('',(12.5,1.,2.4));
#8886 = VECTOR('',#8887,1.);
#8887 = DIRECTION('',(1.,0.,0.));
#8888 = PCURVE('',#7313,#8889);
#8889 = DEFINITIONAL_REPRESENTATION('',(#8890),#8894);
#8890 = LINE('',#8891,#8892);
#8891 = CARTESIAN_POINT('',(-3.5,1.5));
#8892 = VECTOR('',#8893,1.);
#8893 = DIRECTION('',(1.,0.));
#8894 = ( GEOMETRIC_REPRESENTATION_CONTEXT(2) 
PARAMETRIC_REPRESENTATION_CONTEXT() REPRESENTATION_CONTEXT('2D SPACE',''
  ) );
#8895 = PCURVE('',#7508,#8896);
#8896 = DEFINITIONAL_REPRESENTATION('',(#8897),#8901);
#8897 = LINE('',#8898,#8899);
#8898 = CARTESIAN_POINT('',(0.,0.));
#8899 = VECTOR('',#8900,1.);
#8900 = DIRECTION('',(0.,1.));
#8901 = ( GEOMETRIC_REPRESENTATION_CONTEXT(2) 
PARAMETRIC_REPRESENTATION_CONTEXT() REPRESENTATION_CONTEXT('2D SPACE',''
  ) );
#8902 = ORIENTED_EDGE('',*,*,#8903,.F.);
#8903 = EDGE_CURVE('',#7411,#8881,#8904,.T.);
#8904 = SURFACE_CURVE('',#8905,(#8909,#8916),.PCURVE_S1.);
#8905 = LINE('',#8906,#8907);
#8906 = CARTESIAN_POINT('',(12.5,-2.,2.4));
#8907 = VECTOR('',#8908,1.);
#8908 = DIRECTION('',(0.,1.,0.));
#8909 = PCURVE('',#7313,#8910);
#8910 = DEFINITIONAL_REPRESENTATION('',(#8911),#8915);
#8911 = LINE('',#8912,#8913);
#8912 = CARTESIAN_POINT('',(-3.5,-1.5));
#8913 = VECTOR('',#8914,1.);
#8914 = DIRECTION('',(0.,1.));
#8915 = ( GEOMETRIC_REPRESENTATION_CONTEXT(2) 
PARAMETRIC_REPRESENTATION_CONTEXT() REPRESENTATION_CONTEXT('2D SPACE',''
  ) );
#8916 = PCURVE('',#7449,#8917);
#8917 = DEFINITIONAL_REPRESENTATION('',(#8918),#8922);
#8918 = LINE('',#8919,#8920);
#8919 = CARTESIAN_POINT('',(0.,0.));
#8920 = VECTOR('',#8921,1.);
#8921 = DIRECTION('',(0.,-1.));
#8922 = ( GEOMETRIC_REPRESENTATION_CONTEXT(2) 
PARAMETRIC_REPRESENTATION_CONTEXT() REPRESENTATION_CONTEXT('2D SPACE',''
  ) );
#8923 = ORIENTED_EDGE('',*,*,#7410,.T.);
#8924 = ORIENTED_EDGE('',*,*,#8925,.F.);
#8925 = EDGE_CURVE('',#8926,#7385,#8928,.T.);
#8926 = VERTEX_POINT('',#8927);
#8927 = CARTESIAN_POINT('',(12.5,-2.,2.4));
#8928 = SURFACE_CURVE('',#8929,(#8933,#8940),.PCURVE_S1.);
#8929 = LINE('',#8930,#8931);
#8930 = CARTESIAN_POINT('',(12.5,-2.,2.4));
#8931 = VECTOR('',#8932,1.);
#8932 = DIRECTION('',(0.,1.,0.));
#8933 = PCURVE('',#7313,#8934);
#8934 = DEFINITIONAL_REPRESENTATION('',(#8935),#8939);
#8935 = LINE('',#8936,#8937);
#8936 = CARTESIAN_POINT('',(-3.5,-1.5));
#8937 = VECTOR('',#8938,1.);
#8938 = DIRECTION('',(0.,1.));
#8939 = ( GEOMETRIC_REPRESENTATION_CONTEXT(2) 
PARAMETRIC_REPRESENTATION_CONTEXT() REPRESENTATION_CONTEXT('2D SPACE',''
  ) );
#8940 = PCURVE('',#7399,#8941);
#8941 = DEFINITIONAL_REPRESENTATION('',(#8942),#8946);
#8942 = LINE('',#8943,#8944);
#8943 = CARTESIAN_POINT('',(0.,0.));
#8944 = VECTOR('',#8945,1.);
#8945 = DIRECTION('',(0.,-1.));
#8946 = ( GEOMETRIC_REPRESENTATION_CONTEXT(2) 
PARAMETRIC_REPRESENTATION_CONTEXT() REPRESENTATION_CONTEXT('2D SPACE',''
  ) );
#8947 = ORIENTED_EDGE('',*,*,#8948,.T.);
#8948 = EDGE_CURVE('',#8926,#7297,#8949,.T.);
#8949 = SURFACE_CURVE('',#8950,(#8954,#8961),.PCURVE_S1.);
#8950 = LINE('',#8951,#8952);
#8951 = CARTESIAN_POINT('',(12.5,-2.,2.4));
#8952 = VECTOR('',#8953,1.);
#8953 = DIRECTION('',(1.,0.,0.));
#8954 = PCURVE('',#7313,#8955);
#8955 = DEFINITIONAL_REPRESENTATION('',(#8956),#8960);
#8956 = LINE('',#8957,#8958);
#8957 = CARTESIAN_POINT('',(-3.5,-1.5));
#8958 = VECTOR('',#8959,1.);
#8959 = DIRECTION('',(1.,0.));
#8960 = ( GEOMETRIC_REPRESENTATION_CONTEXT(2) 
PARAMETRIC_REPRESENTATION_CONTEXT() REPRESENTATION_CONTEXT('2D SPACE',''
  ) );
#8961 = PCURVE('',#7340,#8962);
#8962 = DEFINITIONAL_REPRESENTATION('',(#8963),#8967);
#8963 = LINE('',#8964,#8965);
#8964 = CARTESIAN_POINT('',(0.,0.));
#8965 = VECTOR('',#8966,1.);
#8966 = DIRECTION('',(0.,1.));
#8967 = ( GEOMETRIC_REPRESENTATION_CONTEXT(2) 
PARAMETRIC_REPRESENTATION_CONTEXT() REPRESENTATION_CONTEXT('2D SPACE',''
  ) );
#8968 = FACE_BOUND('',#8969,.F.);
#8969 = EDGE_LOOP('',(#8970));
#8970 = ORIENTED_EDGE('',*,*,#8971,.T.);
#8971 = EDGE_CURVE('',#8972,#8972,#8974,.T.);
#8972 = VERTEX_POINT('',#8973);
#8973 = CARTESIAN_POINT('',(17.7,-0.5,2.4));
#8974 = SURFACE_CURVE('',#8975,(#8980,#8991),.PCURVE_S1.);
#8975 = CIRCLE('',#8976,1.7);
#8976 = AXIS2_PLACEMENT_3D('',#8977,#8978,#8979);
#8977 = CARTESIAN_POINT('',(16.,-0.5,2.4));
#8978 = DIRECTION('',(0.,0.,-1.));
#8979 = DIRECTION('',(1.,0.,0.));
#8980 = PCURVE('',#7313,#8981);
#8981 = DEFINITIONAL_REPRESENTATION('',(#8982),#8990);
#8982 = ( BOUNDED_CURVE() B_SPLINE_CURVE(2,(#8983,#8984,#8985,#8986,
#8987,#8988,#8989),.UNSPECIFIED.,.T.,.F.) B_SPLINE_CURVE_WITH_KNOTS((1,2
    ,2,2,2,1),(-2.094395102393,0.,2.094395102393,4.188790204786,
6.28318530718,8.377580409573),.UNSPECIFIED.) CURVE() 
GEOMETRIC_REPRESENTATION_ITEM() RATIONAL_B_SPLINE_CURVE((1.,0.5,1.,0.5,
1.,0.5,1.)) REPRESENTATION_ITEM('') );
#8983 = CARTESIAN_POINT('',(1.7,-2.22044604925E-16));
#8984 = CARTESIAN_POINT('',(1.7,-2.944486372867));
#8985 = CARTESIAN_POINT('',(-0.85,-1.472243186434));
#8986 = CARTESIAN_POINT('',(-3.4,-6.384245166351E-16));
#8987 = CARTESIAN_POINT('',(-0.85,1.472243186434));
#8988 = CARTESIAN_POINT('',(1.7,2.944486372867));
#8989 = CARTESIAN_POINT('',(1.7,-2.22044604925E-16));
#8990 = ( GEOMETRIC_REPRESENTATION_CONTEXT(2) 
PARAMETRIC_REPRESENTATION_CONTEXT() REPRESENTATION_CONTEXT('2D SPACE',''
  ) );
#8991 = PCURVE('',#8992,#8997);
#8992 = CYLINDRICAL_SURFACE('',#8993,1.7);
#8993 = AXIS2_PLACEMENT_3D('',#8994,#8995,#8996);
#8994 = CARTESIAN_POINT('',(16.,-0.5,2.3));
#8995 = DIRECTION('',(-0.,-0.,-1.));
#8996 = DIRECTION('',(1.,0.,0.));
#8997 = DEFINITIONAL_REPRESENTATION('',(#8998),#9002);
#8998 = LINE('',#8999,#9000);
#8999 = CARTESIAN_POINT('',(-6.28318530718,-0.1));
#9000 = VECTOR('',#9001,1.);
#9001 = DIRECTION('',(1.,-0.));
#9002 = ( GEOMETRIC_REPRESENTATION_CONTEXT(2) 
PARAMETRIC_REPRESENTATION_CONTEXT() REPRESENTATION_CONTEXT('2D SPACE',''
  ) );
#9003 = ADVANCED_FACE('',(#9004),#7508,.T.);
#9004 = FACE_BOUND('',#9005,.T.);
#9005 = EDGE_LOOP('',(#9006,#9007,#9030,#9051));
#9006 = ORIENTED_EDGE('',*,*,#8880,.F.);
#9007 = ORIENTED_EDGE('',*,*,#9008,.T.);
#9008 = EDGE_CURVE('',#8881,#9009,#9011,.T.);
#9009 = VERTEX_POINT('',#9010);
#9010 = CARTESIAN_POINT('',(12.5,1.,12.));
#9011 = SURFACE_CURVE('',#9012,(#9016,#9023),.PCURVE_S1.);
#9012 = LINE('',#9013,#9014);
#9013 = CARTESIAN_POINT('',(12.5,1.,2.4));
#9014 = VECTOR('',#9015,1.);
#9015 = DIRECTION('',(0.,0.,1.));
#9016 = PCURVE('',#7508,#9017);
#9017 = DEFINITIONAL_REPRESENTATION('',(#9018),#9022);
#9018 = LINE('',#9019,#9020);
#9019 = CARTESIAN_POINT('',(0.,0.));
#9020 = VECTOR('',#9021,1.);
#9021 = DIRECTION('',(1.,0.));
#9022 = ( GEOMETRIC_REPRESENTATION_CONTEXT(2) 
PARAMETRIC_REPRESENTATION_CONTEXT() REPRESENTATION_CONTEXT('2D SPACE',''
  ) );
#9023 = PCURVE('',#7449,#9024);
#9024 = DEFINITIONAL_REPRESENTATION('',(#9025),#9029);
#9025 = LINE('',#9026,#9027);
#9026 = CARTESIAN_POINT('',(0.,-3.));
#9027 = VECTOR('',#9028,1.);
#9028 = DIRECTION('',(1.,0.));
#9029 = ( GEOMETRIC_REPRESENTATION_CONTEXT(2) 
PARAMETRIC_REPRESENTATION_CONTEXT() REPRESENTATION_CONTEXT('2D SPACE',''
  ) );
#9030 = ORIENTED_EDGE('',*,*,#9031,.T.);
#9031 = EDGE_CURVE('',#9009,#7461,#9032,.T.);
#9032 = SURFACE_CURVE('',#9033,(#9037,#9044),.PCURVE_S1.);
#9033 = LINE('',#9034,#9035);
#9034 = CARTESIAN_POINT('',(12.5,1.,12.));
#9035 = VECTOR('',#9036,1.);
#9036 = DIRECTION('',(1.,0.,0.));
#9037 = PCURVE('',#7508,#9038);
#9038 = DEFINITIONAL_REPRESENTATION('',(#9039),#9043);
#9039 = LINE('',#9040,#9041);
#9040 = CARTESIAN_POINT('',(9.6,0.));
#9041 = VECTOR('',#9042,1.);
#9042 = DIRECTION('',(0.,1.));
#9043 = ( GEOMETRIC_REPRESENTATION_CONTEXT(2) 
PARAMETRIC_REPRESENTATION_CONTEXT() REPRESENTATION_CONTEXT('2D SPACE',''
  ) );
#9044 = PCURVE('',#7477,#9045);
#9045 = DEFINITIONAL_REPRESENTATION('',(#9046),#9050);
#9046 = LINE('',#9047,#9048);
#9047 = CARTESIAN_POINT('',(0.,3.));
#9048 = VECTOR('',#9049,1.);
#9049 = DIRECTION('',(1.,0.));
#9050 = ( GEOMETRIC_REPRESENTATION_CONTEXT(2) 
PARAMETRIC_REPRESENTATION_CONTEXT() REPRESENTATION_CONTEXT('2D SPACE',''
  ) );
#9051 = ORIENTED_EDGE('',*,*,#7493,.T.);
#9052 = ADVANCED_FACE('',(#9053),#7477,.T.);
#9053 = FACE_BOUND('',#9054,.T.);
#9054 = EDGE_LOOP('',(#9055,#9076,#9077));
#9055 = ORIENTED_EDGE('',*,*,#9056,.F.);
#9056 = EDGE_CURVE('',#7435,#9009,#9057,.T.);
#9057 = SURFACE_CURVE('',#9058,(#9062,#9069),.PCURVE_S1.);
#9058 = LINE('',#9059,#9060);
#9059 = CARTESIAN_POINT('',(12.5,-2.,12.));
#9060 = VECTOR('',#9061,1.);
#9061 = DIRECTION('',(0.,1.,0.));
#9062 = PCURVE('',#7477,#9063);
#9063 = DEFINITIONAL_REPRESENTATION('',(#9064),#9068);
#9064 = LINE('',#9065,#9066);
#9065 = CARTESIAN_POINT('',(0.,0.));
#9066 = VECTOR('',#9067,1.);
#9067 = DIRECTION('',(0.,1.));
#9068 = ( GEOMETRIC_REPRESENTATION_CONTEXT(2) 
PARAMETRIC_REPRESENTATION_CONTEXT() REPRESENTATION_CONTEXT('2D SPACE',''
  ) );
#9069 = PCURVE('',#7449,#9070);
#9070 = DEFINITIONAL_REPRESENTATION('',(#9071),#9075);
#9071 = LINE('',#9072,#9073);
#9072 = CARTESIAN_POINT('',(9.6,0.));
#9073 = VECTOR('',#9074,1.);
#9074 = DIRECTION('',(0.,-1.));
#9075 = ( GEOMETRIC_REPRESENTATION_CONTEXT(2) 
PARAMETRIC_REPRESENTATION_CONTEXT() REPRESENTATION_CONTEXT('2D SPACE',''
  ) );
#9076 = ORIENTED_EDGE('',*,*,#7460,.T.);
#9077 = ORIENTED_EDGE('',*,*,#9031,.F.);
#9078 = ADVANCED_FACE('',(#9079),#7449,.F.);
#9079 = FACE_BOUND('',#9080,.F.);
#9080 = EDGE_LOOP('',(#9081,#9082,#9083,#9084));
#9081 = ORIENTED_EDGE('',*,*,#9056,.F.);
#9082 = ORIENTED_EDGE('',*,*,#7434,.T.);
#9083 = ORIENTED_EDGE('',*,*,#8903,.T.);
#9084 = ORIENTED_EDGE('',*,*,#9008,.T.);
#9085 = ADVANCED_FACE('',(#9086),#7399,.F.);
#9086 = FACE_BOUND('',#9087,.F.);
#9087 = EDGE_LOOP('',(#9088,#9111,#9132,#9133));
#9088 = ORIENTED_EDGE('',*,*,#9089,.F.);
#9089 = EDGE_CURVE('',#9090,#7352,#9092,.T.);
#9090 = VERTEX_POINT('',#9091);
#9091 = CARTESIAN_POINT('',(12.5,-2.,12.));
#9092 = SURFACE_CURVE('',#9093,(#9097,#9104),.PCURVE_S1.);
#9093 = LINE('',#9094,#9095);
#9094 = CARTESIAN_POINT('',(12.5,-2.,12.));
#9095 = VECTOR('',#9096,1.);
#9096 = DIRECTION('',(0.,1.,0.));
#9097 = PCURVE('',#7399,#9098);
#9098 = DEFINITIONAL_REPRESENTATION('',(#9099),#9103);
#9099 = LINE('',#9100,#9101);
#9100 = CARTESIAN_POINT('',(9.6,0.));
#9101 = VECTOR('',#9102,1.);
#9102 = DIRECTION('',(0.,-1.));
#9103 = ( GEOMETRIC_REPRESENTATION_CONTEXT(2) 
PARAMETRIC_REPRESENTATION_CONTEXT() REPRESENTATION_CONTEXT('2D SPACE',''
  ) );
#9104 = PCURVE('',#7368,#9105);
#9105 = DEFINITIONAL_REPRESENTATION('',(#9106),#9110);
#9106 = LINE('',#9107,#9108);
#9107 = CARTESIAN_POINT('',(0.,0.));
#9108 = VECTOR('',#9109,1.);
#9109 = DIRECTION('',(0.,1.));
#9110 = ( GEOMETRIC_REPRESENTATION_CONTEXT(2) 
PARAMETRIC_REPRESENTATION_CONTEXT() REPRESENTATION_CONTEXT('2D SPACE',''
  ) );
#9111 = ORIENTED_EDGE('',*,*,#9112,.F.);
#9112 = EDGE_CURVE('',#8926,#9090,#9113,.T.);
#9113 = SURFACE_CURVE('',#9114,(#9118,#9125),.PCURVE_S1.);
#9114 = LINE('',#9115,#9116);
#9115 = CARTESIAN_POINT('',(12.5,-2.,2.4));
#9116 = VECTOR('',#9117,1.);
#9117 = DIRECTION('',(0.,0.,1.));
#9118 = PCURVE('',#7399,#9119);
#9119 = DEFINITIONAL_REPRESENTATION('',(#9120),#9124);
#9120 = LINE('',#9121,#9122);
#9121 = CARTESIAN_POINT('',(0.,0.));
#9122 = VECTOR('',#9123,1.);
#9123 = DIRECTION('',(1.,0.));
#9124 = ( GEOMETRIC_REPRESENTATION_CONTEXT(2) 
PARAMETRIC_REPRESENTATION_CONTEXT() REPRESENTATION_CONTEXT('2D SPACE',''
  ) );
#9125 = PCURVE('',#7340,#9126);
#9126 = DEFINITIONAL_REPRESENTATION('',(#9127),#9131);
#9127 = LINE('',#9128,#9129);
#9128 = CARTESIAN_POINT('',(0.,0.));
#9129 = VECTOR('',#9130,1.);
#9130 = DIRECTION('',(1.,0.));
#9131 = ( GEOMETRIC_REPRESENTATION_CONTEXT(2) 
PARAMETRIC_REPRESENTATION_CONTEXT() REPRESENTATION_CONTEXT('2D SPACE',''
  ) );
#9132 = ORIENTED_EDGE('',*,*,#8925,.T.);
#9133 = ORIENTED_EDGE('',*,*,#7384,.F.);
#9134 = ADVANCED_FACE('',(#9135),#7368,.T.);
#9135 = FACE_BOUND('',#9136,.T.);
#9136 = EDGE_LOOP('',(#9137,#9138,#9159));
#9137 = ORIENTED_EDGE('',*,*,#9089,.F.);
#9138 = ORIENTED_EDGE('',*,*,#9139,.T.);
#9139 = EDGE_CURVE('',#9090,#7326,#9140,.T.);
#9140 = SURFACE_CURVE('',#9141,(#9145,#9152),.PCURVE_S1.);
#9141 = LINE('',#9142,#9143);
#9142 = CARTESIAN_POINT('',(12.5,-2.,12.));
#9143 = VECTOR('',#9144,1.);
#9144 = DIRECTION('',(1.,0.,0.));
#9145 = PCURVE('',#7368,#9146);
#9146 = DEFINITIONAL_REPRESENTATION('',(#9147),#9151);
#9147 = LINE('',#9148,#9149);
#9148 = CARTESIAN_POINT('',(0.,0.));
#9149 = VECTOR('',#9150,1.);
#9150 = DIRECTION('',(1.,0.));
#9151 = ( GEOMETRIC_REPRESENTATION_CONTEXT(2) 
PARAMETRIC_REPRESENTATION_CONTEXT() REPRESENTATION_CONTEXT('2D SPACE',''
  ) );
#9152 = PCURVE('',#7340,#9153);
#9153 = DEFINITIONAL_REPRESENTATION('',(#9154),#9158);
#9154 = LINE('',#9155,#9156);
#9155 = CARTESIAN_POINT('',(9.6,0.));
#9156 = VECTOR('',#9157,1.);
#9157 = DIRECTION('',(0.,1.));
#9158 = ( GEOMETRIC_REPRESENTATION_CONTEXT(2) 
PARAMETRIC_REPRESENTATION_CONTEXT() REPRESENTATION_CONTEXT('2D SPACE',''
  ) );
#9159 = ORIENTED_EDGE('',*,*,#7351,.T.);
#9160 = ADVANCED_FACE('',(#9161),#7340,.F.);
#9161 = FACE_BOUND('',#9162,.F.);
#9162 = EDGE_LOOP('',(#9163,#9164,#9165,#9166));
#9163 = ORIENTED_EDGE('',*,*,#8948,.F.);
#9164 = ORIENTED_EDGE('',*,*,#9112,.T.);
#9165 = ORIENTED_EDGE('',*,*,#9139,.T.);
#9166 = ORIENTED_EDGE('',*,*,#7325,.T.);
#9167 = ADVANCED_FACE('',(#9168,#9261),#7638,.F.);
#9168 = FACE_BOUND('',#9169,.F.);
#9169 = EDGE_LOOP('',(#9170,#9171,#9172,#9195,#9216,#9217,#9240));
#9170 = ORIENTED_EDGE('',*,*,#7621,.T.);
#9171 = ORIENTED_EDGE('',*,*,#7844,.T.);
#9172 = ORIENTED_EDGE('',*,*,#9173,.T.);
#9173 = EDGE_CURVE('',#7819,#9174,#9176,.T.);
#9174 = VERTEX_POINT('',#9175);
#9175 = CARTESIAN_POINT('',(-12.5,1.,2.4));
#9176 = SURFACE_CURVE('',#9177,(#9181,#9188),.PCURVE_S1.);
#9177 = LINE('',#9178,#9179);
#9178 = CARTESIAN_POINT('',(-12.5,-2.,2.4));
#9179 = VECTOR('',#9180,1.);
#9180 = DIRECTION('',(0.,1.,0.));
#9181 = PCURVE('',#7638,#9182);
#9182 = DEFINITIONAL_REPRESENTATION('',(#9183),#9187);
#9183 = LINE('',#9184,#9185);
#9184 = CARTESIAN_POINT('',(3.5,-1.5));
#9185 = VECTOR('',#9186,1.);
#9186 = DIRECTION('',(0.,1.));
#9187 = ( GEOMETRIC_REPRESENTATION_CONTEXT(2) 
PARAMETRIC_REPRESENTATION_CONTEXT() REPRESENTATION_CONTEXT('2D SPACE',''
  ) );
#9188 = PCURVE('',#7833,#9189);
#9189 = DEFINITIONAL_REPRESENTATION('',(#9190),#9194);
#9190 = LINE('',#9191,#9192);
#9191 = CARTESIAN_POINT('',(0.,0.));
#9192 = VECTOR('',#9193,1.);
#9193 = DIRECTION('',(0.,-1.));
#9194 = ( GEOMETRIC_REPRESENTATION_CONTEXT(2) 
PARAMETRIC_REPRESENTATION_CONTEXT() REPRESENTATION_CONTEXT('2D SPACE',''
  ) );
#9195 = ORIENTED_EDGE('',*,*,#9196,.F.);
#9196 = EDGE_CURVE('',#7736,#9174,#9197,.T.);
#9197 = SURFACE_CURVE('',#9198,(#9202,#9209),.PCURVE_S1.);
#9198 = LINE('',#9199,#9200);
#9199 = CARTESIAN_POINT('',(-16.5,1.,2.4));
#9200 = VECTOR('',#9201,1.);
#9201 = DIRECTION('',(1.,0.,0.));
#9202 = PCURVE('',#7638,#9203);
#9203 = DEFINITIONAL_REPRESENTATION('',(#9204),#9208);
#9204 = LINE('',#9205,#9206);
#9205 = CARTESIAN_POINT('',(-0.5,1.5));
#9206 = VECTOR('',#9207,1.);
#9207 = DIRECTION('',(1.,0.));
#9208 = ( GEOMETRIC_REPRESENTATION_CONTEXT(2) 
PARAMETRIC_REPRESENTATION_CONTEXT() REPRESENTATION_CONTEXT('2D SPACE',''
  ) );
#9209 = PCURVE('',#7774,#9210);
#9210 = DEFINITIONAL_REPRESENTATION('',(#9211),#9215);
#9211 = LINE('',#9212,#9213);
#9212 = CARTESIAN_POINT('',(0.,0.));
#9213 = VECTOR('',#9214,1.);
#9214 = DIRECTION('',(0.,1.));
#9215 = ( GEOMETRIC_REPRESENTATION_CONTEXT(2) 
PARAMETRIC_REPRESENTATION_CONTEXT() REPRESENTATION_CONTEXT('2D SPACE',''
  ) );
#9216 = ORIENTED_EDGE('',*,*,#7735,.T.);
#9217 = ORIENTED_EDGE('',*,*,#9218,.T.);
#9218 = EDGE_CURVE('',#7710,#9219,#9221,.T.);
#9219 = VERTEX_POINT('',#9220);
#9220 = CARTESIAN_POINT('',(-12.5,-2.,2.4));
#9221 = SURFACE_CURVE('',#9222,(#9226,#9233),.PCURVE_S1.);
#9222 = LINE('',#9223,#9224);
#9223 = CARTESIAN_POINT('',(-16.5,-2.,2.4));
#9224 = VECTOR('',#9225,1.);
#9225 = DIRECTION('',(1.,0.,0.));
#9226 = PCURVE('',#7638,#9227);
#9227 = DEFINITIONAL_REPRESENTATION('',(#9228),#9232);
#9228 = LINE('',#9229,#9230);
#9229 = CARTESIAN_POINT('',(-0.5,-1.5));
#9230 = VECTOR('',#9231,1.);
#9231 = DIRECTION('',(1.,0.));
#9232 = ( GEOMETRIC_REPRESENTATION_CONTEXT(2) 
PARAMETRIC_REPRESENTATION_CONTEXT() REPRESENTATION_CONTEXT('2D SPACE',''
  ) );
#9233 = PCURVE('',#7724,#9234);
#9234 = DEFINITIONAL_REPRESENTATION('',(#9235),#9239);
#9235 = LINE('',#9236,#9237);
#9236 = CARTESIAN_POINT('',(0.,0.));
#9237 = VECTOR('',#9238,1.);
#9238 = DIRECTION('',(0.,1.));
#9239 = ( GEOMETRIC_REPRESENTATION_CONTEXT(2) 
PARAMETRIC_REPRESENTATION_CONTEXT() REPRESENTATION_CONTEXT('2D SPACE',''
  ) );
#9240 = ORIENTED_EDGE('',*,*,#9241,.T.);
#9241 = EDGE_CURVE('',#9219,#7622,#9242,.T.);
#9242 = SURFACE_CURVE('',#9243,(#9247,#9254),.PCURVE_S1.);
#9243 = LINE('',#9244,#9245);
#9244 = CARTESIAN_POINT('',(-12.5,-2.,2.4));
#9245 = VECTOR('',#9246,1.);
#9246 = DIRECTION('',(0.,1.,0.));
#9247 = PCURVE('',#7638,#9248);
#9248 = DEFINITIONAL_REPRESENTATION('',(#9249),#9253);
#9249 = LINE('',#9250,#9251);
#9250 = CARTESIAN_POINT('',(3.5,-1.5));
#9251 = VECTOR('',#9252,1.);
#9252 = DIRECTION('',(0.,1.));
#9253 = ( GEOMETRIC_REPRESENTATION_CONTEXT(2) 
PARAMETRIC_REPRESENTATION_CONTEXT() REPRESENTATION_CONTEXT('2D SPACE',''
  ) );
#9254 = PCURVE('',#7665,#9255);
#9255 = DEFINITIONAL_REPRESENTATION('',(#9256),#9260);
#9256 = LINE('',#9257,#9258);
#9257 = CARTESIAN_POINT('',(0.,0.));
#9258 = VECTOR('',#9259,1.);
#9259 = DIRECTION('',(0.,-1.));
#9260 = ( GEOMETRIC_REPRESENTATION_CONTEXT(2) 
PARAMETRIC_REPRESENTATION_CONTEXT() REPRESENTATION_CONTEXT('2D SPACE',''
  ) );
#9261 = FACE_BOUND('',#9262,.F.);
#9262 = EDGE_LOOP('',(#9263));
#9263 = ORIENTED_EDGE('',*,*,#9264,.T.);
#9264 = EDGE_CURVE('',#9265,#9265,#9267,.T.);
#9265 = VERTEX_POINT('',#9266);
#9266 = CARTESIAN_POINT('',(-14.3,-0.5,2.4));
#9267 = SURFACE_CURVE('',#9268,(#9273,#9284),.PCURVE_S1.);
#9268 = CIRCLE('',#9269,1.7);
#9269 = AXIS2_PLACEMENT_3D('',#9270,#9271,#9272);
#9270 = CARTESIAN_POINT('',(-16.,-0.5,2.4));
#9271 = DIRECTION('',(0.,0.,-1.));
#9272 = DIRECTION('',(1.,0.,0.));
#9273 = PCURVE('',#7638,#9274);
#9274 = DEFINITIONAL_REPRESENTATION('',(#9275),#9283);
#9275 = ( BOUNDED_CURVE() B_SPLINE_CURVE(2,(#9276,#9277,#9278,#9279,
#9280,#9281,#9282),.UNSPECIFIED.,.T.,.F.) B_SPLINE_CURVE_WITH_KNOTS((1,2
    ,2,2,2,1),(-2.094395102393,0.,2.094395102393,4.188790204786,
6.28318530718,8.377580409573),.UNSPECIFIED.) CURVE() 
GEOMETRIC_REPRESENTATION_ITEM() RATIONAL_B_SPLINE_CURVE((1.,0.5,1.,0.5,
1.,0.5,1.)) REPRESENTATION_ITEM('') );
#9276 = CARTESIAN_POINT('',(1.7,-2.22044604925E-16));
#9277 = CARTESIAN_POINT('',(1.7,-2.944486372867));
#9278 = CARTESIAN_POINT('',(-0.85,-1.472243186434));
#9279 = CARTESIAN_POINT('',(-3.4,-6.384245166351E-16));
#9280 = CARTESIAN_POINT('',(-0.85,1.472243186434));
#9281 = CARTESIAN_POINT('',(1.7,2.944486372867));
#9282 = CARTESIAN_POINT('',(1.7,-2.22044604925E-16));
#9283 = ( GEOMETRIC_REPRESENTATION_CONTEXT(2) 
PARAMETRIC_REPRESENTATION_CONTEXT() REPRESENTATION_CONTEXT('2D SPACE',''
  ) );
#9284 = PCURVE('',#9285,#9290);
#9285 = CYLINDRICAL_SURFACE('',#9286,1.7);
#9286 = AXIS2_PLACEMENT_3D('',#9287,#9288,#9289);
#9287 = CARTESIAN_POINT('',(-16.,-0.5,2.3));
#9288 = DIRECTION('',(-0.,-0.,-1.));
#9289 = DIRECTION('',(1.,0.,0.));
#9290 = DEFINITIONAL_REPRESENTATION('',(#9291),#9295);
#9291 = LINE('',#9292,#9293);
#9292 = CARTESIAN_POINT('',(-6.28318530718,-0.1));
#9293 = VECTOR('',#9294,1.);
#9294 = DIRECTION('',(1.,-0.));
#9295 = ( GEOMETRIC_REPRESENTATION_CONTEXT(2) 
PARAMETRIC_REPRESENTATION_CONTEXT() REPRESENTATION_CONTEXT('2D SPACE',''
  ) );
#9296 = ADVANCED_FACE('',(#9297),#7833,.T.);
#9297 = FACE_BOUND('',#9298,.T.);
#9298 = EDGE_LOOP('',(#9299,#9322,#9323,#9324));
#9299 = ORIENTED_EDGE('',*,*,#9300,.F.);
#9300 = EDGE_CURVE('',#7786,#9301,#9303,.T.);
#9301 = VERTEX_POINT('',#9302);
#9302 = CARTESIAN_POINT('',(-12.5,1.,12.));
#9303 = SURFACE_CURVE('',#9304,(#9308,#9315),.PCURVE_S1.);
#9304 = LINE('',#9305,#9306);
#9305 = CARTESIAN_POINT('',(-12.5,-2.,12.));
#9306 = VECTOR('',#9307,1.);
#9307 = DIRECTION('',(0.,1.,0.));
#9308 = PCURVE('',#7833,#9309);
#9309 = DEFINITIONAL_REPRESENTATION('',(#9310),#9314);
#9310 = LINE('',#9311,#9312);
#9311 = CARTESIAN_POINT('',(9.6,0.));
#9312 = VECTOR('',#9313,1.);
#9313 = DIRECTION('',(0.,-1.));
#9314 = ( GEOMETRIC_REPRESENTATION_CONTEXT(2) 
PARAMETRIC_REPRESENTATION_CONTEXT() REPRESENTATION_CONTEXT('2D SPACE',''
  ) );
#9315 = PCURVE('',#7802,#9316);
#9316 = DEFINITIONAL_REPRESENTATION('',(#9317),#9321);
#9317 = LINE('',#9318,#9319);
#9318 = CARTESIAN_POINT('',(4.,0.));
#9319 = VECTOR('',#9320,1.);
#9320 = DIRECTION('',(0.,1.));
#9321 = ( GEOMETRIC_REPRESENTATION_CONTEXT(2) 
PARAMETRIC_REPRESENTATION_CONTEXT() REPRESENTATION_CONTEXT('2D SPACE',''
  ) );
#9322 = ORIENTED_EDGE('',*,*,#7818,.T.);
#9323 = ORIENTED_EDGE('',*,*,#9173,.T.);
#9324 = ORIENTED_EDGE('',*,*,#9325,.T.);
#9325 = EDGE_CURVE('',#9174,#9301,#9326,.T.);
#9326 = SURFACE_CURVE('',#9327,(#9331,#9338),.PCURVE_S1.);
#9327 = LINE('',#9328,#9329);
#9328 = CARTESIAN_POINT('',(-12.5,1.,2.4));
#9329 = VECTOR('',#9330,1.);
#9330 = DIRECTION('',(0.,0.,1.));
#9331 = PCURVE('',#7833,#9332);
#9332 = DEFINITIONAL_REPRESENTATION('',(#9333),#9337);
#9333 = LINE('',#9334,#9335);
#9334 = CARTESIAN_POINT('',(0.,-3.));
#9335 = VECTOR('',#9336,1.);
#9336 = DIRECTION('',(1.,0.));
#9337 = ( GEOMETRIC_REPRESENTATION_CONTEXT(2) 
PARAMETRIC_REPRESENTATION_CONTEXT() REPRESENTATION_CONTEXT('2D SPACE',''
  ) );
#9338 = PCURVE('',#7774,#9339);
#9339 = DEFINITIONAL_REPRESENTATION('',(#9340),#9344);
#9340 = LINE('',#9341,#9342);
#9341 = CARTESIAN_POINT('',(0.,4.));
#9342 = VECTOR('',#9343,1.);
#9343 = DIRECTION('',(1.,0.));
#9344 = ( GEOMETRIC_REPRESENTATION_CONTEXT(2) 
PARAMETRIC_REPRESENTATION_CONTEXT() REPRESENTATION_CONTEXT('2D SPACE',''
  ) );
#9345 = ADVANCED_FACE('',(#9346),#7802,.T.);
#9346 = FACE_BOUND('',#9347,.T.);
#9347 = EDGE_LOOP('',(#9348,#9369,#9370));
#9348 = ORIENTED_EDGE('',*,*,#9349,.F.);
#9349 = EDGE_CURVE('',#7760,#9301,#9350,.T.);
#9350 = SURFACE_CURVE('',#9351,(#9355,#9362),.PCURVE_S1.);
#9351 = LINE('',#9352,#9353);
#9352 = CARTESIAN_POINT('',(-16.5,1.,12.));
#9353 = VECTOR('',#9354,1.);
#9354 = DIRECTION('',(1.,0.,0.));
#9355 = PCURVE('',#7802,#9356);
#9356 = DEFINITIONAL_REPRESENTATION('',(#9357),#9361);
#9357 = LINE('',#9358,#9359);
#9358 = CARTESIAN_POINT('',(0.,3.));
#9359 = VECTOR('',#9360,1.);
#9360 = DIRECTION('',(1.,0.));
#9361 = ( GEOMETRIC_REPRESENTATION_CONTEXT(2) 
PARAMETRIC_REPRESENTATION_CONTEXT() REPRESENTATION_CONTEXT('2D SPACE',''
  ) );
#9362 = PCURVE('',#7774,#9363);
#9363 = DEFINITIONAL_REPRESENTATION('',(#9364),#9368);
#9364 = LINE('',#9365,#9366);
#9365 = CARTESIAN_POINT('',(9.6,0.));
#9366 = VECTOR('',#9367,1.);
#9367 = DIRECTION('',(0.,1.));
#9368 = ( GEOMETRIC_REPRESENTATION_CONTEXT(2) 
PARAMETRIC_REPRESENTATION_CONTEXT() REPRESENTATION_CONTEXT('2D SPACE',''
  ) );
#9369 = ORIENTED_EDGE('',*,*,#7785,.T.);
#9370 = ORIENTED_EDGE('',*,*,#9300,.T.);
#9371 = ADVANCED_FACE('',(#9372),#7774,.T.);
#9372 = FACE_BOUND('',#9373,.T.);
#9373 = EDGE_LOOP('',(#9374,#9375,#9376,#9377));
#9374 = ORIENTED_EDGE('',*,*,#9196,.F.);
#9375 = ORIENTED_EDGE('',*,*,#7759,.F.);
#9376 = ORIENTED_EDGE('',*,*,#9349,.T.);
#9377 = ORIENTED_EDGE('',*,*,#9325,.F.);
#9378 = ADVANCED_FACE('',(#9379),#7724,.F.);
#9379 = FACE_BOUND('',#9380,.F.);
#9380 = EDGE_LOOP('',(#9381,#9382,#9383,#9406));
#9381 = ORIENTED_EDGE('',*,*,#9218,.F.);
#9382 = ORIENTED_EDGE('',*,*,#7709,.F.);
#9383 = ORIENTED_EDGE('',*,*,#9384,.T.);
#9384 = EDGE_CURVE('',#7677,#9385,#9387,.T.);
#9385 = VERTEX_POINT('',#9386);
#9386 = CARTESIAN_POINT('',(-12.5,-2.,12.));
#9387 = SURFACE_CURVE('',#9388,(#9392,#9399),.PCURVE_S1.);
#9388 = LINE('',#9389,#9390);
#9389 = CARTESIAN_POINT('',(-16.5,-2.,12.));
#9390 = VECTOR('',#9391,1.);
#9391 = DIRECTION('',(1.,0.,0.));
#9392 = PCURVE('',#7724,#9393);
#9393 = DEFINITIONAL_REPRESENTATION('',(#9394),#9398);
#9394 = LINE('',#9395,#9396);
#9395 = CARTESIAN_POINT('',(9.6,0.));
#9396 = VECTOR('',#9397,1.);
#9397 = DIRECTION('',(0.,1.));
#9398 = ( GEOMETRIC_REPRESENTATION_CONTEXT(2) 
PARAMETRIC_REPRESENTATION_CONTEXT() REPRESENTATION_CONTEXT('2D SPACE',''
  ) );
#9399 = PCURVE('',#7693,#9400);
#9400 = DEFINITIONAL_REPRESENTATION('',(#9401),#9405);
#9401 = LINE('',#9402,#9403);
#9402 = CARTESIAN_POINT('',(0.,0.));
#9403 = VECTOR('',#9404,1.);
#9404 = DIRECTION('',(1.,0.));
#9405 = ( GEOMETRIC_REPRESENTATION_CONTEXT(2) 
PARAMETRIC_REPRESENTATION_CONTEXT() REPRESENTATION_CONTEXT('2D SPACE',''
  ) );
#9406 = ORIENTED_EDGE('',*,*,#9407,.F.);
#9407 = EDGE_CURVE('',#9219,#9385,#9408,.T.);
#9408 = SURFACE_CURVE('',#9409,(#9413,#9420),.PCURVE_S1.);
#9409 = LINE('',#9410,#9411);
#9410 = CARTESIAN_POINT('',(-12.5,-2.,2.4));
#9411 = VECTOR('',#9412,1.);
#9412 = DIRECTION('',(0.,0.,1.));
#9413 = PCURVE('',#7724,#9414);
#9414 = DEFINITIONAL_REPRESENTATION('',(#9415),#9419);
#9415 = LINE('',#9416,#9417);
#9416 = CARTESIAN_POINT('',(0.,4.));
#9417 = VECTOR('',#9418,1.);
#9418 = DIRECTION('',(1.,0.));
#9419 = ( GEOMETRIC_REPRESENTATION_CONTEXT(2) 
PARAMETRIC_REPRESENTATION_CONTEXT() REPRESENTATION_CONTEXT('2D SPACE',''
  ) );
#9420 = PCURVE('',#7665,#9421);
#9421 = DEFINITIONAL_REPRESENTATION('',(#9422),#9426);
#9422 = LINE('',#9423,#9424);
#9423 = CARTESIAN_POINT('',(0.,0.));
#9424 = VECTOR('',#9425,1.);
#9425 = DIRECTION('',(1.,0.));
#9426 = ( GEOMETRIC_REPRESENTATION_CONTEXT(2) 
PARAMETRIC_REPRESENTATION_CONTEXT() REPRESENTATION_CONTEXT('2D SPACE',''
  ) );
#9427 = ADVANCED_FACE('',(#9428),#7693,.T.);
#9428 = FACE_BOUND('',#9429,.T.);
#9429 = EDGE_LOOP('',(#9430,#9431,#9432));
#9430 = ORIENTED_EDGE('',*,*,#7676,.T.);
#9431 = ORIENTED_EDGE('',*,*,#9384,.T.);
#9432 = ORIENTED_EDGE('',*,*,#9433,.T.);
#9433 = EDGE_CURVE('',#9385,#7651,#9434,.T.);
#9434 = SURFACE_CURVE('',#9435,(#9439,#9446),.PCURVE_S1.);
#9435 = LINE('',#9436,#9437);
#9436 = CARTESIAN_POINT('',(-12.5,-2.,12.));
#9437 = VECTOR('',#9438,1.);
#9438 = DIRECTION('',(0.,1.,0.));
#9439 = PCURVE('',#7693,#9440);
#9440 = DEFINITIONAL_REPRESENTATION('',(#9441),#9445);
#9441 = LINE('',#9442,#9443);
#9442 = CARTESIAN_POINT('',(4.,0.));
#9443 = VECTOR('',#9444,1.);
#9444 = DIRECTION('',(0.,1.));
#9445 = ( GEOMETRIC_REPRESENTATION_CONTEXT(2) 
PARAMETRIC_REPRESENTATION_CONTEXT() REPRESENTATION_CONTEXT('2D SPACE',''
  ) );
#9446 = PCURVE('',#7665,#9447);
#9447 = DEFINITIONAL_REPRESENTATION('',(#9448),#9452);
#9448 = LINE('',#9449,#9450);
#9449 = CARTESIAN_POINT('',(9.6,0.));
#9450 = VECTOR('',#9451,1.);
#9451 = DIRECTION('',(0.,-1.));
#9452 = ( GEOMETRIC_REPRESENTATION_CONTEXT(2) 
PARAMETRIC_REPRESENTATION_CONTEXT() REPRESENTATION_CONTEXT('2D SPACE',''
  ) );
#9453 = ADVANCED_FACE('',(#9454),#7665,.T.);
#9454 = FACE_BOUND('',#9455,.T.);
#9455 = EDGE_LOOP('',(#9456,#9457,#9458,#9459));
#9456 = ORIENTED_EDGE('',*,*,#9433,.F.);
#9457 = ORIENTED_EDGE('',*,*,#9407,.F.);
#9458 = ORIENTED_EDGE('',*,*,#9241,.T.);
#9459 = ORIENTED_EDGE('',*,*,#7650,.F.);
#9460 = ADVANCED_FACE('',(#9461),#8005,.F.);
#9461 = FACE_BOUND('',#9462,.F.);
#9462 = EDGE_LOOP('',(#9463,#9464,#9465,#9466));
#9463 = ORIENTED_EDGE('',*,*,#8065,.F.);
#9464 = ORIENTED_EDGE('',*,*,#8141,.T.);
#9465 = ORIENTED_EDGE('',*,*,#8114,.T.);
#9466 = ORIENTED_EDGE('',*,*,#7989,.F.);
#9467 = ADVANCED_FACE('',(#9468),#8206,.F.);
#9468 = FACE_BOUND('',#9469,.F.);
#9469 = EDGE_LOOP('',(#9470,#9471,#9472,#9473));
#9470 = ORIENTED_EDGE('',*,*,#8266,.F.);
#9471 = ORIENTED_EDGE('',*,*,#8342,.T.);
#9472 = ORIENTED_EDGE('',*,*,#8315,.T.);
#9473 = ORIENTED_EDGE('',*,*,#8190,.F.);
#9474 = ADVANCED_FACE('',(#9475),#8515,.F.);
#9475 = FACE_BOUND('',#9476,.F.);
#9476 = EDGE_LOOP('',(#9477,#9478,#9479,#9480));
#9477 = ORIENTED_EDGE('',*,*,#8651,.F.);
#9478 = ORIENTED_EDGE('',*,*,#8602,.T.);
#9479 = ORIENTED_EDGE('',*,*,#8575,.T.);
#9480 = ORIENTED_EDGE('',*,*,#8499,.F.);
#9481 = ADVANCED_FACE('',(#9482),#8716,.F.);
#9482 = FACE_BOUND('',#9483,.F.);
#9483 = EDGE_LOOP('',(#9484,#9485,#9486,#9487));
#9484 = ORIENTED_EDGE('',*,*,#8776,.F.);
#9485 = ORIENTED_EDGE('',*,*,#8852,.T.);
#9486 = ORIENTED_EDGE('',*,*,#8825,.T.);
#9487 = ORIENTED_EDGE('',*,*,#8700,.F.);
#9488 = ADVANCED_FACE('',(#9489),#8992,.F.);
#9489 = FACE_BOUND('',#9490,.T.);
#9490 = EDGE_LOOP('',(#9491,#9514,#9515,#9516));
#9491 = ORIENTED_EDGE('',*,*,#9492,.F.);
#9492 = EDGE_CURVE('',#8972,#9493,#9495,.T.);
#9493 = VERTEX_POINT('',#9494);
#9494 = CARTESIAN_POINT('',(17.7,-0.5,4.4));
#9495 = SEAM_CURVE('',#9496,(#9500,#9507),.PCURVE_S1.);
#9496 = LINE('',#9497,#9498);
#9497 = CARTESIAN_POINT('',(17.7,-0.5,2.3));
#9498 = VECTOR('',#9499,1.);
#9499 = DIRECTION('',(0.,0.,1.));
#9500 = PCURVE('',#8992,#9501);
#9501 = DEFINITIONAL_REPRESENTATION('',(#9502),#9506);
#9502 = LINE('',#9503,#9504);
#9503 = CARTESIAN_POINT('',(-6.28318530718,0.));
#9504 = VECTOR('',#9505,1.);
#9505 = DIRECTION('',(-0.,-1.));
#9506 = ( GEOMETRIC_REPRESENTATION_CONTEXT(2) 
PARAMETRIC_REPRESENTATION_CONTEXT() REPRESENTATION_CONTEXT('2D SPACE',''
  ) );
#9507 = PCURVE('',#8992,#9508);
#9508 = DEFINITIONAL_REPRESENTATION('',(#9509),#9513);
#9509 = LINE('',#9510,#9511);
#9510 = CARTESIAN_POINT('',(-0.,0.));
#9511 = VECTOR('',#9512,1.);
#9512 = DIRECTION('',(-0.,-1.));
#9513 = ( GEOMETRIC_REPRESENTATION_CONTEXT(2) 
PARAMETRIC_REPRESENTATION_CONTEXT() REPRESENTATION_CONTEXT('2D SPACE',''
  ) );
#9514 = ORIENTED_EDGE('',*,*,#8971,.T.);
#9515 = ORIENTED_EDGE('',*,*,#9492,.T.);
#9516 = ORIENTED_EDGE('',*,*,#9517,.F.);
#9517 = EDGE_CURVE('',#9493,#9493,#9518,.T.);
#9518 = SURFACE_CURVE('',#9519,(#9524,#9531),.PCURVE_S1.);
#9519 = CIRCLE('',#9520,1.7);
#9520 = AXIS2_PLACEMENT_3D('',#9521,#9522,#9523);
#9521 = CARTESIAN_POINT('',(16.,-0.5,4.4));
#9522 = DIRECTION('',(0.,0.,-1.));
#9523 = DIRECTION('',(1.,0.,0.));
#9524 = PCURVE('',#8992,#9525);
#9525 = DEFINITIONAL_REPRESENTATION('',(#9526),#9530);
#9526 = LINE('',#9527,#9528);
#9527 = CARTESIAN_POINT('',(-6.28318530718,-2.1));
#9528 = VECTOR('',#9529,1.);
#9529 = DIRECTION('',(1.,-0.));
#9530 = ( GEOMETRIC_REPRESENTATION_CONTEXT(2) 
PARAMETRIC_REPRESENTATION_CONTEXT() REPRESENTATION_CONTEXT('2D SPACE',''
  ) );
#9531 = PCURVE('',#9532,#9537);
#9532 = PLANE('',#9533);
#9533 = AXIS2_PLACEMENT_3D('',#9534,#9535,#9536);
#9534 = CARTESIAN_POINT('',(16.,-0.5,4.4));
#9535 = DIRECTION('',(0.,0.,1.));
#9536 = DIRECTION('',(1.,0.,-0.));
#9537 = DEFINITIONAL_REPRESENTATION('',(#9538),#9546);
#9538 = ( BOUNDED_CURVE() B_SPLINE_CURVE(2,(#9539,#9540,#9541,#9542,
#9543,#9544,#9545),.UNSPECIFIED.,.T.,.F.) B_SPLINE_CURVE_WITH_KNOTS((1,2
    ,2,2,2,1),(-2.094395102393,0.,2.094395102393,4.188790204786,
6.28318530718,8.377580409573),.UNSPECIFIED.) CURVE() 
GEOMETRIC_REPRESENTATION_ITEM() RATIONAL_B_SPLINE_CURVE((1.,0.5,1.,0.5,
1.,0.5,1.)) REPRESENTATION_ITEM('') );
#9539 = CARTESIAN_POINT('',(1.7,2.22044604925E-16));
#9540 = CARTESIAN_POINT('',(1.7,-2.944486372867));
#9541 = CARTESIAN_POINT('',(-0.85,-1.472243186434));
#9542 = CARTESIAN_POINT('',(-3.4,-1.943353067851E-16));
#9543 = CARTESIAN_POINT('',(-0.85,1.472243186434));
#9544 = CARTESIAN_POINT('',(1.7,2.944486372867));
#9545 = CARTESIAN_POINT('',(1.7,2.22044604925E-16));
#9546 = ( GEOMETRIC_REPRESENTATION_CONTEXT(2) 
PARAMETRIC_REPRESENTATION_CONTEXT() REPRESENTATION_CONTEXT('2D SPACE',''
  ) );
#9547 = ADVANCED_FACE('',(#9548),#9285,.F.);
#9548 = FACE_BOUND('',#9549,.T.);
#9549 = EDGE_LOOP('',(#9550,#9573,#9574,#9575));
#9550 = ORIENTED_EDGE('',*,*,#9551,.F.);
#9551 = EDGE_CURVE('',#9265,#9552,#9554,.T.);
#9552 = VERTEX_POINT('',#9553);
#9553 = CARTESIAN_POINT('',(-14.3,-0.5,4.4));
#9554 = SEAM_CURVE('',#9555,(#9559,#9566),.PCURVE_S1.);
#9555 = LINE('',#9556,#9557);
#9556 = CARTESIAN_POINT('',(-14.3,-0.5,2.3));
#9557 = VECTOR('',#9558,1.);
#9558 = DIRECTION('',(0.,0.,1.));
#9559 = PCURVE('',#9285,#9560);
#9560 = DEFINITIONAL_REPRESENTATION('',(#9561),#9565);
#9561 = LINE('',#9562,#9563);
#9562 = CARTESIAN_POINT('',(-6.28318530718,0.));
#9563 = VECTOR('',#9564,1.);
#9564 = DIRECTION('',(-0.,-1.));
#9565 = ( GEOMETRIC_REPRESENTATION_CONTEXT(2) 
PARAMETRIC_REPRESENTATION_CONTEXT() REPRESENTATION_CONTEXT('2D SPACE',''
  ) );
#9566 = PCURVE('',#9285,#9567);
#9567 = DEFINITIONAL_REPRESENTATION('',(#9568),#9572);
#9568 = LINE('',#9569,#9570);
#9569 = CARTESIAN_POINT('',(-0.,0.));
#9570 = VECTOR('',#9571,1.);
#9571 = DIRECTION('',(-0.,-1.));
#9572 = ( GEOMETRIC_REPRESENTATION_CONTEXT(2) 
PARAMETRIC_REPRESENTATION_CONTEXT() REPRESENTATION_CONTEXT('2D SPACE',''
  ) );
#9573 = ORIENTED_EDGE('',*,*,#9264,.T.);
#9574 = ORIENTED_EDGE('',*,*,#9551,.T.);
#9575 = ORIENTED_EDGE('',*,*,#9576,.F.);
#9576 = EDGE_CURVE('',#9552,#9552,#9577,.T.);
#9577 = SURFACE_CURVE('',#9578,(#9583,#9590),.PCURVE_S1.);
#9578 = CIRCLE('',#9579,1.7);
#9579 = AXIS2_PLACEMENT_3D('',#9580,#9581,#9582);
#9580 = CARTESIAN_POINT('',(-16.,-0.5,4.4));
#9581 = DIRECTION('',(0.,0.,-1.));
#9582 = DIRECTION('',(1.,0.,0.));
#9583 = PCURVE('',#9285,#9584);
#9584 = DEFINITIONAL_REPRESENTATION('',(#9585),#9589);
#9585 = LINE('',#9586,#9587);
#9586 = CARTESIAN_POINT('',(-6.28318530718,-2.1));
#9587 = VECTOR('',#9588,1.);
#9588 = DIRECTION('',(1.,-0.));
#9589 = ( GEOMETRIC_REPRESENTATION_CONTEXT(2) 
PARAMETRIC_REPRESENTATION_CONTEXT() REPRESENTATION_CONTEXT('2D SPACE',''
  ) );
#9590 = PCURVE('',#9591,#9596);
#9591 = PLANE('',#9592);
#9592 = AXIS2_PLACEMENT_3D('',#9593,#9594,#9595);
#9593 = CARTESIAN_POINT('',(-16.,-0.5,4.4));
#9594 = DIRECTION('',(0.,0.,1.));
#9595 = DIRECTION('',(1.,0.,-0.));
#9596 = DEFINITIONAL_REPRESENTATION('',(#9597),#9605);
#9597 = ( BOUNDED_CURVE() B_SPLINE_CURVE(2,(#9598,#9599,#9600,#9601,
#9602,#9603,#9604),.UNSPECIFIED.,.T.,.F.) B_SPLINE_CURVE_WITH_KNOTS((1,2
    ,2,2,2,1),(-2.094395102393,0.,2.094395102393,4.188790204786,
6.28318530718,8.377580409573),.UNSPECIFIED.) CURVE() 
GEOMETRIC_REPRESENTATION_ITEM() RATIONAL_B_SPLINE_CURVE((1.,0.5,1.,0.5,
1.,0.5,1.)) REPRESENTATION_ITEM('') );
#9598 = CARTESIAN_POINT('',(1.7,2.22044604925E-16));
#9599 = CARTESIAN_POINT('',(1.7,-2.944486372867));
#9600 = CARTESIAN_POINT('',(-0.85,-1.472243186434));
#9601 = CARTESIAN_POINT('',(-3.4,-1.943353067851E-16));
#9602 = CARTESIAN_POINT('',(-0.85,1.472243186434));
#9603 = CARTESIAN_POINT('',(1.7,2.944486372867));
#9604 = CARTESIAN_POINT('',(1.7,2.22044604925E-16));
#9605 = ( GEOMETRIC_REPRESENTATION_CONTEXT(2) 
PARAMETRIC_REPRESENTATION_CONTEXT() REPRESENTATION_CONTEXT('2D SPACE',''
  ) );
#9606 = ADVANCED_FACE('',(#9607,#9777),#9532,.T.);
#9607 = FACE_BOUND('',#9608,.T.);
#9608 = EDGE_LOOP('',(#9609,#9639,#9667,#9695,#9723,#9751));
#9609 = ORIENTED_EDGE('',*,*,#9610,.T.);
#9610 = EDGE_CURVE('',#9611,#9613,#9615,.T.);
#9611 = VERTEX_POINT('',#9612);
#9612 = CARTESIAN_POINT('',(18.85,1.14544826719,4.4));
#9613 = VERTEX_POINT('',#9614);
#9614 = CARTESIAN_POINT('',(16.,2.790896534381,4.4));
#9615 = SURFACE_CURVE('',#9616,(#9620,#9627),.PCURVE_S1.);
#9616 = LINE('',#9617,#9618);
#9617 = CARTESIAN_POINT('',(18.85,1.14544826719,4.4));
#9618 = VECTOR('',#9619,1.);
#9619 = DIRECTION('',(-0.866025403784,0.5,0.));
#9620 = PCURVE('',#9532,#9621);
#9621 = DEFINITIONAL_REPRESENTATION('',(#9622),#9626);
#9622 = LINE('',#9623,#9624);
#9623 = CARTESIAN_POINT('',(2.85,1.64544826719));
#9624 = VECTOR('',#9625,1.);
#9625 = DIRECTION('',(-0.866025403784,0.5));
#9626 = ( GEOMETRIC_REPRESENTATION_CONTEXT(2) 
PARAMETRIC_REPRESENTATION_CONTEXT() REPRESENTATION_CONTEXT('2D SPACE',''
  ) );
#9627 = PCURVE('',#9628,#9633);
#9628 = PLANE('',#9629);
#9629 = AXIS2_PLACEMENT_3D('',#9630,#9631,#9632);
#9630 = CARTESIAN_POINT('',(18.85,1.14544826719,4.4));
#9631 = DIRECTION('',(-0.5,-0.866025403784,0.));
#9632 = DIRECTION('',(-0.866025403784,0.5,0.));
#9633 = DEFINITIONAL_REPRESENTATION('',(#9634),#9638);
#9634 = LINE('',#9635,#9636);
#9635 = CARTESIAN_POINT('',(0.,0.));
#9636 = VECTOR('',#9637,1.);
#9637 = DIRECTION('',(1.,0.));
#9638 = ( GEOMETRIC_REPRESENTATION_CONTEXT(2) 
PARAMETRIC_REPRESENTATION_CONTEXT() REPRESENTATION_CONTEXT('2D SPACE',''
  ) );
#9639 = ORIENTED_EDGE('',*,*,#9640,.T.);
#9640 = EDGE_CURVE('',#9613,#9641,#9643,.T.);
#9641 = VERTEX_POINT('',#9642);
#9642 = CARTESIAN_POINT('',(13.15,1.14544826719,4.4));
#9643 = SURFACE_CURVE('',#9644,(#9648,#9655),.PCURVE_S1.);
#9644 = LINE('',#9645,#9646);
#9645 = CARTESIAN_POINT('',(16.,2.790896534381,4.4));
#9646 = VECTOR('',#9647,1.);
#9647 = DIRECTION('',(-0.866025403784,-0.5,0.));
#9648 = PCURVE('',#9532,#9649);
#9649 = DEFINITIONAL_REPRESENTATION('',(#9650),#9654);
#9650 = LINE('',#9651,#9652);
#9651 = CARTESIAN_POINT('',(0.,3.290896534381));
#9652 = VECTOR('',#9653,1.);
#9653 = DIRECTION('',(-0.866025403784,-0.5));
#9654 = ( GEOMETRIC_REPRESENTATION_CONTEXT(2) 
PARAMETRIC_REPRESENTATION_CONTEXT() REPRESENTATION_CONTEXT('2D SPACE',''
  ) );
#9655 = PCURVE('',#9656,#9661);
#9656 = PLANE('',#9657);
#9657 = AXIS2_PLACEMENT_3D('',#9658,#9659,#9660);
#9658 = CARTESIAN_POINT('',(16.,2.790896534381,4.4));
#9659 = DIRECTION('',(0.5,-0.866025403784,0.));
#9660 = DIRECTION('',(-0.866025403784,-0.5,0.));
#9661 = DEFINITIONAL_REPRESENTATION('',(#9662),#9666);
#9662 = LINE('',#9663,#9664);
#9663 = CARTESIAN_POINT('',(0.,0.));
#9664 = VECTOR('',#9665,1.);
#9665 = DIRECTION('',(1.,0.));
#9666 = ( GEOMETRIC_REPRESENTATION_CONTEXT(2) 
PARAMETRIC_REPRESENTATION_CONTEXT() REPRESENTATION_CONTEXT('2D SPACE',''
  ) );
#9667 = ORIENTED_EDGE('',*,*,#9668,.T.);
#9668 = EDGE_CURVE('',#9641,#9669,#9671,.T.);
#9669 = VERTEX_POINT('',#9670);
#9670 = CARTESIAN_POINT('',(13.15,-2.14544826719,4.4));
#9671 = SURFACE_CURVE('',#9672,(#9676,#9683),.PCURVE_S1.);
#9672 = LINE('',#9673,#9674);
#9673 = CARTESIAN_POINT('',(13.15,1.14544826719,4.4));
#9674 = VECTOR('',#9675,1.);
#9675 = DIRECTION('',(1.349447499217E-16,-1.,0.));
#9676 = PCURVE('',#9532,#9677);
#9677 = DEFINITIONAL_REPRESENTATION('',(#9678),#9682);
#9678 = LINE('',#9679,#9680);
#9679 = CARTESIAN_POINT('',(-2.85,1.64544826719));
#9680 = VECTOR('',#9681,1.);
#9681 = DIRECTION('',(1.349447499217E-16,-1.));
#9682 = ( GEOMETRIC_REPRESENTATION_CONTEXT(2) 
PARAMETRIC_REPRESENTATION_CONTEXT() REPRESENTATION_CONTEXT('2D SPACE',''
  ) );
#9683 = PCURVE('',#9684,#9689);
#9684 = PLANE('',#9685);
#9685 = AXIS2_PLACEMENT_3D('',#9686,#9687,#9688);
#9686 = CARTESIAN_POINT('',(13.15,1.14544826719,4.4));
#9687 = DIRECTION('',(1.,1.349447499217E-16,-0.));
#9688 = DIRECTION('',(1.349447499217E-16,-1.,0.));
#9689 = DEFINITIONAL_REPRESENTATION('',(#9690),#9694);
#9690 = LINE('',#9691,#9692);
#9691 = CARTESIAN_POINT('',(0.,0.));
#9692 = VECTOR('',#9693,1.);
#9693 = DIRECTION('',(1.,0.));
#9694 = ( GEOMETRIC_REPRESENTATION_CONTEXT(2) 
PARAMETRIC_REPRESENTATION_CONTEXT() REPRESENTATION_CONTEXT('2D SPACE',''
  ) );
#9695 = ORIENTED_EDGE('',*,*,#9696,.T.);
#9696 = EDGE_CURVE('',#9669,#9697,#9699,.T.);
#9697 = VERTEX_POINT('',#9698);
#9698 = CARTESIAN_POINT('',(16.,-3.790896534381,4.4));
#9699 = SURFACE_CURVE('',#9700,(#9704,#9711),.PCURVE_S1.);
#9700 = LINE('',#9701,#9702);
#9701 = CARTESIAN_POINT('',(13.15,-2.14544826719,4.4));
#9702 = VECTOR('',#9703,1.);
#9703 = DIRECTION('',(0.866025403784,-0.5,0.));
#9704 = PCURVE('',#9532,#9705);
#9705 = DEFINITIONAL_REPRESENTATION('',(#9706),#9710);
#9706 = LINE('',#9707,#9708);
#9707 = CARTESIAN_POINT('',(-2.85,-1.64544826719));
#9708 = VECTOR('',#9709,1.);
#9709 = DIRECTION('',(0.866025403784,-0.5));
#9710 = ( GEOMETRIC_REPRESENTATION_CONTEXT(2) 
PARAMETRIC_REPRESENTATION_CONTEXT() REPRESENTATION_CONTEXT('2D SPACE',''
  ) );
#9711 = PCURVE('',#9712,#9717);
#9712 = PLANE('',#9713);
#9713 = AXIS2_PLACEMENT_3D('',#9714,#9715,#9716);
#9714 = CARTESIAN_POINT('',(13.15,-2.14544826719,4.4));
#9715 = DIRECTION('',(0.5,0.866025403784,-0.));
#9716 = DIRECTION('',(0.866025403784,-0.5,0.));
#9717 = DEFINITIONAL_REPRESENTATION('',(#9718),#9722);
#9718 = LINE('',#9719,#9720);
#9719 = CARTESIAN_POINT('',(0.,0.));
#9720 = VECTOR('',#9721,1.);
#9721 = DIRECTION('',(1.,0.));
#9722 = ( GEOMETRIC_REPRESENTATION_CONTEXT(2) 
PARAMETRIC_REPRESENTATION_CONTEXT() REPRESENTATION_CONTEXT('2D SPACE',''
  ) );
#9723 = ORIENTED_EDGE('',*,*,#9724,.T.);
#9724 = EDGE_CURVE('',#9697,#9725,#9727,.T.);
#9725 = VERTEX_POINT('',#9726);
#9726 = CARTESIAN_POINT('',(18.85,-2.14544826719,4.4));
#9727 = SURFACE_CURVE('',#9728,(#9732,#9739),.PCURVE_S1.);
#9728 = LINE('',#9729,#9730);
#9729 = CARTESIAN_POINT('',(16.,-3.790896534381,4.4));
#9730 = VECTOR('',#9731,1.);
#9731 = DIRECTION('',(0.866025403784,0.5,0.));
#9732 = PCURVE('',#9532,#9733);
#9733 = DEFINITIONAL_REPRESENTATION('',(#9734),#9738);
#9734 = LINE('',#9735,#9736);
#9735 = CARTESIAN_POINT('',(0.,-3.290896534381));
#9736 = VECTOR('',#9737,1.);
#9737 = DIRECTION('',(0.866025403784,0.5));
#9738 = ( GEOMETRIC_REPRESENTATION_CONTEXT(2) 
PARAMETRIC_REPRESENTATION_CONTEXT() REPRESENTATION_CONTEXT('2D SPACE',''
  ) );
#9739 = PCURVE('',#9740,#9745);
#9740 = PLANE('',#9741);
#9741 = AXIS2_PLACEMENT_3D('',#9742,#9743,#9744);
#9742 = CARTESIAN_POINT('',(16.,-3.790896534381,4.4));
#9743 = DIRECTION('',(-0.5,0.866025403784,0.));
#9744 = DIRECTION('',(0.866025403784,0.5,0.));
#9745 = DEFINITIONAL_REPRESENTATION('',(#9746),#9750);
#9746 = LINE('',#9747,#9748);
#9747 = CARTESIAN_POINT('',(0.,0.));
#9748 = VECTOR('',#9749,1.);
#9749 = DIRECTION('',(1.,0.));
#9750 = ( GEOMETRIC_REPRESENTATION_CONTEXT(2) 
PARAMETRIC_REPRESENTATION_CONTEXT() REPRESENTATION_CONTEXT('2D SPACE',''
  ) );
#9751 = ORIENTED_EDGE('',*,*,#9752,.T.);
#9752 = EDGE_CURVE('',#9725,#9611,#9753,.T.);
#9753 = SURFACE_CURVE('',#9754,(#9758,#9765),.PCURVE_S1.);
#9754 = LINE('',#9755,#9756);
#9755 = CARTESIAN_POINT('',(18.85,-2.14544826719,4.4));
#9756 = VECTOR('',#9757,1.);
#9757 = DIRECTION('',(4.04834249765E-16,1.,0.));
#9758 = PCURVE('',#9532,#9759);
#9759 = DEFINITIONAL_REPRESENTATION('',(#9760),#9764);
#9760 = LINE('',#9761,#9762);
#9761 = CARTESIAN_POINT('',(2.85,-1.64544826719));
#9762 = VECTOR('',#9763,1.);
#9763 = DIRECTION('',(4.04834249765E-16,1.));
#9764 = ( GEOMETRIC_REPRESENTATION_CONTEXT(2) 
PARAMETRIC_REPRESENTATION_CONTEXT() REPRESENTATION_CONTEXT('2D SPACE',''
  ) );
#9765 = PCURVE('',#9766,#9771);
#9766 = PLANE('',#9767);
#9767 = AXIS2_PLACEMENT_3D('',#9768,#9769,#9770);
#9768 = CARTESIAN_POINT('',(18.85,-2.14544826719,4.4));
#9769 = DIRECTION('',(-1.,4.04834249765E-16,0.));
#9770 = DIRECTION('',(4.04834249765E-16,1.,0.));
#9771 = DEFINITIONAL_REPRESENTATION('',(#9772),#9776);
#9772 = LINE('',#9773,#9774);
#9773 = CARTESIAN_POINT('',(0.,0.));
#9774 = VECTOR('',#9775,1.);
#9775 = DIRECTION('',(1.,0.));
#9776 = ( GEOMETRIC_REPRESENTATION_CONTEXT(2) 
PARAMETRIC_REPRESENTATION_CONTEXT() REPRESENTATION_CONTEXT('2D SPACE',''
  ) );
#9777 = FACE_BOUND('',#9778,.T.);
#9778 = EDGE_LOOP('',(#9779));
#9779 = ORIENTED_EDGE('',*,*,#9517,.T.);
#9780 = ADVANCED_FACE('',(#9781,#9951),#9591,.T.);
#9781 = FACE_BOUND('',#9782,.T.);
#9782 = EDGE_LOOP('',(#9783,#9813,#9841,#9869,#9897,#9925));
#9783 = ORIENTED_EDGE('',*,*,#9784,.T.);
#9784 = EDGE_CURVE('',#9785,#9787,#9789,.T.);
#9785 = VERTEX_POINT('',#9786);
#9786 = CARTESIAN_POINT('',(-13.15,1.14544826719,4.4));
#9787 = VERTEX_POINT('',#9788);
#9788 = CARTESIAN_POINT('',(-16.,2.790896534381,4.4));
#9789 = SURFACE_CURVE('',#9790,(#9794,#9801),.PCURVE_S1.);
#9790 = LINE('',#9791,#9792);
#9791 = CARTESIAN_POINT('',(-13.15,1.14544826719,4.4));
#9792 = VECTOR('',#9793,1.);
#9793 = DIRECTION('',(-0.866025403784,0.5,0.));
#9794 = PCURVE('',#9591,#9795);
#9795 = DEFINITIONAL_REPRESENTATION('',(#9796),#9800);
#9796 = LINE('',#9797,#9798);
#9797 = CARTESIAN_POINT('',(2.85,1.64544826719));
#9798 = VECTOR('',#9799,1.);
#9799 = DIRECTION('',(-0.866025403784,0.5));
#9800 = ( GEOMETRIC_REPRESENTATION_CONTEXT(2) 
PARAMETRIC_REPRESENTATION_CONTEXT() REPRESENTATION_CONTEXT('2D SPACE',''
  ) );
#9801 = PCURVE('',#9802,#9807);
#9802 = PLANE('',#9803);
#9803 = AXIS2_PLACEMENT_3D('',#9804,#9805,#9806);
#9804 = CARTESIAN_POINT('',(-13.15,1.14544826719,4.4));
#9805 = DIRECTION('',(-0.5,-0.866025403784,0.));
#9806 = DIRECTION('',(-0.866025403784,0.5,0.));
#9807 = DEFINITIONAL_REPRESENTATION('',(#9808),#9812);
#9808 = LINE('',#9809,#9810);
#9809 = CARTESIAN_POINT('',(0.,0.));
#9810 = VECTOR('',#9811,1.);
#9811 = DIRECTION('',(1.,0.));
#9812 = ( GEOMETRIC_REPRESENTATION_CONTEXT(2) 
PARAMETRIC_REPRESENTATION_CONTEXT() REPRESENTATION_CONTEXT('2D SPACE',''
  ) );
#9813 = ORIENTED_EDGE('',*,*,#9814,.T.);
#9814 = EDGE_CURVE('',#9787,#9815,#9817,.T.);
#9815 = VERTEX_POINT('',#9816);
#9816 = CARTESIAN_POINT('',(-18.85,1.14544826719,4.4));
#9817 = SURFACE_CURVE('',#9818,(#9822,#9829),.PCURVE_S1.);
#9818 = LINE('',#9819,#9820);
#9819 = CARTESIAN_POINT('',(-16.,2.790896534381,4.4));
#9820 = VECTOR('',#9821,1.);
#9821 = DIRECTION('',(-0.866025403784,-0.5,0.));
#9822 = PCURVE('',#9591,#9823);
#9823 = DEFINITIONAL_REPRESENTATION('',(#9824),#9828);
#9824 = LINE('',#9825,#9826);
#9825 = CARTESIAN_POINT('',(0.,3.290896534381));
#9826 = VECTOR('',#9827,1.);
#9827 = DIRECTION('',(-0.866025403784,-0.5));
#9828 = ( GEOMETRIC_REPRESENTATION_CONTEXT(2) 
PARAMETRIC_REPRESENTATION_CONTEXT() REPRESENTATION_CONTEXT('2D SPACE',''
  ) );
#9829 = PCURVE('',#9830,#9835);
#9830 = PLANE('',#9831);
#9831 = AXIS2_PLACEMENT_3D('',#9832,#9833,#9834);
#9832 = CARTESIAN_POINT('',(-16.,2.790896534381,4.4));
#9833 = DIRECTION('',(0.5,-0.866025403784,0.));
#9834 = DIRECTION('',(-0.866025403784,-0.5,0.));
#9835 = DEFINITIONAL_REPRESENTATION('',(#9836),#9840);
#9836 = LINE('',#9837,#9838);
#9837 = CARTESIAN_POINT('',(0.,0.));
#9838 = VECTOR('',#9839,1.);
#9839 = DIRECTION('',(1.,0.));
#9840 = ( GEOMETRIC_REPRESENTATION_CONTEXT(2) 
PARAMETRIC_REPRESENTATION_CONTEXT() REPRESENTATION_CONTEXT('2D SPACE',''
  ) );
#9841 = ORIENTED_EDGE('',*,*,#9842,.T.);
#9842 = EDGE_CURVE('',#9815,#9843,#9845,.T.);
#9843 = VERTEX_POINT('',#9844);
#9844 = CARTESIAN_POINT('',(-18.85,-2.14544826719,4.4));
#9845 = SURFACE_CURVE('',#9846,(#9850,#9857),.PCURVE_S1.);
#9846 = LINE('',#9847,#9848);
#9847 = CARTESIAN_POINT('',(-18.85,1.14544826719,4.4));
#9848 = VECTOR('',#9849,1.);
#9849 = DIRECTION('',(1.349447499217E-16,-1.,0.));
#9850 = PCURVE('',#9591,#9851);
#9851 = DEFINITIONAL_REPRESENTATION('',(#9852),#9856);
#9852 = LINE('',#9853,#9854);
#9853 = CARTESIAN_POINT('',(-2.85,1.64544826719));
#9854 = VECTOR('',#9855,1.);
#9855 = DIRECTION('',(1.349447499217E-16,-1.));
#9856 = ( GEOMETRIC_REPRESENTATION_CONTEXT(2) 
PARAMETRIC_REPRESENTATION_CONTEXT() REPRESENTATION_CONTEXT('2D SPACE',''
  ) );
#9857 = PCURVE('',#9858,#9863);
#9858 = PLANE('',#9859);
#9859 = AXIS2_PLACEMENT_3D('',#9860,#9861,#9862);
#9860 = CARTESIAN_POINT('',(-18.85,1.14544826719,4.4));
#9861 = DIRECTION('',(1.,1.349447499217E-16,-0.));
#9862 = DIRECTION('',(1.349447499217E-16,-1.,0.));
#9863 = DEFINITIONAL_REPRESENTATION('',(#9864),#9868);
#9864 = LINE('',#9865,#9866);
#9865 = CARTESIAN_POINT('',(0.,0.));
#9866 = VECTOR('',#9867,1.);
#9867 = DIRECTION('',(1.,0.));
#9868 = ( GEOMETRIC_REPRESENTATION_CONTEXT(2) 
PARAMETRIC_REPRESENTATION_CONTEXT() REPRESENTATION_CONTEXT('2D SPACE',''
  ) );
#9869 = ORIENTED_EDGE('',*,*,#9870,.T.);
#9870 = EDGE_CURVE('',#9843,#9871,#9873,.T.);
#9871 = VERTEX_POINT('',#9872);
#9872 = CARTESIAN_POINT('',(-16.,-3.790896534381,4.4));
#9873 = SURFACE_CURVE('',#9874,(#9878,#9885),.PCURVE_S1.);
#9874 = LINE('',#9875,#9876);
#9875 = CARTESIAN_POINT('',(-18.85,-2.14544826719,4.4));
#9876 = VECTOR('',#9877,1.);
#9877 = DIRECTION('',(0.866025403784,-0.5,0.));
#9878 = PCURVE('',#9591,#9879);
#9879 = DEFINITIONAL_REPRESENTATION('',(#9880),#9884);
#9880 = LINE('',#9881,#9882);
#9881 = CARTESIAN_POINT('',(-2.85,-1.64544826719));
#9882 = VECTOR('',#9883,1.);
#9883 = DIRECTION('',(0.866025403784,-0.5));
#9884 = ( GEOMETRIC_REPRESENTATION_CONTEXT(2) 
PARAMETRIC_REPRESENTATION_CONTEXT() REPRESENTATION_CONTEXT('2D SPACE',''
  ) );
#9885 = PCURVE('',#9886,#9891);
#9886 = PLANE('',#9887);
#9887 = AXIS2_PLACEMENT_3D('',#9888,#9889,#9890);
#9888 = CARTESIAN_POINT('',(-18.85,-2.14544826719,4.4));
#9889 = DIRECTION('',(0.5,0.866025403784,-0.));
#9890 = DIRECTION('',(0.866025403784,-0.5,0.));
#9891 = DEFINITIONAL_REPRESENTATION('',(#9892),#9896);
#9892 = LINE('',#9893,#9894);
#9893 = CARTESIAN_POINT('',(0.,0.));
#9894 = VECTOR('',#9895,1.);
#9895 = DIRECTION('',(1.,0.));
#9896 = ( GEOMETRIC_REPRESENTATION_CONTEXT(2) 
PARAMETRIC_REPRESENTATION_CONTEXT() REPRESENTATION_CONTEXT('2D SPACE',''
  ) );
#9897 = ORIENTED_EDGE('',*,*,#9898,.T.);
#9898 = EDGE_CURVE('',#9871,#9899,#9901,.T.);
#9899 = VERTEX_POINT('',#9900);
#9900 = CARTESIAN_POINT('',(-13.15,-2.14544826719,4.4));
#9901 = SURFACE_CURVE('',#9902,(#9906,#9913),.PCURVE_S1.);
#9902 = LINE('',#9903,#9904);
#9903 = CARTESIAN_POINT('',(-16.,-3.790896534381,4.4));
#9904 = VECTOR('',#9905,1.);
#9905 = DIRECTION('',(0.866025403784,0.5,0.));
#9906 = PCURVE('',#9591,#9907);
#9907 = DEFINITIONAL_REPRESENTATION('',(#9908),#9912);
#9908 = LINE('',#9909,#9910);
#9909 = CARTESIAN_POINT('',(0.,-3.290896534381));
#9910 = VECTOR('',#9911,1.);
#9911 = DIRECTION('',(0.866025403784,0.5));
#9912 = ( GEOMETRIC_REPRESENTATION_CONTEXT(2) 
PARAMETRIC_REPRESENTATION_CONTEXT() REPRESENTATION_CONTEXT('2D SPACE',''
  ) );
#9913 = PCURVE('',#9914,#9919);
#9914 = PLANE('',#9915);
#9915 = AXIS2_PLACEMENT_3D('',#9916,#9917,#9918);
#9916 = CARTESIAN_POINT('',(-16.,-3.790896534381,4.4));
#9917 = DIRECTION('',(-0.5,0.866025403784,0.));
#9918 = DIRECTION('',(0.866025403784,0.5,0.));
#9919 = DEFINITIONAL_REPRESENTATION('',(#9920),#9924);
#9920 = LINE('',#9921,#9922);
#9921 = CARTESIAN_POINT('',(0.,0.));
#9922 = VECTOR('',#9923,1.);
#9923 = DIRECTION('',(1.,0.));
#9924 = ( GEOMETRIC_REPRESENTATION_CONTEXT(2) 
PARAMETRIC_REPRESENTATION_CONTEXT() REPRESENTATION_CONTEXT('2D SPACE',''
  ) );
#9925 = ORIENTED_EDGE('',*,*,#9926,.T.);
#9926 = EDGE_CURVE('',#9899,#9785,#9927,.T.);
#9927 = SURFACE_CURVE('',#9928,(#9932,#9939),.PCURVE_S1.);
#9928 = LINE('',#9929,#9930);
#9929 = CARTESIAN_POINT('',(-13.15,-2.14544826719,4.4));
#9930 = VECTOR('',#9931,1.);
#9931 = DIRECTION('',(4.04834249765E-16,1.,0.));
#9932 = PCURVE('',#9591,#9933);
#9933 = DEFINITIONAL_REPRESENTATION('',(#9934),#9938);
#9934 = LINE('',#9935,#9936);
#9935 = CARTESIAN_POINT('',(2.85,-1.64544826719));
#9936 = VECTOR('',#9937,1.);
#9937 = DIRECTION('',(4.04834249765E-16,1.));
#9938 = ( GEOMETRIC_REPRESENTATION_CONTEXT(2) 
PARAMETRIC_REPRESENTATION_CONTEXT() REPRESENTATION_CONTEXT('2D SPACE',''
  ) );
#9939 = PCURVE('',#9940,#9945);
#9940 = PLANE('',#9941);
#9941 = AXIS2_PLACEMENT_3D('',#9942,#9943,#9944);
#9942 = CARTESIAN_POINT('',(-13.15,-2.14544826719,4.4));
#9943 = DIRECTION('',(-1.,4.04834249765E-16,0.));
#9944 = DIRECTION('',(4.04834249765E-16,1.,0.));
#9945 = DEFINITIONAL_REPRESENTATION('',(#9946),#9950);
#9946 = LINE('',#9947,#9948);
#9947 = CARTESIAN_POINT('',(0.,0.));
#9948 = VECTOR('',#9949,1.);
#9949 = DIRECTION('',(1.,0.));
#9950 = ( GEOMETRIC_REPRESENTATION_CONTEXT(2) 
PARAMETRIC_REPRESENTATION_CONTEXT() REPRESENTATION_CONTEXT('2D SPACE',''
  ) );
#9951 = FACE_BOUND('',#9952,.T.);
#9952 = EDGE_LOOP('',(#9953));
#9953 = ORIENTED_EDGE('',*,*,#9576,.T.);
#9954 = ADVANCED_FACE('',(#9955),#9628,.T.);
#9955 = FACE_BOUND('',#9956,.T.);
#9956 = EDGE_LOOP('',(#9957,#9980,#10008,#10029));
#9957 = ORIENTED_EDGE('',*,*,#9958,.T.);
#9958 = EDGE_CURVE('',#9611,#9959,#9961,.T.);
#9959 = VERTEX_POINT('',#9960);
#9960 = CARTESIAN_POINT('',(18.85,1.14544826719,8.8));
#9961 = SURFACE_CURVE('',#9962,(#9966,#9973),.PCURVE_S1.);
#9962 = LINE('',#9963,#9964);
#9963 = CARTESIAN_POINT('',(18.85,1.14544826719,4.4));
#9964 = VECTOR('',#9965,1.);
#9965 = DIRECTION('',(0.,0.,1.));
#9966 = PCURVE('',#9628,#9967);
#9967 = DEFINITIONAL_REPRESENTATION('',(#9968),#9972);
#9968 = LINE('',#9969,#9970);
#9969 = CARTESIAN_POINT('',(0.,0.));
#9970 = VECTOR('',#9971,1.);
#9971 = DIRECTION('',(0.,-1.));
#9972 = ( GEOMETRIC_REPRESENTATION_CONTEXT(2) 
PARAMETRIC_REPRESENTATION_CONTEXT() REPRESENTATION_CONTEXT('2D SPACE',''
  ) );
#9973 = PCURVE('',#9766,#9974);
#9974 = DEFINITIONAL_REPRESENTATION('',(#9975),#9979);
#9975 = LINE('',#9976,#9977);
#9976 = CARTESIAN_POINT('',(3.290896534381,0.));
#9977 = VECTOR('',#9978,1.);
#9978 = DIRECTION('',(0.,-1.));
#9979 = ( GEOMETRIC_REPRESENTATION_CONTEXT(2) 
PARAMETRIC_REPRESENTATION_CONTEXT() REPRESENTATION_CONTEXT('2D SPACE',''
  ) );
#9980 = ORIENTED_EDGE('',*,*,#9981,.T.);
#9981 = EDGE_CURVE('',#9959,#9982,#9984,.T.);
#9982 = VERTEX_POINT('',#9983);
#9983 = CARTESIAN_POINT('',(16.,2.790896534381,8.8));
#9984 = SURFACE_CURVE('',#9985,(#9989,#9996),.PCURVE_S1.);
#9985 = LINE('',#9986,#9987);
#9986 = CARTESIAN_POINT('',(18.85,1.14544826719,8.8));
#9987 = VECTOR('',#9988,1.);
#9988 = DIRECTION('',(-0.866025403784,0.5,0.));
#9989 = PCURVE('',#9628,#9990);
#9990 = DEFINITIONAL_REPRESENTATION('',(#9991),#9995);
#9991 = LINE('',#9992,#9993);
#9992 = CARTESIAN_POINT('',(0.,-4.4));
#9993 = VECTOR('',#9994,1.);
#9994 = DIRECTION('',(1.,0.));
#9995 = ( GEOMETRIC_REPRESENTATION_CONTEXT(2) 
PARAMETRIC_REPRESENTATION_CONTEXT() REPRESENTATION_CONTEXT('2D SPACE',''
  ) );
#9996 = PCURVE('',#9997,#10002);
#9997 = PLANE('',#9998);
#9998 = AXIS2_PLACEMENT_3D('',#9999,#10000,#10001);
#9999 = CARTESIAN_POINT('',(16.,-0.5,8.8));
#10000 = DIRECTION('',(0.,0.,1.));
#10001 = DIRECTION('',(1.,0.,-0.));
#10002 = DEFINITIONAL_REPRESENTATION('',(#10003),#10007);
#10003 = LINE('',#10004,#10005);
#10004 = CARTESIAN_POINT('',(2.85,1.64544826719));
#10005 = VECTOR('',#10006,1.);
#10006 = DIRECTION('',(-0.866025403784,0.5));
#10007 = ( GEOMETRIC_REPRESENTATION_CONTEXT(2) 
PARAMETRIC_REPRESENTATION_CONTEXT() REPRESENTATION_CONTEXT('2D SPACE',''
  ) );
#10008 = ORIENTED_EDGE('',*,*,#10009,.F.);
#10009 = EDGE_CURVE('',#9613,#9982,#10010,.T.);
#10010 = SURFACE_CURVE('',#10011,(#10015,#10022),.PCURVE_S1.);
#10011 = LINE('',#10012,#10013);
#10012 = CARTESIAN_POINT('',(16.,2.790896534381,4.4));
#10013 = VECTOR('',#10014,1.);
#10014 = DIRECTION('',(0.,0.,1.));
#10015 = PCURVE('',#9628,#10016);
#10016 = DEFINITIONAL_REPRESENTATION('',(#10017),#10021);
#10017 = LINE('',#10018,#10019);
#10018 = CARTESIAN_POINT('',(3.290896534381,0.));
#10019 = VECTOR('',#10020,1.);
#10020 = DIRECTION('',(0.,-1.));
#10021 = ( GEOMETRIC_REPRESENTATION_CONTEXT(2) 
PARAMETRIC_REPRESENTATION_CONTEXT() REPRESENTATION_CONTEXT('2D SPACE',''
  ) );
#10022 = PCURVE('',#9656,#10023);
#10023 = DEFINITIONAL_REPRESENTATION('',(#10024),#10028);
#10024 = LINE('',#10025,#10026);
#10025 = CARTESIAN_POINT('',(0.,0.));
#10026 = VECTOR('',#10027,1.);
#10027 = DIRECTION('',(0.,-1.));
#10028 = ( GEOMETRIC_REPRESENTATION_CONTEXT(2) 
PARAMETRIC_REPRESENTATION_CONTEXT() REPRESENTATION_CONTEXT('2D SPACE',''
  ) );
#10029 = ORIENTED_EDGE('',*,*,#9610,.F.);
#10030 = ADVANCED_FACE('',(#10031),#9766,.T.);
#10031 = FACE_BOUND('',#10032,.T.);
#10032 = EDGE_LOOP('',(#10033,#10056,#10077,#10078));
#10033 = ORIENTED_EDGE('',*,*,#10034,.T.);
#10034 = EDGE_CURVE('',#9725,#10035,#10037,.T.);
#10035 = VERTEX_POINT('',#10036);
#10036 = CARTESIAN_POINT('',(18.85,-2.14544826719,8.8));
#10037 = SURFACE_CURVE('',#10038,(#10042,#10049),.PCURVE_S1.);
#10038 = LINE('',#10039,#10040);
#10039 = CARTESIAN_POINT('',(18.85,-2.14544826719,4.4));
#10040 = VECTOR('',#10041,1.);
#10041 = DIRECTION('',(0.,0.,1.));
#10042 = PCURVE('',#9766,#10043);
#10043 = DEFINITIONAL_REPRESENTATION('',(#10044),#10048);
#10044 = LINE('',#10045,#10046);
#10045 = CARTESIAN_POINT('',(0.,0.));
#10046 = VECTOR('',#10047,1.);
#10047 = DIRECTION('',(0.,-1.));
#10048 = ( GEOMETRIC_REPRESENTATION_CONTEXT(2) 
PARAMETRIC_REPRESENTATION_CONTEXT() REPRESENTATION_CONTEXT('2D SPACE',''
  ) );
#10049 = PCURVE('',#9740,#10050);
#10050 = DEFINITIONAL_REPRESENTATION('',(#10051),#10055);
#10051 = LINE('',#10052,#10053);
#10052 = CARTESIAN_POINT('',(3.290896534381,0.));
#10053 = VECTOR('',#10054,1.);
#10054 = DIRECTION('',(0.,-1.));
#10055 = ( GEOMETRIC_REPRESENTATION_CONTEXT(2) 
PARAMETRIC_REPRESENTATION_CONTEXT() REPRESENTATION_CONTEXT('2D SPACE',''
  ) );
#10056 = ORIENTED_EDGE('',*,*,#10057,.T.);
#10057 = EDGE_CURVE('',#10035,#9959,#10058,.T.);
#10058 = SURFACE_CURVE('',#10059,(#10063,#10070),.PCURVE_S1.);
#10059 = LINE('',#10060,#10061);
#10060 = CARTESIAN_POINT('',(18.85,-2.14544826719,8.8));
#10061 = VECTOR('',#10062,1.);
#10062 = DIRECTION('',(4.04834249765E-16,1.,0.));
#10063 = PCURVE('',#9766,#10064);
#10064 = DEFINITIONAL_REPRESENTATION('',(#10065),#10069);
#10065 = LINE('',#10066,#10067);
#10066 = CARTESIAN_POINT('',(0.,-4.4));
#10067 = VECTOR('',#10068,1.);
#10068 = DIRECTION('',(1.,0.));
#10069 = ( GEOMETRIC_REPRESENTATION_CONTEXT(2) 
PARAMETRIC_REPRESENTATION_CONTEXT() REPRESENTATION_CONTEXT('2D SPACE',''
  ) );
#10070 = PCURVE('',#9997,#10071);
#10071 = DEFINITIONAL_REPRESENTATION('',(#10072),#10076);
#10072 = LINE('',#10073,#10074);
#10073 = CARTESIAN_POINT('',(2.85,-1.64544826719));
#10074 = VECTOR('',#10075,1.);
#10075 = DIRECTION('',(4.04834249765E-16,1.));
#10076 = ( GEOMETRIC_REPRESENTATION_CONTEXT(2) 
PARAMETRIC_REPRESENTATION_CONTEXT() REPRESENTATION_CONTEXT('2D SPACE',''
  ) );
#10077 = ORIENTED_EDGE('',*,*,#9958,.F.);
#10078 = ORIENTED_EDGE('',*,*,#9752,.F.);
#10079 = ADVANCED_FACE('',(#10080),#9656,.T.);
#10080 = FACE_BOUND('',#10081,.T.);
#10081 = EDGE_LOOP('',(#10082,#10083,#10106,#10127));
#10082 = ORIENTED_EDGE('',*,*,#10009,.T.);
#10083 = ORIENTED_EDGE('',*,*,#10084,.T.);
#10084 = EDGE_CURVE('',#9982,#10085,#10087,.T.);
#10085 = VERTEX_POINT('',#10086);
#10086 = CARTESIAN_POINT('',(13.15,1.14544826719,8.8));
#10087 = SURFACE_CURVE('',#10088,(#10092,#10099),.PCURVE_S1.);
#10088 = LINE('',#10089,#10090);
#10089 = CARTESIAN_POINT('',(16.,2.790896534381,8.8));
#10090 = VECTOR('',#10091,1.);
#10091 = DIRECTION('',(-0.866025403784,-0.5,0.));
#10092 = PCURVE('',#9656,#10093);
#10093 = DEFINITIONAL_REPRESENTATION('',(#10094),#10098);
#10094 = LINE('',#10095,#10096);
#10095 = CARTESIAN_POINT('',(0.,-4.4));
#10096 = VECTOR('',#10097,1.);
#10097 = DIRECTION('',(1.,0.));
#10098 = ( GEOMETRIC_REPRESENTATION_CONTEXT(2) 
PARAMETRIC_REPRESENTATION_CONTEXT() REPRESENTATION_CONTEXT('2D SPACE',''
  ) );
#10099 = PCURVE('',#9997,#10100);
#10100 = DEFINITIONAL_REPRESENTATION('',(#10101),#10105);
#10101 = LINE('',#10102,#10103);
#10102 = CARTESIAN_POINT('',(0.,3.290896534381));
#10103 = VECTOR('',#10104,1.);
#10104 = DIRECTION('',(-0.866025403784,-0.5));
#10105 = ( GEOMETRIC_REPRESENTATION_CONTEXT(2) 
PARAMETRIC_REPRESENTATION_CONTEXT() REPRESENTATION_CONTEXT('2D SPACE',''
  ) );
#10106 = ORIENTED_EDGE('',*,*,#10107,.F.);
#10107 = EDGE_CURVE('',#9641,#10085,#10108,.T.);
#10108 = SURFACE_CURVE('',#10109,(#10113,#10120),.PCURVE_S1.);
#10109 = LINE('',#10110,#10111);
#10110 = CARTESIAN_POINT('',(13.15,1.14544826719,4.4));
#10111 = VECTOR('',#10112,1.);
#10112 = DIRECTION('',(0.,0.,1.));
#10113 = PCURVE('',#9656,#10114);
#10114 = DEFINITIONAL_REPRESENTATION('',(#10115),#10119);
#10115 = LINE('',#10116,#10117);
#10116 = CARTESIAN_POINT('',(3.290896534381,0.));
#10117 = VECTOR('',#10118,1.);
#10118 = DIRECTION('',(0.,-1.));
#10119 = ( GEOMETRIC_REPRESENTATION_CONTEXT(2) 
PARAMETRIC_REPRESENTATION_CONTEXT() REPRESENTATION_CONTEXT('2D SPACE',''
  ) );
#10120 = PCURVE('',#9684,#10121);
#10121 = DEFINITIONAL_REPRESENTATION('',(#10122),#10126);
#10122 = LINE('',#10123,#10124);
#10123 = CARTESIAN_POINT('',(0.,0.));
#10124 = VECTOR('',#10125,1.);
#10125 = DIRECTION('',(0.,-1.));
#10126 = ( GEOMETRIC_REPRESENTATION_CONTEXT(2) 
PARAMETRIC_REPRESENTATION_CONTEXT() REPRESENTATION_CONTEXT('2D SPACE',''
  ) );
#10127 = ORIENTED_EDGE('',*,*,#9640,.F.);
#10128 = ADVANCED_FACE('',(#10129),#9740,.T.);
#10129 = FACE_BOUND('',#10130,.T.);
#10130 = EDGE_LOOP('',(#10131,#10154,#10175,#10176));
#10131 = ORIENTED_EDGE('',*,*,#10132,.T.);
#10132 = EDGE_CURVE('',#9697,#10133,#10135,.T.);
#10133 = VERTEX_POINT('',#10134);
#10134 = CARTESIAN_POINT('',(16.,-3.790896534381,8.8));
#10135 = SURFACE_CURVE('',#10136,(#10140,#10147),.PCURVE_S1.);
#10136 = LINE('',#10137,#10138);
#10137 = CARTESIAN_POINT('',(16.,-3.790896534381,4.4));
#10138 = VECTOR('',#10139,1.);
#10139 = DIRECTION('',(0.,0.,1.));
#10140 = PCURVE('',#9740,#10141);
#10141 = DEFINITIONAL_REPRESENTATION('',(#10142),#10146);
#10142 = LINE('',#10143,#10144);
#10143 = CARTESIAN_POINT('',(0.,0.));
#10144 = VECTOR('',#10145,1.);
#10145 = DIRECTION('',(0.,-1.));
#10146 = ( GEOMETRIC_REPRESENTATION_CONTEXT(2) 
PARAMETRIC_REPRESENTATION_CONTEXT() REPRESENTATION_CONTEXT('2D SPACE',''
  ) );
#10147 = PCURVE('',#9712,#10148);
#10148 = DEFINITIONAL_REPRESENTATION('',(#10149),#10153);
#10149 = LINE('',#10150,#10151);
#10150 = CARTESIAN_POINT('',(3.290896534381,0.));
#10151 = VECTOR('',#10152,1.);
#10152 = DIRECTION('',(0.,-1.));
#10153 = ( GEOMETRIC_REPRESENTATION_CONTEXT(2) 
PARAMETRIC_REPRESENTATION_CONTEXT() REPRESENTATION_CONTEXT('2D SPACE',''
  ) );
#10154 = ORIENTED_EDGE('',*,*,#10155,.T.);
#10155 = EDGE_CURVE('',#10133,#10035,#10156,.T.);
#10156 = SURFACE_CURVE('',#10157,(#10161,#10168),.PCURVE_S1.);
#10157 = LINE('',#10158,#10159);
#10158 = CARTESIAN_POINT('',(16.,-3.790896534381,8.8));
#10159 = VECTOR('',#10160,1.);
#10160 = DIRECTION('',(0.866025403784,0.5,0.));
#10161 = PCURVE('',#9740,#10162);
#10162 = DEFINITIONAL_REPRESENTATION('',(#10163),#10167);
#10163 = LINE('',#10164,#10165);
#10164 = CARTESIAN_POINT('',(0.,-4.4));
#10165 = VECTOR('',#10166,1.);
#10166 = DIRECTION('',(1.,0.));
#10167 = ( GEOMETRIC_REPRESENTATION_CONTEXT(2) 
PARAMETRIC_REPRESENTATION_CONTEXT() REPRESENTATION_CONTEXT('2D SPACE',''
  ) );
#10168 = PCURVE('',#9997,#10169);
#10169 = DEFINITIONAL_REPRESENTATION('',(#10170),#10174);
#10170 = LINE('',#10171,#10172);
#10171 = CARTESIAN_POINT('',(0.,-3.290896534381));
#10172 = VECTOR('',#10173,1.);
#10173 = DIRECTION('',(0.866025403784,0.5));
#10174 = ( GEOMETRIC_REPRESENTATION_CONTEXT(2) 
PARAMETRIC_REPRESENTATION_CONTEXT() REPRESENTATION_CONTEXT('2D SPACE',''
  ) );
#10175 = ORIENTED_EDGE('',*,*,#10034,.F.);
#10176 = ORIENTED_EDGE('',*,*,#9724,.F.);
#10177 = ADVANCED_FACE('',(#10178),#9684,.T.);
#10178 = FACE_BOUND('',#10179,.T.);
#10179 = EDGE_LOOP('',(#10180,#10181,#10204,#10225));
#10180 = ORIENTED_EDGE('',*,*,#10107,.T.);
#10181 = ORIENTED_EDGE('',*,*,#10182,.T.);
#10182 = EDGE_CURVE('',#10085,#10183,#10185,.T.);
#10183 = VERTEX_POINT('',#10184);
#10184 = CARTESIAN_POINT('',(13.15,-2.14544826719,8.8));
#10185 = SURFACE_CURVE('',#10186,(#10190,#10197),.PCURVE_S1.);
#10186 = LINE('',#10187,#10188);
#10187 = CARTESIAN_POINT('',(13.15,1.14544826719,8.8));
#10188 = VECTOR('',#10189,1.);
#10189 = DIRECTION('',(1.349447499217E-16,-1.,0.));
#10190 = PCURVE('',#9684,#10191);
#10191 = DEFINITIONAL_REPRESENTATION('',(#10192),#10196);
#10192 = LINE('',#10193,#10194);
#10193 = CARTESIAN_POINT('',(0.,-4.4));
#10194 = VECTOR('',#10195,1.);
#10195 = DIRECTION('',(1.,0.));
#10196 = ( GEOMETRIC_REPRESENTATION_CONTEXT(2) 
PARAMETRIC_REPRESENTATION_CONTEXT() REPRESENTATION_CONTEXT('2D SPACE',''
  ) );
#10197 = PCURVE('',#9997,#10198);
#10198 = DEFINITIONAL_REPRESENTATION('',(#10199),#10203);
#10199 = LINE('',#10200,#10201);
#10200 = CARTESIAN_POINT('',(-2.85,1.64544826719));
#10201 = VECTOR('',#10202,1.);
#10202 = DIRECTION('',(1.349447499217E-16,-1.));
#10203 = ( GEOMETRIC_REPRESENTATION_CONTEXT(2) 
PARAMETRIC_REPRESENTATION_CONTEXT() REPRESENTATION_CONTEXT('2D SPACE',''
  ) );
#10204 = ORIENTED_EDGE('',*,*,#10205,.F.);
#10205 = EDGE_CURVE('',#9669,#10183,#10206,.T.);
#10206 = SURFACE_CURVE('',#10207,(#10211,#10218),.PCURVE_S1.);
#10207 = LINE('',#10208,#10209);
#10208 = CARTESIAN_POINT('',(13.15,-2.14544826719,4.4));
#10209 = VECTOR('',#10210,1.);
#10210 = DIRECTION('',(0.,0.,1.));
#10211 = PCURVE('',#9684,#10212);
#10212 = DEFINITIONAL_REPRESENTATION('',(#10213),#10217);
#10213 = LINE('',#10214,#10215);
#10214 = CARTESIAN_POINT('',(3.290896534381,0.));
#10215 = VECTOR('',#10216,1.);
#10216 = DIRECTION('',(0.,-1.));
#10217 = ( GEOMETRIC_REPRESENTATION_CONTEXT(2) 
PARAMETRIC_REPRESENTATION_CONTEXT() REPRESENTATION_CONTEXT('2D SPACE',''
  ) );
#10218 = PCURVE('',#9712,#10219);
#10219 = DEFINITIONAL_REPRESENTATION('',(#10220),#10224);
#10220 = LINE('',#10221,#10222);
#10221 = CARTESIAN_POINT('',(0.,0.));
#10222 = VECTOR('',#10223,1.);
#10223 = DIRECTION('',(0.,-1.));
#10224 = ( GEOMETRIC_REPRESENTATION_CONTEXT(2) 
PARAMETRIC_REPRESENTATION_CONTEXT() REPRESENTATION_CONTEXT('2D SPACE',''
  ) );
#10225 = ORIENTED_EDGE('',*,*,#9668,.F.);
#10226 = ADVANCED_FACE('',(#10227),#9712,.T.);
#10227 = FACE_BOUND('',#10228,.T.);
#10228 = EDGE_LOOP('',(#10229,#10230,#10251,#10252));
#10229 = ORIENTED_EDGE('',*,*,#10205,.T.);
#10230 = ORIENTED_EDGE('',*,*,#10231,.T.);
#10231 = EDGE_CURVE('',#10183,#10133,#10232,.T.);
#10232 = SURFACE_CURVE('',#10233,(#10237,#10244),.PCURVE_S1.);
#10233 = LINE('',#10234,#10235);
#10234 = CARTESIAN_POINT('',(13.15,-2.14544826719,8.8));
#10235 = VECTOR('',#10236,1.);
#10236 = DIRECTION('',(0.866025403784,-0.5,0.));
#10237 = PCURVE('',#9712,#10238);
#10238 = DEFINITIONAL_REPRESENTATION('',(#10239),#10243);
#10239 = LINE('',#10240,#10241);
#10240 = CARTESIAN_POINT('',(0.,-4.4));
#10241 = VECTOR('',#10242,1.);
#10242 = DIRECTION('',(1.,0.));
#10243 = ( GEOMETRIC_REPRESENTATION_CONTEXT(2) 
PARAMETRIC_REPRESENTATION_CONTEXT() REPRESENTATION_CONTEXT('2D SPACE',''
  ) );
#10244 = PCURVE('',#9997,#10245);
#10245 = DEFINITIONAL_REPRESENTATION('',(#10246),#10250);
#10246 = LINE('',#10247,#10248);
#10247 = CARTESIAN_POINT('',(-2.85,-1.64544826719));
#10248 = VECTOR('',#10249,1.);
#10249 = DIRECTION('',(0.866025403784,-0.5));
#10250 = ( GEOMETRIC_REPRESENTATION_CONTEXT(2) 
PARAMETRIC_REPRESENTATION_CONTEXT() REPRESENTATION_CONTEXT('2D SPACE',''
  ) );
#10251 = ORIENTED_EDGE('',*,*,#10132,.F.);
#10252 = ORIENTED_EDGE('',*,*,#9696,.F.);
#10253 = ADVANCED_FACE('',(#10254),#9802,.T.);
#10254 = FACE_BOUND('',#10255,.T.);
#10255 = EDGE_LOOP('',(#10256,#10279,#10307,#10328));
#10256 = ORIENTED_EDGE('',*,*,#10257,.T.);
#10257 = EDGE_CURVE('',#9785,#10258,#10260,.T.);
#10258 = VERTEX_POINT('',#10259);
#10259 = CARTESIAN_POINT('',(-13.15,1.14544826719,8.8));
#10260 = SURFACE_CURVE('',#10261,(#10265,#10272),.PCURVE_S1.);
#10261 = LINE('',#10262,#10263);
#10262 = CARTESIAN_POINT('',(-13.15,1.14544826719,4.4));
#10263 = VECTOR('',#10264,1.);
#10264 = DIRECTION('',(0.,0.,1.));
#10265 = PCURVE('',#9802,#10266);
#10266 = DEFINITIONAL_REPRESENTATION('',(#10267),#10271);
#10267 = LINE('',#10268,#10269);
#10268 = CARTESIAN_POINT('',(0.,0.));
#10269 = VECTOR('',#10270,1.);
#10270 = DIRECTION('',(0.,-1.));
#10271 = ( GEOMETRIC_REPRESENTATION_CONTEXT(2) 
PARAMETRIC_REPRESENTATION_CONTEXT() REPRESENTATION_CONTEXT('2D SPACE',''
  ) );
#10272 = PCURVE('',#9940,#10273);
#10273 = DEFINITIONAL_REPRESENTATION('',(#10274),#10278);
#10274 = LINE('',#10275,#10276);
#10275 = CARTESIAN_POINT('',(3.290896534381,0.));
#10276 = VECTOR('',#10277,1.);
#10277 = DIRECTION('',(0.,-1.));
#10278 = ( GEOMETRIC_REPRESENTATION_CONTEXT(2) 
PARAMETRIC_REPRESENTATION_CONTEXT() REPRESENTATION_CONTEXT('2D SPACE',''
  ) );
#10279 = ORIENTED_EDGE('',*,*,#10280,.T.);
#10280 = EDGE_CURVE('',#10258,#10281,#10283,.T.);
#10281 = VERTEX_POINT('',#10282);
#10282 = CARTESIAN_POINT('',(-16.,2.790896534381,8.8));
#10283 = SURFACE_CURVE('',#10284,(#10288,#10295),.PCURVE_S1.);
#10284 = LINE('',#10285,#10286);
#10285 = CARTESIAN_POINT('',(-13.15,1.14544826719,8.8));
#10286 = VECTOR('',#10287,1.);
#10287 = DIRECTION('',(-0.866025403784,0.5,0.));
#10288 = PCURVE('',#9802,#10289);
#10289 = DEFINITIONAL_REPRESENTATION('',(#10290),#10294);
#10290 = LINE('',#10291,#10292);
#10291 = CARTESIAN_POINT('',(0.,-4.4));
#10292 = VECTOR('',#10293,1.);
#10293 = DIRECTION('',(1.,0.));
#10294 = ( GEOMETRIC_REPRESENTATION_CONTEXT(2) 
PARAMETRIC_REPRESENTATION_CONTEXT() REPRESENTATION_CONTEXT('2D SPACE',''
  ) );
#10295 = PCURVE('',#10296,#10301);
#10296 = PLANE('',#10297);
#10297 = AXIS2_PLACEMENT_3D('',#10298,#10299,#10300);
#10298 = CARTESIAN_POINT('',(-16.,-0.5,8.8));
#10299 = DIRECTION('',(0.,0.,1.));
#10300 = DIRECTION('',(1.,0.,-0.));
#10301 = DEFINITIONAL_REPRESENTATION('',(#10302),#10306);
#10302 = LINE('',#10303,#10304);
#10303 = CARTESIAN_POINT('',(2.85,1.64544826719));
#10304 = VECTOR('',#10305,1.);
#10305 = DIRECTION('',(-0.866025403784,0.5));
#10306 = ( GEOMETRIC_REPRESENTATION_CONTEXT(2) 
PARAMETRIC_REPRESENTATION_CONTEXT() REPRESENTATION_CONTEXT('2D SPACE',''
  ) );
#10307 = ORIENTED_EDGE('',*,*,#10308,.F.);
#10308 = EDGE_CURVE('',#9787,#10281,#10309,.T.);
#10309 = SURFACE_CURVE('',#10310,(#10314,#10321),.PCURVE_S1.);
#10310 = LINE('',#10311,#10312);
#10311 = CARTESIAN_POINT('',(-16.,2.790896534381,4.4));
#10312 = VECTOR('',#10313,1.);
#10313 = DIRECTION('',(0.,0.,1.));
#10314 = PCURVE('',#9802,#10315);
#10315 = DEFINITIONAL_REPRESENTATION('',(#10316),#10320);
#10316 = LINE('',#10317,#10318);
#10317 = CARTESIAN_POINT('',(3.290896534381,0.));
#10318 = VECTOR('',#10319,1.);
#10319 = DIRECTION('',(0.,-1.));
#10320 = ( GEOMETRIC_REPRESENTATION_CONTEXT(2) 
PARAMETRIC_REPRESENTATION_CONTEXT() REPRESENTATION_CONTEXT('2D SPACE',''
  ) );
#10321 = PCURVE('',#9830,#10322);
#10322 = DEFINITIONAL_REPRESENTATION('',(#10323),#10327);
#10323 = LINE('',#10324,#10325);
#10324 = CARTESIAN_POINT('',(0.,0.));
#10325 = VECTOR('',#10326,1.);
#10326 = DIRECTION('',(0.,-1.));
#10327 = ( GEOMETRIC_REPRESENTATION_CONTEXT(2) 
PARAMETRIC_REPRESENTATION_CONTEXT() REPRESENTATION_CONTEXT('2D SPACE',''
  ) );
#10328 = ORIENTED_EDGE('',*,*,#9784,.F.);
#10329 = ADVANCED_FACE('',(#10330),#9940,.T.);
#10330 = FACE_BOUND('',#10331,.T.);
#10331 = EDGE_LOOP('',(#10332,#10355,#10376,#10377));
#10332 = ORIENTED_EDGE('',*,*,#10333,.T.);
#10333 = EDGE_CURVE('',#9899,#10334,#10336,.T.);
#10334 = VERTEX_POINT('',#10335);
#10335 = CARTESIAN_POINT('',(-13.15,-2.14544826719,8.8));
#10336 = SURFACE_CURVE('',#10337,(#10341,#10348),.PCURVE_S1.);
#10337 = LINE('',#10338,#10339);
#10338 = CARTESIAN_POINT('',(-13.15,-2.14544826719,4.4));
#10339 = VECTOR('',#10340,1.);
#10340 = DIRECTION('',(0.,0.,1.));
#10341 = PCURVE('',#9940,#10342);
#10342 = DEFINITIONAL_REPRESENTATION('',(#10343),#10347);
#10343 = LINE('',#10344,#10345);
#10344 = CARTESIAN_POINT('',(0.,0.));
#10345 = VECTOR('',#10346,1.);
#10346 = DIRECTION('',(0.,-1.));
#10347 = ( GEOMETRIC_REPRESENTATION_CONTEXT(2) 
PARAMETRIC_REPRESENTATION_CONTEXT() REPRESENTATION_CONTEXT('2D SPACE',''
  ) );
#10348 = PCURVE('',#9914,#10349);
#10349 = DEFINITIONAL_REPRESENTATION('',(#10350),#10354);
#10350 = LINE('',#10351,#10352);
#10351 = CARTESIAN_POINT('',(3.290896534381,0.));
#10352 = VECTOR('',#10353,1.);
#10353 = DIRECTION('',(0.,-1.));
#10354 = ( GEOMETRIC_REPRESENTATION_CONTEXT(2) 
PARAMETRIC_REPRESENTATION_CONTEXT() REPRESENTATION_CONTEXT('2D SPACE',''
  ) );
#10355 = ORIENTED_EDGE('',*,*,#10356,.T.);
#10356 = EDGE_CURVE('',#10334,#10258,#10357,.T.);
#10357 = SURFACE_CURVE('',#10358,(#10362,#10369),.PCURVE_S1.);
#10358 = LINE('',#10359,#10360);
#10359 = CARTESIAN_POINT('',(-13.15,-2.14544826719,8.8));
#10360 = VECTOR('',#10361,1.);
#10361 = DIRECTION('',(4.04834249765E-16,1.,0.));
#10362 = PCURVE('',#9940,#10363);
#10363 = DEFINITIONAL_REPRESENTATION('',(#10364),#10368);
#10364 = LINE('',#10365,#10366);
#10365 = CARTESIAN_POINT('',(0.,-4.4));
#10366 = VECTOR('',#10367,1.);
#10367 = DIRECTION('',(1.,0.));
#10368 = ( GEOMETRIC_REPRESENTATION_CONTEXT(2) 
PARAMETRIC_REPRESENTATION_CONTEXT() REPRESENTATION_CONTEXT('2D SPACE',''
  ) );
#10369 = PCURVE('',#10296,#10370);
#10370 = DEFINITIONAL_REPRESENTATION('',(#10371),#10375);
#10371 = LINE('',#10372,#10373);
#10372 = CARTESIAN_POINT('',(2.85,-1.64544826719));
#10373 = VECTOR('',#10374,1.);
#10374 = DIRECTION('',(4.04834249765E-16,1.));
#10375 = ( GEOMETRIC_REPRESENTATION_CONTEXT(2) 
PARAMETRIC_REPRESENTATION_CONTEXT() REPRESENTATION_CONTEXT('2D SPACE',''
  ) );
#10376 = ORIENTED_EDGE('',*,*,#10257,.F.);
#10377 = ORIENTED_EDGE('',*,*,#9926,.F.);
#10378 = ADVANCED_FACE('',(#10379),#9830,.T.);
#10379 = FACE_BOUND('',#10380,.T.);
#10380 = EDGE_LOOP('',(#10381,#10382,#10405,#10426));
#10381 = ORIENTED_EDGE('',*,*,#10308,.T.);
#10382 = ORIENTED_EDGE('',*,*,#10383,.T.);
#10383 = EDGE_CURVE('',#10281,#10384,#10386,.T.);
#10384 = VERTEX_POINT('',#10385);
#10385 = CARTESIAN_POINT('',(-18.85,1.14544826719,8.8));
#10386 = SURFACE_CURVE('',#10387,(#10391,#10398),.PCURVE_S1.);
#10387 = LINE('',#10388,#10389);
#10388 = CARTESIAN_POINT('',(-16.,2.790896534381,8.8));
#10389 = VECTOR('',#10390,1.);
#10390 = DIRECTION('',(-0.866025403784,-0.5,0.));
#10391 = PCURVE('',#9830,#10392);
#10392 = DEFINITIONAL_REPRESENTATION('',(#10393),#10397);
#10393 = LINE('',#10394,#10395);
#10394 = CARTESIAN_POINT('',(0.,-4.4));
#10395 = VECTOR('',#10396,1.);
#10396 = DIRECTION('',(1.,0.));
#10397 = ( GEOMETRIC_REPRESENTATION_CONTEXT(2) 
PARAMETRIC_REPRESENTATION_CONTEXT() REPRESENTATION_CONTEXT('2D SPACE',''
  ) );
#10398 = PCURVE('',#10296,#10399);
#10399 = DEFINITIONAL_REPRESENTATION('',(#10400),#10404);
#10400 = LINE('',#10401,#10402);
#10401 = CARTESIAN_POINT('',(0.,3.290896534381));
#10402 = VECTOR('',#10403,1.);
#10403 = DIRECTION('',(-0.866025403784,-0.5));
#10404 = ( GEOMETRIC_REPRESENTATION_CONTEXT(2) 
PARAMETRIC_REPRESENTATION_CONTEXT() REPRESENTATION_CONTEXT('2D SPACE',''
  ) );
#10405 = ORIENTED_EDGE('',*,*,#10406,.F.);
#10406 = EDGE_CURVE('',#9815,#10384,#10407,.T.);
#10407 = SURFACE_CURVE('',#10408,(#10412,#10419),.PCURVE_S1.);
#10408 = LINE('',#10409,#10410);
#10409 = CARTESIAN_POINT('',(-18.85,1.14544826719,4.4));
#10410 = VECTOR('',#10411,1.);
#10411 = DIRECTION('',(0.,0.,1.));
#10412 = PCURVE('',#9830,#10413);
#10413 = DEFINITIONAL_REPRESENTATION('',(#10414),#10418);
#10414 = LINE('',#10415,#10416);
#10415 = CARTESIAN_POINT('',(3.290896534381,0.));
#10416 = VECTOR('',#10417,1.);
#10417 = DIRECTION('',(0.,-1.));
#10418 = ( GEOMETRIC_REPRESENTATION_CONTEXT(2) 
PARAMETRIC_REPRESENTATION_CONTEXT() REPRESENTATION_CONTEXT('2D SPACE',''
  ) );
#10419 = PCURVE('',#9858,#10420);
#10420 = DEFINITIONAL_REPRESENTATION('',(#10421),#10425);
#10421 = LINE('',#10422,#10423);
#10422 = CARTESIAN_POINT('',(0.,0.));
#10423 = VECTOR('',#10424,1.);
#10424 = DIRECTION('',(0.,-1.));
#10425 = ( GEOMETRIC_REPRESENTATION_CONTEXT(2) 
PARAMETRIC_REPRESENTATION_CONTEXT() REPRESENTATION_CONTEXT('2D SPACE',''
  ) );
#10426 = ORIENTED_EDGE('',*,*,#9814,.F.);
#10427 = ADVANCED_FACE('',(#10428),#9914,.T.);
#10428 = FACE_BOUND('',#10429,.T.);
#10429 = EDGE_LOOP('',(#10430,#10453,#10474,#10475));
#10430 = ORIENTED_EDGE('',*,*,#10431,.T.);
#10431 = EDGE_CURVE('',#9871,#10432,#10434,.T.);
#10432 = VERTEX_POINT('',#10433);
#10433 = CARTESIAN_POINT('',(-16.,-3.790896534381,8.8));
#10434 = SURFACE_CURVE('',#10435,(#10439,#10446),.PCURVE_S1.);
#10435 = LINE('',#10436,#10437);
#10436 = CARTESIAN_POINT('',(-16.,-3.790896534381,4.4));
#10437 = VECTOR('',#10438,1.);
#10438 = DIRECTION('',(0.,0.,1.));
#10439 = PCURVE('',#9914,#10440);
#10440 = DEFINITIONAL_REPRESENTATION('',(#10441),#10445);
#10441 = LINE('',#10442,#10443);
#10442 = CARTESIAN_POINT('',(0.,0.));
#10443 = VECTOR('',#10444,1.);
#10444 = DIRECTION('',(0.,-1.));
#10445 = ( GEOMETRIC_REPRESENTATION_CONTEXT(2) 
PARAMETRIC_REPRESENTATION_CONTEXT() REPRESENTATION_CONTEXT('2D SPACE',''
  ) );
#10446 = PCURVE('',#9886,#10447);
#10447 = DEFINITIONAL_REPRESENTATION('',(#10448),#10452);
#10448 = LINE('',#10449,#10450);
#10449 = CARTESIAN_POINT('',(3.290896534381,0.));
#10450 = VECTOR('',#10451,1.);
#10451 = DIRECTION('',(0.,-1.));
#10452 = ( GEOMETRIC_REPRESENTATION_CONTEXT(2) 
PARAMETRIC_REPRESENTATION_CONTEXT() REPRESENTATION_CONTEXT('2D SPACE',''
  ) );
#10453 = ORIENTED_EDGE('',*,*,#10454,.T.);
#10454 = EDGE_CURVE('',#10432,#10334,#10455,.T.);
#10455 = SURFACE_CURVE('',#10456,(#10460,#10467),.PCURVE_S1.);
#10456 = LINE('',#10457,#10458);
#10457 = CARTESIAN_POINT('',(-16.,-3.790896534381,8.8));
#10458 = VECTOR('',#10459,1.);
#10459 = DIRECTION('',(0.866025403784,0.5,0.));
#10460 = PCURVE('',#9914,#10461);
#10461 = DEFINITIONAL_REPRESENTATION('',(#10462),#10466);
#10462 = LINE('',#10463,#10464);
#10463 = CARTESIAN_POINT('',(0.,-4.4));
#10464 = VECTOR('',#10465,1.);
#10465 = DIRECTION('',(1.,0.));
#10466 = ( GEOMETRIC_REPRESENTATION_CONTEXT(2) 
PARAMETRIC_REPRESENTATION_CONTEXT() REPRESENTATION_CONTEXT('2D SPACE',''
  ) );
#10467 = PCURVE('',#10296,#10468);
#10468 = DEFINITIONAL_REPRESENTATION('',(#10469),#10473);
#10469 = LINE('',#10470,#10471);
#10470 = CARTESIAN_POINT('',(0.,-3.290896534381));
#10471 = VECTOR('',#10472,1.);
#10472 = DIRECTION('',(0.866025403784,0.5));
#10473 = ( GEOMETRIC_REPRESENTATION_CONTEXT(2) 
PARAMETRIC_REPRESENTATION_CONTEXT() REPRESENTATION_CONTEXT('2D SPACE',''
  ) );
#10474 = ORIENTED_EDGE('',*,*,#10333,.F.);
#10475 = ORIENTED_EDGE('',*,*,#9898,.F.);
#10476 = ADVANCED_FACE('',(#10477),#9858,.T.);
#10477 = FACE_BOUND('',#10478,.T.);
#10478 = EDGE_LOOP('',(#10479,#10480,#10503,#10524));
#10479 = ORIENTED_EDGE('',*,*,#10406,.T.);
#10480 = ORIENTED_EDGE('',*,*,#10481,.T.);
#10481 = EDGE_CURVE('',#10384,#10482,#10484,.T.);
#10482 = VERTEX_POINT('',#10483);
#10483 = CARTESIAN_POINT('',(-18.85,-2.14544826719,8.8));
#10484 = SURFACE_CURVE('',#10485,(#10489,#10496),.PCURVE_S1.);
#10485 = LINE('',#10486,#10487);
#10486 = CARTESIAN_POINT('',(-18.85,1.14544826719,8.8));
#10487 = VECTOR('',#10488,1.);
#10488 = DIRECTION('',(1.349447499217E-16,-1.,0.));
#10489 = PCURVE('',#9858,#10490);
#10490 = DEFINITIONAL_REPRESENTATION('',(#10491),#10495);
#10491 = LINE('',#10492,#10493);
#10492 = CARTESIAN_POINT('',(0.,-4.4));
#10493 = VECTOR('',#10494,1.);
#10494 = DIRECTION('',(1.,0.));
#10495 = ( GEOMETRIC_REPRESENTATION_CONTEXT(2) 
PARAMETRIC_REPRESENTATION_CONTEXT() REPRESENTATION_CONTEXT('2D SPACE',''
  ) );
#10496 = PCURVE('',#10296,#10497);
#10497 = DEFINITIONAL_REPRESENTATION('',(#10498),#10502);
#10498 = LINE('',#10499,#10500);
#10499 = CARTESIAN_POINT('',(-2.85,1.64544826719));
#10500 = VECTOR('',#10501,1.);
#10501 = DIRECTION('',(1.349447499217E-16,-1.));
#10502 = ( GEOMETRIC_REPRESENTATION_CONTEXT(2) 
PARAMETRIC_REPRESENTATION_CONTEXT() REPRESENTATION_CONTEXT('2D SPACE',''
  ) );
#10503 = ORIENTED_EDGE('',*,*,#10504,.F.);
#10504 = EDGE_CURVE('',#9843,#10482,#10505,.T.);
#10505 = SURFACE_CURVE('',#10506,(#10510,#10517),.PCURVE_S1.);
#10506 = LINE('',#10507,#10508);
#10507 = CARTESIAN_POINT('',(-18.85,-2.14544826719,4.4));
#10508 = VECTOR('',#10509,1.);
#10509 = DIRECTION('',(0.,0.,1.));
#10510 = PCURVE('',#9858,#10511);
#10511 = DEFINITIONAL_REPRESENTATION('',(#10512),#10516);
#10512 = LINE('',#10513,#10514);
#10513 = CARTESIAN_POINT('',(3.290896534381,0.));
#10514 = VECTOR('',#10515,1.);
#10515 = DIRECTION('',(0.,-1.));
#10516 = ( GEOMETRIC_REPRESENTATION_CONTEXT(2) 
PARAMETRIC_REPRESENTATION_CONTEXT() REPRESENTATION_CONTEXT('2D SPACE',''
  ) );
#10517 = PCURVE('',#9886,#10518);
#10518 = DEFINITIONAL_REPRESENTATION('',(#10519),#10523);
#10519 = LINE('',#10520,#10521);
#10520 = CARTESIAN_POINT('',(0.,0.));
#10521 = VECTOR('',#10522,1.);
#10522 = DIRECTION('',(0.,-1.));
#10523 = ( GEOMETRIC_REPRESENTATION_CONTEXT(2) 
PARAMETRIC_REPRESENTATION_CONTEXT() REPRESENTATION_CONTEXT('2D SPACE',''
  ) );
#10524 = ORIENTED_EDGE('',*,*,#9842,.F.);
#10525 = ADVANCED_FACE('',(#10526),#9886,.T.);
#10526 = FACE_BOUND('',#10527,.T.);
#10527 = EDGE_LOOP('',(#10528,#10529,#10550,#10551));
#10528 = ORIENTED_EDGE('',*,*,#10504,.T.);
#10529 = ORIENTED_EDGE('',*,*,#10530,.T.);
#10530 = EDGE_CURVE('',#10482,#10432,#10531,.T.);
#10531 = SURFACE_CURVE('',#10532,(#10536,#10543),.PCURVE_S1.);
#10532 = LINE('',#10533,#10534);
#10533 = CARTESIAN_POINT('',(-18.85,-2.14544826719,8.8));
#10534 = VECTOR('',#10535,1.);
#10535 = DIRECTION('',(0.866025403784,-0.5,0.));
#10536 = PCURVE('',#9886,#10537);
#10537 = DEFINITIONAL_REPRESENTATION('',(#10538),#10542);
#10538 = LINE('',#10539,#10540);
#10539 = CARTESIAN_POINT('',(0.,-4.4));
#10540 = VECTOR('',#10541,1.);
#10541 = DIRECTION('',(1.,0.));
#10542 = ( GEOMETRIC_REPRESENTATION_CONTEXT(2) 
PARAMETRIC_REPRESENTATION_CONTEXT() REPRESENTATION_CONTEXT('2D SPACE',''
  ) );
#10543 = PCURVE('',#10296,#10544);
#10544 = DEFINITIONAL_REPRESENTATION('',(#10545),#10549);
#10545 = LINE('',#10546,#10547);
#10546 = CARTESIAN_POINT('',(-2.85,-1.64544826719));
#10547 = VECTOR('',#10548,1.);
#10548 = DIRECTION('',(0.866025403784,-0.5));
#10549 = ( GEOMETRIC_REPRESENTATION_CONTEXT(2) 
PARAMETRIC_REPRESENTATION_CONTEXT() REPRESENTATION_CONTEXT('2D SPACE',''
  ) );
#10550 = ORIENTED_EDGE('',*,*,#10431,.F.);
#10551 = ORIENTED_EDGE('',*,*,#9870,.F.);
#10552 = ADVANCED_FACE('',(#10553,#10561),#9997,.F.);
#10553 = FACE_BOUND('',#10554,.F.);
#10554 = EDGE_LOOP('',(#10555,#10556,#10557,#10558,#10559,#10560));
#10555 = ORIENTED_EDGE('',*,*,#9981,.T.);
#10556 = ORIENTED_EDGE('',*,*,#10084,.T.);
#10557 = ORIENTED_EDGE('',*,*,#10182,.T.);
#10558 = ORIENTED_EDGE('',*,*,#10231,.T.);
#10559 = ORIENTED_EDGE('',*,*,#10155,.T.);
#10560 = ORIENTED_EDGE('',*,*,#10057,.T.);
#10561 = FACE_BOUND('',#10562,.F.);
#10562 = EDGE_LOOP('',(#10563));
#10563 = ORIENTED_EDGE('',*,*,#10564,.T.);
#10564 = EDGE_CURVE('',#10565,#10565,#10567,.T.);
#10565 = VERTEX_POINT('',#10566);
#10566 = CARTESIAN_POINT('',(17.7,-0.5,8.8));
#10567 = SURFACE_CURVE('',#10568,(#10573,#10584),.PCURVE_S1.);
#10568 = CIRCLE('',#10569,1.7);
#10569 = AXIS2_PLACEMENT_3D('',#10570,#10571,#10572);
#10570 = CARTESIAN_POINT('',(16.,-0.5,8.8));
#10571 = DIRECTION('',(0.,0.,-1.));
#10572 = DIRECTION('',(1.,0.,0.));
#10573 = PCURVE('',#9997,#10574);
#10574 = DEFINITIONAL_REPRESENTATION('',(#10575),#10583);
#10575 = ( BOUNDED_CURVE() B_SPLINE_CURVE(2,(#10576,#10577,#10578,#10579
    ,#10580,#10581,#10582),.UNSPECIFIED.,.T.,.F.) 
B_SPLINE_CURVE_WITH_KNOTS((1,2,2,2,2,1),(-2.094395102393,0.,
    2.094395102393,4.188790204786,6.28318530718,8.377580409573),
.UNSPECIFIED.) CURVE() GEOMETRIC_REPRESENTATION_ITEM() 
RATIONAL_B_SPLINE_CURVE((1.,0.5,1.,0.5,1.,0.5,1.)) REPRESENTATION_ITEM(
  '') );
#10576 = CARTESIAN_POINT('',(1.7,2.22044604925E-16));
#10577 = CARTESIAN_POINT('',(1.7,-2.944486372867));
#10578 = CARTESIAN_POINT('',(-0.85,-1.472243186434));
#10579 = CARTESIAN_POINT('',(-3.4,-1.943353067851E-16));
#10580 = CARTESIAN_POINT('',(-0.85,1.472243186434));
#10581 = CARTESIAN_POINT('',(1.7,2.944486372867));
#10582 = CARTESIAN_POINT('',(1.7,2.22044604925E-16));
#10583 = ( GEOMETRIC_REPRESENTATION_CONTEXT(2) 
PARAMETRIC_REPRESENTATION_CONTEXT() REPRESENTATION_CONTEXT('2D SPACE',''
  ) );
#10584 = PCURVE('',#10585,#10590);
#10585 = CYLINDRICAL_SURFACE('',#10586,1.7);
#10586 = AXIS2_PLACEMENT_3D('',#10587,#10588,#10589);
#10587 = CARTESIAN_POINT('',(16.,-0.5,2.3));
#10588 = DIRECTION('',(-0.,-0.,-1.));
#10589 = DIRECTION('',(1.,0.,0.));
#10590 = DEFINITIONAL_REPRESENTATION('',(#10591),#10595);
#10591 = LINE('',#10592,#10593);
#10592 = CARTESIAN_POINT('',(-6.28318530718,-6.5));
#10593 = VECTOR('',#10594,1.);
#10594 = DIRECTION('',(1.,-0.));
#10595 = ( GEOMETRIC_REPRESENTATION_CONTEXT(2) 
PARAMETRIC_REPRESENTATION_CONTEXT() REPRESENTATION_CONTEXT('2D SPACE',''
  ) );
#10596 = ADVANCED_FACE('',(#10597,#10605),#10296,.F.);
#10597 = FACE_BOUND('',#10598,.F.);
#10598 = EDGE_LOOP('',(#10599,#10600,#10601,#10602,#10603,#10604));
#10599 = ORIENTED_EDGE('',*,*,#10280,.T.);
#10600 = ORIENTED_EDGE('',*,*,#10383,.T.);
#10601 = ORIENTED_EDGE('',*,*,#10481,.T.);
#10602 = ORIENTED_EDGE('',*,*,#10530,.T.);
#10603 = ORIENTED_EDGE('',*,*,#10454,.T.);
#10604 = ORIENTED_EDGE('',*,*,#10356,.T.);
#10605 = FACE_BOUND('',#10606,.F.);
#10606 = EDGE_LOOP('',(#10607));
#10607 = ORIENTED_EDGE('',*,*,#10608,.T.);
#10608 = EDGE_CURVE('',#10609,#10609,#10611,.T.);
#10609 = VERTEX_POINT('',#10610);
#10610 = CARTESIAN_POINT('',(-14.3,-0.5,8.8));
#10611 = SURFACE_CURVE('',#10612,(#10617,#10628),.PCURVE_S1.);
#10612 = CIRCLE('',#10613,1.7);
#10613 = AXIS2_PLACEMENT_3D('',#10614,#10615,#10616);
#10614 = CARTESIAN_POINT('',(-16.,-0.5,8.8));
#10615 = DIRECTION('',(0.,0.,-1.));
#10616 = DIRECTION('',(1.,0.,0.));
#10617 = PCURVE('',#10296,#10618);
#10618 = DEFINITIONAL_REPRESENTATION('',(#10619),#10627);
#10619 = ( BOUNDED_CURVE() B_SPLINE_CURVE(2,(#10620,#10621,#10622,#10623
    ,#10624,#10625,#10626),.UNSPECIFIED.,.T.,.F.) 
B_SPLINE_CURVE_WITH_KNOTS((1,2,2,2,2,1),(-2.094395102393,0.,
    2.094395102393,4.188790204786,6.28318530718,8.377580409573),
.UNSPECIFIED.) CURVE() GEOMETRIC_REPRESENTATION_ITEM() 
RATIONAL_B_SPLINE_CURVE((1.,0.5,1.,0.5,1.,0.5,1.)) REPRESENTATION_ITEM(
  '') );
#10620 = CARTESIAN_POINT('',(1.7,2.22044604925E-16));
#10621 = CARTESIAN_POINT('',(1.7,-2.944486372867));
#10622 = CARTESIAN_POINT('',(-0.85,-1.472243186434));
#10623 = CARTESIAN_POINT('',(-3.4,-1.943353067851E-16));
#10624 = CARTESIAN_POINT('',(-0.85,1.472243186434));
#10625 = CARTESIAN_POINT('',(1.7,2.944486372867));
#10626 = CARTESIAN_POINT('',(1.7,2.22044604925E-16));
#10627 = ( GEOMETRIC_REPRESENTATION_CONTEXT(2) 
PARAMETRIC_REPRESENTATION_CONTEXT() REPRESENTATION_CONTEXT('2D SPACE',''
  ) );
#10628 = PCURVE('',#10629,#10634);
#10629 = CYLINDRICAL_SURFACE('',#10630,1.7);
#10630 = AXIS2_PLACEMENT_3D('',#10631,#10632,#10633);
#10631 = CARTESIAN_POINT('',(-16.,-0.5,2.3));
#10632 = DIRECTION('',(-0.,-0.,-1.));
#10633 = DIRECTION('',(1.,0.,0.));
#10634 = DEFINITIONAL_REPRESENTATION('',(#10635),#10639);
#10635 = LINE('',#10636,#10637);
#10636 = CARTESIAN_POINT('',(-6.28318530718,-6.5));
#10637 = VECTOR('',#10638,1.);
#10638 = DIRECTION('',(1.,-0.));
#10639 = ( GEOMETRIC_REPRESENTATION_CONTEXT(2) 
PARAMETRIC_REPRESENTATION_CONTEXT() REPRESENTATION_CONTEXT('2D SPACE',''
  ) );
#10640 = ADVANCED_FACE('',(#10641),#10585,.F.);
#10641 = FACE_BOUND('',#10642,.T.);
#10642 = EDGE_LOOP('',(#10643,#10644,#10667,#10694));
#10643 = ORIENTED_EDGE('',*,*,#10564,.T.);
#10644 = ORIENTED_EDGE('',*,*,#10645,.T.);
#10645 = EDGE_CURVE('',#10565,#10646,#10648,.T.);
#10646 = VERTEX_POINT('',#10647);
#10647 = CARTESIAN_POINT('',(17.7,-0.5,10.8));
#10648 = SEAM_CURVE('',#10649,(#10653,#10660),.PCURVE_S1.);
#10649 = LINE('',#10650,#10651);
#10650 = CARTESIAN_POINT('',(17.7,-0.5,2.3));
#10651 = VECTOR('',#10652,1.);
#10652 = DIRECTION('',(0.,0.,1.));
#10653 = PCURVE('',#10585,#10654);
#10654 = DEFINITIONAL_REPRESENTATION('',(#10655),#10659);
#10655 = LINE('',#10656,#10657);
#10656 = CARTESIAN_POINT('',(-6.28318530718,0.));
#10657 = VECTOR('',#10658,1.);
#10658 = DIRECTION('',(-0.,-1.));
#10659 = ( GEOMETRIC_REPRESENTATION_CONTEXT(2) 
PARAMETRIC_REPRESENTATION_CONTEXT() REPRESENTATION_CONTEXT('2D SPACE',''
  ) );
#10660 = PCURVE('',#10585,#10661);
#10661 = DEFINITIONAL_REPRESENTATION('',(#10662),#10666);
#10662 = LINE('',#10663,#10664);
#10663 = CARTESIAN_POINT('',(-0.,0.));
#10664 = VECTOR('',#10665,1.);
#10665 = DIRECTION('',(-0.,-1.));
#10666 = ( GEOMETRIC_REPRESENTATION_CONTEXT(2) 
PARAMETRIC_REPRESENTATION_CONTEXT() REPRESENTATION_CONTEXT('2D SPACE',''
  ) );
#10667 = ORIENTED_EDGE('',*,*,#10668,.T.);
#10668 = EDGE_CURVE('',#10646,#10646,#10669,.T.);
#10669 = SURFACE_CURVE('',#10670,(#10675,#10682),.PCURVE_S1.);
#10670 = CIRCLE('',#10671,1.7);
#10671 = AXIS2_PLACEMENT_3D('',#10672,#10673,#10674);
#10672 = CARTESIAN_POINT('',(16.,-0.5,10.8));
#10673 = DIRECTION('',(0.,0.,1.));
#10674 = DIRECTION('',(1.,0.,0.));
#10675 = PCURVE('',#10585,#10676);
#10676 = DEFINITIONAL_REPRESENTATION('',(#10677),#10681);
#10677 = LINE('',#10678,#10679);
#10678 = CARTESIAN_POINT('',(-0.,-8.5));
#10679 = VECTOR('',#10680,1.);
#10680 = DIRECTION('',(-1.,0.));
#10681 = ( GEOMETRIC_REPRESENTATION_CONTEXT(2) 
PARAMETRIC_REPRESENTATION_CONTEXT() REPRESENTATION_CONTEXT('2D SPACE',''
  ) );
#10682 = PCURVE('',#10683,#10688);
#10683 = PLANE('',#10684);
#10684 = AXIS2_PLACEMENT_3D('',#10685,#10686,#10687);
#10685 = CARTESIAN_POINT('',(16.,-0.5,10.8));
#10686 = DIRECTION('',(0.,0.,1.));
#10687 = DIRECTION('',(1.,0.,-0.));
#10688 = DEFINITIONAL_REPRESENTATION('',(#10689),#10693);
#10689 = CIRCLE('',#10690,1.7);
#10690 = AXIS2_PLACEMENT_2D('',#10691,#10692);
#10691 = CARTESIAN_POINT('',(0.,-1.110223024625E-16));
#10692 = DIRECTION('',(1.,0.));
#10693 = ( GEOMETRIC_REPRESENTATION_CONTEXT(2) 
PARAMETRIC_REPRESENTATION_CONTEXT() REPRESENTATION_CONTEXT('2D SPACE',''
  ) );
#10694 = ORIENTED_EDGE('',*,*,#10645,.F.);
#10695 = ADVANCED_FACE('',(#10696),#10629,.F.);
#10696 = FACE_BOUND('',#10697,.T.);
#10697 = EDGE_LOOP('',(#10698,#10699,#10722,#10749));
#10698 = ORIENTED_EDGE('',*,*,#10608,.T.);
#10699 = ORIENTED_EDGE('',*,*,#10700,.T.);
#10700 = EDGE_CURVE('',#10609,#10701,#10703,.T.);
#10701 = VERTEX_POINT('',#10702);
#10702 = CARTESIAN_POINT('',(-14.3,-0.5,10.8));
#10703 = SEAM_CURVE('',#10704,(#10708,#10715),.PCURVE_S1.);
#10704 = LINE('',#10705,#10706);
#10705 = CARTESIAN_POINT('',(-14.3,-0.5,2.3));
#10706 = VECTOR('',#10707,1.);
#10707 = DIRECTION('',(0.,0.,1.));
#10708 = PCURVE('',#10629,#10709);
#10709 = DEFINITIONAL_REPRESENTATION('',(#10710),#10714);
#10710 = LINE('',#10711,#10712);
#10711 = CARTESIAN_POINT('',(-6.28318530718,0.));
#10712 = VECTOR('',#10713,1.);
#10713 = DIRECTION('',(-0.,-1.));
#10714 = ( GEOMETRIC_REPRESENTATION_CONTEXT(2) 
PARAMETRIC_REPRESENTATION_CONTEXT() REPRESENTATION_CONTEXT('2D SPACE',''
  ) );
#10715 = PCURVE('',#10629,#10716);
#10716 = DEFINITIONAL_REPRESENTATION('',(#10717),#10721);
#10717 = LINE('',#10718,#10719);
#10718 = CARTESIAN_POINT('',(-0.,0.));
#10719 = VECTOR('',#10720,1.);
#10720 = DIRECTION('',(-0.,-1.));
#10721 = ( GEOMETRIC_REPRESENTATION_CONTEXT(2) 
PARAMETRIC_REPRESENTATION_CONTEXT() REPRESENTATION_CONTEXT('2D SPACE',''
  ) );
#10722 = ORIENTED_EDGE('',*,*,#10723,.T.);
#10723 = EDGE_CURVE('',#10701,#10701,#10724,.T.);
#10724 = SURFACE_CURVE('',#10725,(#10730,#10737),.PCURVE_S1.);
#10725 = CIRCLE('',#10726,1.7);
#10726 = AXIS2_PLACEMENT_3D('',#10727,#10728,#10729);
#10727 = CARTESIAN_POINT('',(-16.,-0.5,10.8));
#10728 = DIRECTION('',(0.,0.,1.));
#10729 = DIRECTION('',(1.,0.,0.));
#10730 = PCURVE('',#10629,#10731);
#10731 = DEFINITIONAL_REPRESENTATION('',(#10732),#10736);
#10732 = LINE('',#10733,#10734);
#10733 = CARTESIAN_POINT('',(-0.,-8.5));
#10734 = VECTOR('',#10735,1.);
#10735 = DIRECTION('',(-1.,0.));
#10736 = ( GEOMETRIC_REPRESENTATION_CONTEXT(2) 
PARAMETRIC_REPRESENTATION_CONTEXT() REPRESENTATION_CONTEXT('2D SPACE',''
  ) );
#10737 = PCURVE('',#10738,#10743);
#10738 = PLANE('',#10739);
#10739 = AXIS2_PLACEMENT_3D('',#10740,#10741,#10742);
#10740 = CARTESIAN_POINT('',(-16.,-0.5,10.8));
#10741 = DIRECTION('',(0.,0.,1.));
#10742 = DIRECTION('',(1.,0.,-0.));
#10743 = DEFINITIONAL_REPRESENTATION('',(#10744),#10748);
#10744 = CIRCLE('',#10745,1.7);
#10745 = AXIS2_PLACEMENT_2D('',#10746,#10747);
#10746 = CARTESIAN_POINT('',(0.,-1.110223024625E-16));
#10747 = DIRECTION('',(1.,0.));
#10748 = ( GEOMETRIC_REPRESENTATION_CONTEXT(2) 
PARAMETRIC_REPRESENTATION_CONTEXT() REPRESENTATION_CONTEXT('2D SPACE',''
  ) );
#10749 = ORIENTED_EDGE('',*,*,#10700,.F.);
#10750 = ADVANCED_FACE('',(#10751),#10683,.F.);
#10751 = FACE_BOUND('',#10752,.F.);
#10752 = EDGE_LOOP('',(#10753));
#10753 = ORIENTED_EDGE('',*,*,#10668,.T.);
#10754 = ADVANCED_FACE('',(#10755),#10738,.F.);
#10755 = FACE_BOUND('',#10756,.F.);
#10756 = EDGE_LOOP('',(#10757));
#10757 = ORIENTED_EDGE('',*,*,#10723,.T.);
#10758 = ( GEOMETRIC_REPRESENTATION_CONTEXT(3) 
GLOBAL_UNCERTAINTY_ASSIGNED_CONTEXT((#10762)) 
GLOBAL_UNIT_ASSIGNED_CONTEXT((#10759,#10760,#10761)) 
REPRESENTATION_CONTEXT('Context #1',
  '3D Context with UNIT and UNCERTAINTY') );
#10759 = ( LENGTH_UNIT() NAMED_UNIT(*) SI_UNIT(.MILLI.,.METRE.) );
#10760 = ( NAMED_UNIT(*) PLANE_ANGLE_UNIT() SI_UNIT($,.RADIAN.) );
#10761 = ( NAMED_UNIT(*) SI_UNIT($,.STERADIAN.) SOLID_ANGLE_UNIT() );
#10762 = UNCERTAINTY_MEASURE_WITH_UNIT(LENGTH_MEASURE(2.E-06),#10759,
  'distance_accuracy_value','confusion accuracy');
#10763 = PRODUCT_RELATED_PRODUCT_CATEGORY('part',$,(#7));
ENDSEC;
END-ISO-10303-21;
